{"type":"FeatureCollection","features":[{"type":"Feature","id":"Andaman and Nicobar","properties":{"name":"Andaman and Nicobar","type":"Union Territor","code":""},"geometry":{"type":"MultiPolygon","coordinates":[[[[93.7877,6.8526],[93.7909,6.851],[93.7853,6.8481],[93.7877,6.8526]]],[[[93.7196,7.2075],[93.7122,7.2081],[93.7064,7.2264],[93.7091,7.2313],[93.7215,7.2131],[93.7196,7.2075]]],[[[93.8481,7.2403],[93.8481,7.2331],[93.8425,7.2286],[93.8461,7.2181],[93.8525,7.2136],[93.8684,7.2174],[93.8769,7.2039],[93.8828,7.2036],[93.88,7.1728],[93.8879,7.1511],[93.8843,7.1298],[93.8914,7.1211],[93.8856,7.105],[93.8878,7.0864],[93.8931,7.0788],[93.9022,7.0769],[93.9058,7.0619],[93.9167,7.0484],[93.9122,7.0403],[93.9161,7.0253],[93.9287,7.0272],[93.9365,7.0133],[93.9455,7.0094],[93.9478,6.9989],[93.9429,6.9927],[93.9273,7.0113],[93.9139,7],[93.9152,6.9938],[93.928,6.9864],[93.9283,6.9742],[93.935,6.9635],[93.9455,6.9558],[93.9393,6.9501],[93.9278,6.955],[93.9182,6.9471],[93.9172,6.9325],[93.9092,6.9275],[93.9165,6.9129],[93.9106,6.9056],[93.9022,6.9072],[93.8972,6.9022],[93.9018,6.8747],[93.8933,6.8664],[93.8936,6.8469],[93.9104,6.8348],[93.9016,6.8202],[93.9021,6.813],[93.8819,6.7928],[93.8683,6.815],[93.8509,6.8161],[93.8461,6.8006],[93.8473,6.7798],[93.8388,6.7698],[93.8349,6.7556],[93.8269,6.7543],[93.8049,6.7645],[93.8054,6.7724],[93.8131,6.7792],[93.8077,6.7839],[93.8119,6.7931],[93.8083,6.8064],[93.8133,6.8078],[93.8156,6.8161],[93.8105,6.8181],[93.8036,6.8122],[93.7866,6.831],[93.7874,6.8413],[93.7944,6.8503],[93.7889,6.8567],[93.7793,6.8573],[93.7716,6.8767],[93.7792,6.8806],[93.7808,6.8903],[93.7679,6.8954],[93.7644,6.9164],[93.7522,6.9074],[93.7419,6.925],[93.7427,6.929],[93.7513,6.9297],[93.7522,6.9369],[93.7453,6.9619],[93.7353,6.96],[93.7312,6.9696],[93.7336,6.9772],[93.723,6.9919],[93.7037,6.9916],[93.7064,7],[93.6939,7.0151],[93.6819,7.0178],[93.6769,7.0158],[93.673,7.0035],[93.663,7.0066],[93.6742,7.0239],[93.6692,7.0286],[93.6731,7.0363],[93.6647,7.0441],[93.6686,7.0661],[93.6622,7.0694],[93.67,7.0831],[93.6606,7.0858],[93.6572,7.099],[93.6747,7.1125],[93.6675,7.1175],[93.6583,7.1119],[93.6556,7.1253],[93.6656,7.1319],[93.6675,7.1392],[93.6758,7.1399],[93.6785,7.1528],[93.6731,7.1758],[93.6861,7.19],[93.7133,7.1922],[93.7256,7.1858],[93.7336,7.1872],[93.7465,7.2006],[93.7538,7.2023],[93.7517,7.207],[93.7606,7.2144],[93.7733,7.2069],[93.7771,7.2119],[93.7926,7.2131],[93.8025,7.2014],[93.8025,7.2111],[93.8119,7.2136],[93.806,7.2191],[93.8104,7.2198],[93.809,7.2284],[93.8053,7.2276],[93.8069,7.2336],[93.8314,7.2361],[93.8472,7.2442],[93.8481,7.2403]]],[[[93.8487,7.2899],[93.8447,7.2858],[93.8487,7.2899]]],[[[93.6637,7.384],[93.6637,7.384]]],[[[93.7686,7.4022],[93.7725,7.3983],[93.77,7.3936],[93.7622,7.3981],[93.7686,7.4022]]],[[[93.6894,7.4097],[93.695,7.3994],[93.6908,7.3967],[93.6831,7.4053],[93.6894,7.4097]]],[[[93.7131,7.4436],[93.7222,7.4211],[93.7214,7.4022],[93.7565,7.3744],[93.7557,7.3598],[93.7486,7.3567],[93.7381,7.3403],[93.725,7.31],[93.7072,7.3042],[93.6983,7.2936],[93.6794,7.2847],[93.6689,7.2578],[93.6483,7.2425],[93.6292,7.2647],[93.6344,7.2864],[93.6292,7.3028],[93.6211,7.3083],[93.6361,7.3214],[93.6325,7.3706],[93.6397,7.3739],[93.6494,7.3686],[93.6633,7.3811],[93.6744,7.3733],[93.6842,7.3875],[93.6989,7.3939],[93.7139,7.3928],[93.7033,7.4014],[93.7094,7.4236],[93.7047,7.4431],[93.7131,7.4436]]],[[[93.6478,7.4767],[93.6514,7.47],[93.6442,7.4708],[93.6478,7.4767]]],[[[93.6345,7.4778],[93.6303,7.4797],[93.6345,7.4778]]],[[[93.5436,7.525],[93.5503,7.517],[93.5425,7.51],[93.5397,7.52],[93.5436,7.525]]],[[[93.3416,7.9065],[93.3416,7.9065]]],[[[93.3396,7.9112],[93.3396,7.9112]]],[[[93.38,8.0247],[93.3981,8.0175],[93.4097,8.0071],[93.4036,7.9981],[93.4022,7.9764],[93.4122,7.9619],[93.4208,7.9592],[93.43,7.9678],[93.4358,7.9564],[93.4656,7.9289],[93.4658,7.915],[93.4747,7.8925],[93.4617,7.8722],[93.4531,7.8756],[93.4414,7.8989],[93.4225,7.9072],[93.3975,7.9019],[93.38,7.8822],[93.3564,7.8889],[93.3444,7.9017],[93.3469,7.91],[93.3426,7.9188],[93.3517,7.9317],[93.3461,7.9272],[93.345,7.9308],[93.3581,7.9417],[93.3494,7.945],[93.3431,7.9394],[93.3486,7.94],[93.3431,7.9317],[93.3339,7.9358],[93.3308,7.9233],[93.3172,7.9336],[93.3192,7.94],[93.3106,7.9619],[93.3239,7.9758],[93.3222,7.9914],[93.3267,8.0025],[93.3469,8.0164],[93.3517,8.0083],[93.3594,8.0094],[93.3714,8.0222],[93.38,8.0247]]],[[[93.5473,8.0281],[93.5647,8.0236],[93.5828,7.9917],[93.5814,7.9383],[93.5775,7.9283],[93.5072,7.9847],[93.5072,7.9967],[93.5133,7.9989],[93.5183,7.9931],[93.5311,8.0064],[93.5282,8.0187],[93.5325,8.025],[93.5425,8.015],[93.5508,7.9962],[93.5522,8.0078],[93.5433,8.025],[93.5473,8.0281]]],[[[93.5786,8.1253],[93.5887,8.1094],[93.5908,8.0686],[93.6014,8.05],[93.6011,8.0442],[93.5928,8.0378],[93.5717,8.0664],[93.5742,8.0728],[93.5815,8.0735],[93.5815,8.0807],[93.5692,8.0953],[93.5751,8.1098],[93.5706,8.1061],[93.5614,8.1181],[93.5786,8.1253]]],[[[93.5265,8.2313],[93.5442,8.225],[93.5453,8.1978],[93.5253,8.1714],[93.5341,8.1837],[93.5108,8.1683],[93.5118,8.1575],[93.5031,8.1482],[93.5242,8.1225],[93.5319,8.0992],[93.5483,8.0883],[93.5531,8.0664],[93.5453,8.0489],[93.5503,8.0361],[93.5417,8.0375],[93.5306,8.0489],[93.5253,8.0319],[93.5203,8.0372],[93.5084,8.0338],[93.5061,8.0239],[93.5119,8.0167],[93.5069,8.0147],[93.5067,8.0017],[93.5008,7.9972],[93.4919,8],[93.4856,8.0167],[93.4853,8.0444],[93.4903,8.0467],[93.4997,8.0394],[93.5039,8.0478],[93.5056,8.0407],[93.5089,8.0511],[93.5033,8.0556],[93.5089,8.0578],[93.5111,8.0683],[93.5139,8.05],[93.5181,8.0469],[93.5256,8.0533],[93.5239,8.0633],[93.53,8.0678],[93.525,8.0669],[93.5236,8.0736],[93.5299,8.0787],[93.5144,8.0839],[93.5123,8.0736],[93.4919,8.0622],[93.4926,8.0512],[93.485,8.0519],[93.4806,8.0861],[93.4894,8.0916],[93.4814,8.0964],[93.4771,8.0915],[93.4639,8.1147],[93.4683,8.1183],[93.4594,8.1222],[93.4583,8.1344],[93.4647,8.1397],[93.4558,8.145],[93.4539,8.1736],[93.476,8.1843],[93.4906,8.1989],[93.4947,8.2228],[93.5213,8.2332],[93.5265,8.2313]]],[[[93.2353,8.2656],[93.2517,8.2334],[93.2503,8.2253],[93.2394,8.2208],[93.2201,8.2451],[93.2217,8.2569],[93.2353,8.2656]]],[[[93.1263,8.3559],[93.1319,8.3483],[93.1434,8.3465],[93.1411,8.3294],[93.1311,8.3098],[93.1339,8.3017],[93.1264,8.2764],[93.1543,8.243],[93.1943,8.225],[93.2047,8.2156],[93.1994,8.1939],[93.1881,8.1925],[93.1751,8.2005],[93.1611,8.2008],[93.1527,8.2092],[93.1233,8.2208],[93.1051,8.2401],[93.1005,8.2536],[93.0872,8.2694],[93.0833,8.2956],[93.0947,8.3258],[93.0947,8.3392],[93.1058,8.3503],[93.1128,8.3472],[93.1263,8.3559]]],[[[93.6525,8.3944],[93.6572,8.3908],[93.6533,8.3878],[93.6437,8.3934],[93.6525,8.3944]]],[[[93.6349,8.3946],[93.6332,8.398],[93.6349,8.3946]]],[[[93.0439,8.4733],[93.0567,8.4606],[93.0564,8.4481],[93.0608,8.4431],[93.0575,8.4392],[93.0425,8.4408],[93.0353,8.4486],[93.0358,8.46],[93.0439,8.4733]]],[[[93.6119,8.4845],[93.6119,8.4845]]],[[[93.616,8.5736],[93.6203,8.5649],[93.6219,8.5317],[93.6361,8.5222],[93.6333,8.5176],[93.6373,8.5105],[93.6319,8.5053],[93.6424,8.4685],[93.6413,8.4646],[93.6339,8.4706],[93.6267,8.4672],[93.6228,8.4489],[93.6278,8.4369],[93.6229,8.4216],[93.6164,8.4349],[93.6203,8.4373],[93.6169,8.4433],[93.6204,8.4525],[93.6155,8.4561],[93.6228,8.4611],[93.6184,8.4804],[93.6283,8.4886],[93.622,8.5254],[93.6101,8.5443],[93.6105,8.5607],[93.6144,8.5645],[93.6111,8.5717],[93.6131,8.5761],[93.616,8.5736]]],[[[93.6094,8.5817],[93.6083,8.5781],[93.6094,8.5817]]],[[[92.8592,8.8201],[92.8519,8.8222],[92.8586,8.8374],[92.8633,8.8299],[92.8592,8.8201]]],[[[92.7933,9.1189],[92.7986,9.1183],[92.7933,9.1189]]],[[[92.8042,9.1208],[92.7997,9.1186],[92.8042,9.1208]]],[[[92.8142,9.1269],[92.8117,9.1244],[92.8142,9.1269]]],[[[92.7878,9.2442],[92.8167,9.2167],[92.8243,9.1958],[92.8544,9.2092],[92.8569,9.202],[92.8255,9.1921],[92.8317,9.1665],[92.8306,9.1387],[92.8168,9.1355],[92.8114,9.1236],[92.7823,9.1202],[92.7894,9.1169],[92.7689,9.1276],[92.7636,9.1236],[92.7317,9.1244],[92.7183,9.1528],[92.7208,9.2136],[92.7281,9.2197],[92.7469,9.2119],[92.7667,9.2153],[92.7761,9.2344],[92.7737,9.2406],[92.7769,9.2392],[92.7789,9.2444],[92.7739,9.2561],[92.7782,9.2564],[92.7878,9.2442]]],[[[92.5158,10.8976],[92.53,10.8869],[92.5303,10.8653],[92.5369,10.8657],[92.5298,10.8676],[92.5319,10.885],[92.5583,10.8633],[92.5565,10.8453],[92.5633,10.8281],[92.5647,10.8072],[92.5598,10.8057],[92.5605,10.8009],[92.572,10.8028],[92.5878,10.7864],[92.5828,10.7425],[92.5983,10.7031],[92.5968,10.6783],[92.5847,10.6792],[92.5772,10.6739],[92.5782,10.66],[92.5829,10.657],[92.5664,10.6506],[92.5527,10.6378],[92.5398,10.6106],[92.5444,10.5933],[92.5639,10.5869],[92.5692,10.5783],[92.5458,10.5517],[92.5314,10.5184],[92.5131,10.5117],[92.499,10.5112],[92.4814,10.5183],[92.4519,10.5447],[92.4347,10.5483],[92.419,10.5476],[92.4017,10.5314],[92.3853,10.5322],[92.3819,10.5408],[92.4092,10.5822],[92.4127,10.6061],[92.4206,10.6147],[92.3997,10.6611],[92.395,10.6664],[92.3803,10.6675],[92.3836,10.6742],[92.3798,10.6941],[92.3825,10.7214],[92.3777,10.7401],[92.3815,10.7622],[92.3761,10.7817],[92.3856,10.79],[92.3866,10.7832],[92.3947,10.7791],[92.3972,10.7603],[92.3939,10.7719],[92.3971,10.7809],[92.4183,10.7953],[92.4269,10.8233],[92.4342,10.8222],[92.4472,10.8375],[92.4567,10.8388],[92.46,10.8486],[92.4569,10.8614],[92.4701,10.8715],[92.4794,10.8714],[92.4925,10.8892],[92.5001,10.8908],[92.5115,10.8775],[92.5098,10.87],[92.5027,10.8724],[92.5106,10.8692],[92.5126,10.8774],[92.5068,10.8894],[92.5158,10.8976]]],[[[92.6089,10.9386],[92.62,10.9286],[92.6091,10.9304],[92.6058,10.9358],[92.6089,10.9386]]],[[[92.2267,10.9823],[92.2279,10.9761],[92.2222,10.9728],[92.2147,10.9775],[92.2267,10.9823]]],[[[92.6634,10.9818],[92.6584,10.9866],[92.6619,10.9928],[92.6698,10.9885],[92.6634,10.9818]]],[[[92.7257,11.1442],[92.7242,11.1403],[92.7257,11.1442]]],[[[92.7319,11.1497],[92.735,11.1456],[92.7303,11.1415],[92.7269,11.1456],[92.7319,11.1497]]],[[[92.6769,11.1836],[92.6811,11.1811],[92.6775,11.1769],[92.6747,11.1894],[92.6769,11.1836]]],[[[92.706,11.2892],[92.7058,11.2631],[92.6947,11.2522],[92.6933,11.2433],[92.6874,11.2421],[92.6969,11.2617],[92.6925,11.2808],[92.706,11.2892]]],[[[92.7005,11.3114],[92.7103,11.3086],[92.7122,11.3031],[92.6983,11.3081],[92.7005,11.3114]]],[[[92.7231,11.3164],[92.7128,11.309],[92.7217,11.3331],[92.7231,11.3164]]],[[[92.5483,11.393],[92.5459,11.3959],[92.5504,11.3972],[92.5483,11.393]]],[[[92.5576,11.3909],[92.5564,11.3952],[92.5627,11.3972],[92.5576,11.3909]]],[[[92.6735,11.4875],[92.6702,11.4888],[92.6735,11.4875]]],[[[92.6105,11.5041],[92.6163,11.5113],[92.6105,11.5041]]],[[[92.6444,11.513],[92.6444,11.513]]],[[[92.6415,11.5101],[92.646,11.5108],[92.6459,11.5006],[92.6686,11.49],[92.6858,11.4366],[92.6812,11.4313],[92.6835,11.4265],[92.6717,11.4259],[92.6719,11.4157],[92.6493,11.4072],[92.6608,11.4061],[92.6641,11.395],[92.6751,11.3991],[92.6785,11.3924],[92.6935,11.3874],[92.6909,11.3703],[92.6686,11.362],[92.6645,11.3522],[92.6532,11.3572],[92.638,11.3463],[92.6276,11.3495],[92.6019,11.3461],[92.5928,11.3498],[92.5812,11.3667],[92.5925,11.3806],[92.5871,11.4005],[92.6139,11.4003],[92.6239,11.4073],[92.6242,11.4271],[92.6197,11.4304],[92.6236,11.4408],[92.6111,11.4586],[92.6136,11.4742],[92.6206,11.497],[92.632,11.5145],[92.6364,11.5172],[92.6415,11.5101]]],[[[92.2718,11.516],[92.2718,11.516]]],[[[92.6047,11.5346],[92.6065,11.5219],[92.6008,11.5301],[92.6024,11.5382],[92.6047,11.5346]]],[[[92.5604,11.538],[92.5691,11.5274],[92.5664,11.517],[92.5615,11.5168],[92.5527,11.531],[92.5525,11.5387],[92.5589,11.5413],[92.5604,11.538]]],[[[92.628,11.5422],[92.6283,11.5492],[92.628,11.5422]]],[[[92.61,11.5589],[92.6167,11.5567],[92.6185,11.5601],[92.6203,11.5561],[92.6177,11.5368],[92.6105,11.5318],[92.6016,11.5535],[92.6099,11.554],[92.6071,11.5632],[92.61,11.5589]]],[[[92.5745,11.5626],[92.577,11.5709],[92.5745,11.5626]]],[[[92.5675,11.5708],[92.5652,11.5681],[92.5675,11.5708]]],[[[92.5972,11.5417],[92.5953,11.5326],[92.5926,11.5363],[92.5876,11.5335],[92.5863,11.541],[92.5836,11.5344],[92.5924,11.5774],[92.5972,11.5417]]],[[[92.5783,11.5818],[92.5772,11.5853],[92.5783,11.5818]]],[[[92.611,11.5883],[92.6193,11.5764],[92.6146,11.5627],[92.6058,11.5706],[92.6006,11.5681],[92.6009,11.5851],[92.611,11.5883]]],[[[92.2189,11.5923],[92.231,11.5872],[92.2415,11.5921],[92.2626,11.5898],[92.2707,11.5841],[92.2689,11.5548],[92.2747,11.5354],[92.2698,11.5225],[92.2604,11.5175],[92.2503,11.5258],[92.2145,11.5295],[92.208,11.5506],[92.215,11.5739],[92.2072,11.5846],[92.2157,11.5891],[92.2155,11.5946],[92.2189,11.5923]]],[[[92.5398,11.6033],[92.5482,11.5995],[92.5455,11.5918],[92.5695,11.5889],[92.5622,11.584],[92.5651,11.5729],[92.5537,11.5619],[92.5384,11.5619],[92.5302,11.5541],[92.5353,11.564],[92.532,11.5951],[92.5359,11.6054],[92.5398,11.6033]]],[[[92.6996,11.6645],[92.7008,11.6594],[92.6928,11.6607],[92.6996,11.6645]]],[[[92.7623,11.6697],[92.7598,11.6767],[92.7654,11.681],[92.7623,11.6697]]],[[[92.725,11.6891],[92.7218,11.6877],[92.725,11.6891]]],[[[92.5509,11.7212],[92.5514,11.7253],[92.5509,11.7212]]],[[[93.083,11.7797],[93.0776,11.781],[93.0848,11.7897],[93.083,11.7797]]],[[[93.0208,11.8433],[93.0356,11.8361],[93.0633,11.8448],[93.07,11.8422],[93.0722,11.8356],[93.0621,11.8174],[93.05,11.8122],[93.0305,11.8264],[93.0158,11.8283],[93.0123,11.849],[93.0208,11.8433]]],[[[92.5969,11.9053],[92.5956,11.915],[92.6011,11.9189],[92.5969,11.9053]]],[[[92.5657,11.9498],[92.5686,11.9437],[92.5629,11.9473],[92.5657,11.9498]]],[[[92.7324,11.9542],[92.7317,11.9442],[92.7259,11.9412],[92.7266,11.9526],[92.7233,11.9529],[92.7331,11.9594],[92.7324,11.9542]]],[[[92.7431,11.9645],[92.7444,11.9674],[92.7431,11.9645]]],[[[92.7501,11.9683],[92.7656,11.9651],[92.7672,11.9564],[92.7608,11.9485],[92.7458,11.9448],[92.7362,11.9532],[92.7501,11.9683]]],[[[92.5961,11.9761],[92.6036,11.9656],[92.6094,11.9428],[92.5989,11.9278],[92.5956,11.9664],[92.5886,11.9753],[92.5961,11.9761]]],[[[92.5828,11.976],[92.584,11.9827],[92.5828,11.976]]],[[[92.776,12.0177],[92.7714,12.0139],[92.7712,12.0178],[92.776,12.0177]]],[[[92.9695,12.0337],[92.9746,12.0422],[92.9828,12.0434],[92.9986,12.0338],[93.0095,12.0189],[93.0072,12.0003],[93.0281,11.9517],[93.0374,11.9475],[93.054,11.9032],[93.0516,11.8912],[93.0427,11.8823],[93.0253,11.8882],[93.0191,11.9072],[92.9947,11.94],[93.0004,11.9502],[92.997,11.9471],[92.9903,11.9511],[92.9849,11.9449],[92.9744,11.9484],[92.9596,11.9813],[92.9345,11.9847],[92.9255,11.9958],[92.9308,12.0056],[92.9507,12.0131],[92.9621,12.0314],[92.965,12.0497],[92.9695,12.0337]]],[[[92.9698,12.064],[92.9698,12.064]]],[[[92.9914,12.1089],[93.0053,12.1028],[92.9981,12.0656],[93.0014,12.0508],[92.9928,12.0436],[92.9798,12.0514],[92.9732,12.0599],[92.9751,12.0657],[92.9618,12.0722],[92.9606,12.0826],[92.9708,12.0883],[92.9654,12.0943],[92.9609,12.0931],[92.9596,12.1061],[92.9662,12.1094],[92.974,12.1023],[92.9914,12.1089]]],[[[92.9939,12.1099],[92.9939,12.1099]]],[[[92.7429,12.115],[92.7387,12.1069],[92.7429,12.115]]],[[[92.9486,12.1158],[92.9575,12.1022],[92.9519,12.0839],[92.9486,12.1158]]],[[[92.6288,12.1125],[92.6304,12.1166],[92.6288,12.1125]]],[[[92.6306,12.1179],[92.6306,12.1179]]],[[[93.0979,12.1372],[93.0979,12.1335],[93.0979,12.1372]]],[[[93.1205,12.1484],[93.1184,12.1439],[93.1236,12.1403],[93.1156,12.13],[93.1091,12.1431],[93.1205,12.1484]]],[[[92.8458,12.1476],[92.8468,12.151],[92.8458,12.1476]]],[[[93.0278,12.1569],[93.0261,12.1389],[93.0353,12.1253],[93.0317,12.1161],[93.0344,12.1003],[93.0536,12.0761],[93.0533,12.0606],[93.0455,12.0454],[93.0411,12.0461],[93.0275,12.0681],[93.007,12.0758],[93.0073,12.1072],[93.0008,12.1069],[92.9972,12.1136],[92.9807,12.1118],[92.9664,12.1189],[92.9556,12.1422],[92.9621,12.1506],[92.984,12.1487],[92.9928,12.1424],[93.0042,12.1133],[93.0019,12.1339],[93.0067,12.1461],[93.0275,12.1667],[93.0278,12.1569]]],[[[92.759,12.1813],[92.7637,12.1794],[92.7592,12.1666],[92.759,12.1813]]],[[[92.7203,12.1804],[92.7203,12.1804]]],[[[92.7314,12.1876],[92.7325,12.1824],[92.7285,12.1816],[92.7254,12.1861],[92.7314,12.1876]]],[[[93.0686,12.2113],[93.0763,12.2096],[93.0772,12.2022],[93.0866,12.1931],[93.09,12.1745],[93.0838,12.1555],[93.094,12.1484],[93.095,12.1424],[93.0877,12.13],[93.0877,12.1231],[93.093,12.1227],[93.0908,12.1],[93.0854,12.0896],[93.0746,12.0836],[93.0502,12.115],[93.0566,12.1232],[93.0491,12.1203],[93.0466,12.1277],[93.04,12.1266],[93.0372,12.1334],[93.0432,12.1558],[93.0375,12.1597],[93.0441,12.1594],[93.0686,12.2113]]],[[[92.683,12.2149],[92.6821,12.2244],[92.683,12.2149]]],[[[93.0199,12.2252],[93.0199,12.2252]]],[[[92.939,12.2239],[92.9416,12.2174],[92.9354,12.213],[92.9332,12.1959],[92.925,12.212],[92.928,12.2225],[92.939,12.2239]]],[[[92.7009,12.2356],[92.7096,12.2166],[92.7068,12.1983],[92.7125,12.1901],[92.7056,12.1803],[92.7037,12.1654],[92.713,12.1756],[92.7136,12.1653],[92.7212,12.1803],[92.7367,12.1822],[92.7575,12.1764],[92.7552,12.1525],[92.7362,12.1066],[92.7358,12.0845],[92.7411,12.0742],[92.7353,12.0653],[92.7433,12.0742],[92.7581,12.0649],[92.7522,12.0547],[92.7597,12.0558],[92.7671,12.0465],[92.7783,12.0506],[92.7836,12.0469],[92.7767,12.0403],[92.7786,12.0242],[92.7648,12.0259],[92.7619,12.0206],[92.7539,12.027],[92.7531,12.0344],[92.7495,12.0321],[92.7392,12.0409],[92.7408,12.0343],[92.7363,12.0306],[92.7416,12.029],[92.7338,12.0228],[92.7402,12.019],[92.7366,12.0159],[92.7403,12.0132],[92.7469,12.0172],[92.7527,12.0025],[92.766,12.0116],[92.7688,11.999],[92.7431,11.9936],[92.7433,11.9883],[92.7514,11.9923],[92.7572,11.9884],[92.7484,11.9776],[92.7447,11.9825],[92.7339,11.978],[92.7387,11.9975],[92.7279,11.9944],[92.7238,11.975],[92.7301,11.9755],[92.733,11.9688],[92.719,11.9615],[92.7186,11.9392],[92.7144,11.933],[92.7211,11.9342],[92.7253,11.9274],[92.7243,11.8505],[92.7075,11.8167],[92.6963,11.8129],[92.6799,11.8188],[92.6922,11.8142],[92.6925,11.8088],[92.7102,11.8145],[92.7182,11.8245],[92.7318,11.8571],[92.7334,11.9058],[92.7466,11.9321],[92.7532,11.9314],[92.7645,11.9399],[92.7845,11.9361],[92.7823,11.9306],[92.7882,11.9198],[92.7833,11.9049],[92.7886,11.9012],[92.7789,11.8921],[92.7881,11.8839],[92.7861,11.8552],[92.7762,11.8335],[92.7551,11.7011],[92.7438,11.7131],[92.7452,11.6921],[92.7407,11.6901],[92.7315,11.6984],[92.7279,11.6949],[92.7225,11.6974],[92.7182,11.706],[92.7119,11.6951],[92.7019,11.7071],[92.7053,11.7028],[92.6956,11.7006],[92.707,11.6991],[92.7026,11.696],[92.7009,11.677],[92.7082,11.6701],[92.6987,11.6657],[92.6929,11.6682],[92.6856,11.6622],[92.683,11.6505],[92.6662,11.6539],[92.6737,11.6252],[92.6803,11.6297],[92.6815,11.6375],[92.6853,11.6312],[92.6877,11.6406],[92.6946,11.6227],[92.6926,11.6353],[92.7003,11.6413],[92.6951,11.6529],[92.7015,11.6547],[92.708,11.6434],[92.7118,11.6438],[92.7106,11.6523],[92.73,11.6596],[92.7161,11.6648],[92.7154,11.6776],[92.7215,11.6863],[92.7315,11.6736],[92.7372,11.6777],[92.7486,11.6764],[92.7485,11.6681],[92.7567,11.6651],[92.7578,11.6506],[92.7462,11.64],[92.7524,11.6335],[92.7529,11.6096],[92.7407,11.5926],[92.7439,11.5838],[92.7305,11.5598],[92.7346,11.5517],[92.7238,11.53],[92.7279,11.5162],[92.7177,11.5023],[92.7113,11.4773],[92.7068,11.4855],[92.7091,11.4904],[92.6983,11.5071],[92.6784,11.5114],[92.6672,11.5039],[92.6469,11.522],[92.6439,11.5407],[92.651,11.5511],[92.6422,11.5605],[92.6473,11.5724],[92.6332,11.5792],[92.6314,11.5717],[92.6179,11.5628],[92.6188,11.5837],[92.6074,11.5948],[92.6082,11.6197],[92.6244,11.6176],[92.6279,11.6258],[92.6299,11.6168],[92.6361,11.6156],[92.6444,11.6248],[92.6444,11.6363],[92.6424,11.6392],[92.6344,11.6348],[92.6379,11.6456],[92.6318,11.6509],[92.6316,11.6287],[92.6084,11.634],[92.5914,11.6689],[92.5984,11.6783],[92.5997,11.6908],[92.593,11.7025],[92.5947,11.7106],[92.5881,11.7179],[92.5858,11.714],[92.5744,11.7156],[92.5725,11.6992],[92.5654,11.692],[92.5613,11.6952],[92.5523,11.7213],[92.5528,11.7627],[92.5593,11.7731],[92.5524,11.784],[92.5489,11.8165],[92.5408,11.8198],[92.5464,11.8349],[92.5422,11.8287],[92.5367,11.8386],[92.523,11.8256],[92.5135,11.848],[92.5249,11.8714],[92.5264,11.895],[92.538,11.9043],[92.5345,11.9118],[92.543,11.9235],[92.555,11.9254],[92.5624,11.9465],[92.5732,11.9271],[92.5803,11.9241],[92.5868,11.8875],[92.592,11.887],[92.594,11.899],[92.6016,11.8972],[92.6003,11.8671],[92.6042,11.8582],[92.604,11.8671],[92.611,11.8713],[92.6117,11.9132],[92.606,11.9234],[92.6116,11.9409],[92.6084,11.9483],[92.6133,11.9628],[92.6119,11.983],[92.617,11.9912],[92.6131,12.0066],[92.6169,12.0256],[92.6228,12.0278],[92.6197,12.0412],[92.6278,12.0433],[92.6206,12.0529],[92.6256,12.0608],[92.6195,12.0708],[92.6236,12.1028],[92.6359,12.1205],[92.6315,12.1228],[92.6457,12.1792],[92.6622,12.2159],[92.6655,12.2171],[92.6551,12.1817],[92.6741,12.218],[92.6783,12.2039],[92.6801,12.2138],[92.6843,12.2082],[92.6866,12.2129],[92.6894,12.2354],[92.6969,12.2397],[92.7009,12.2356]]],[[[92.7306,12.2425],[92.7348,12.2394],[92.73,12.2255],[92.7329,12.2103],[92.7393,12.2236],[92.7443,12.2202],[92.7448,12.2102],[92.7446,12.2236],[92.7381,12.228],[92.7398,12.2358],[92.7451,12.2266],[92.747,12.2305],[92.7623,12.2294],[92.7626,12.2094],[92.7682,12.1988],[92.7637,12.1822],[92.747,12.1805],[92.7332,12.1852],[92.7312,12.193],[92.7234,12.1888],[92.7223,12.2333],[92.7306,12.2425]]],[[[92.8805,12.25],[92.8811,12.2453],[92.8805,12.25]]],[[[92.8665,12.2356],[92.8615,12.243],[92.866,12.2507],[92.8692,12.248],[92.8665,12.2356]]],[[[92.6989,12.2448],[92.697,12.2508],[92.6989,12.2448]]],[[[92.9017,12.2559],[92.9141,12.2326],[92.9133,12.2228],[92.9089,12.2313],[92.9015,12.2278],[92.8917,12.2339],[92.8824,12.2239],[92.8792,12.2083],[92.8708,12.2447],[92.8786,12.2481],[92.88,12.2397],[92.8845,12.2392],[92.8877,12.252],[92.9017,12.2559]]],[[[93.0778,12.2619],[93.0836,12.2586],[93.0867,12.2372],[93.0958,12.2433],[93.1011,12.2606],[93.106,12.2602],[93.101,12.204],[93.0922,12.2128],[93.0931,12.2244],[93.0828,12.2222],[93.0633,12.2292],[93.0706,12.2578],[93.0778,12.2619]]],[[[92.9014,12.2622],[92.9003,12.2586],[92.9014,12.2622]]],[[[92.7376,12.2713],[92.7351,12.2694],[92.7384,12.2755],[92.7376,12.2713]]],[[[93.0297,12.2802],[93.027,12.2735],[93.0219,12.275],[93.0297,12.2802]]],[[[92.7501,12.2877],[92.7429,12.2552],[92.7348,12.2485],[92.7395,12.2821],[92.742,12.2791],[92.7501,12.2877]]],[[[92.7371,12.2852],[92.7359,12.2816],[92.7382,12.2924],[92.7371,12.2852]]],[[[92.7667,12.2703],[92.7635,12.2662],[92.7531,12.2775],[92.7629,12.2941],[92.7681,12.284],[92.7667,12.2703]]],[[[92.7544,12.2947],[92.7531,12.2919],[92.7544,12.2947]]],[[[92.7712,12.2949],[92.7667,12.2891],[92.7712,12.2949]]],[[[92.8781,12.2937],[92.8802,12.2979],[92.8781,12.2937]]],[[[92.7114,12.2961],[92.7228,12.2955],[92.7239,12.2914],[92.7107,12.2303],[92.7015,12.2674],[92.7046,12.2981],[92.7114,12.2961]]],[[[92.7659,12.2991],[92.7637,12.2966],[92.7659,12.2991]]],[[[92.9414,12.2808],[92.9422,12.2746],[92.9278,12.253],[92.9287,12.2379],[92.9221,12.231],[92.9185,12.2388],[92.9213,12.2649],[92.9167,12.2634],[92.917,12.2675],[92.9122,12.2635],[92.9136,12.273],[92.9015,12.2715],[92.9015,12.2882],[92.9132,12.2929],[92.9198,12.2824],[92.9273,12.281],[92.9293,12.3043],[92.9344,12.3106],[92.9333,12.2889],[92.9414,12.2808]]],[[[92.7766,12.3103],[92.7846,12.311],[92.7964,12.3039],[92.81,12.3128],[92.8303,12.3003],[92.8664,12.3056],[92.8658,12.3012],[92.8735,12.3007],[92.8697,12.2903],[92.8867,12.2867],[92.8797,12.2778],[92.8831,12.2634],[92.8893,12.2659],[92.8783,12.2514],[92.8642,12.2512],[92.8589,12.2458],[92.8725,12.2255],[92.874,12.2053],[92.8813,12.2009],[92.8805,12.1951],[92.8751,12.1931],[92.8538,12.2038],[92.8466,12.1977],[92.8471,12.1896],[92.8552,12.189],[92.8506,12.1573],[92.8358,12.1675],[92.8226,12.1655],[92.8188,12.1576],[92.8261,12.1538],[92.8149,12.1324],[92.8023,12.1308],[92.8117,12.1175],[92.8125,12.1069],[92.7986,12.1086],[92.7884,12.1025],[92.7946,12.0957],[92.7927,12.0811],[92.7816,12.0797],[92.7647,12.0633],[92.7566,12.0743],[92.7414,12.0784],[92.7392,12.0953],[92.7674,12.1852],[92.7697,12.2007],[92.7642,12.2113],[92.7699,12.2369],[92.7514,12.2325],[92.7476,12.2439],[92.7423,12.2455],[92.7506,12.2741],[92.7649,12.2639],[92.7817,12.2851],[92.775,12.2928],[92.7751,12.3011],[92.7675,12.2981],[92.7713,12.3129],[92.7766,12.3103]]],[[[93.0726,12.319],[93.0729,12.3154],[93.063,12.3159],[93.0726,12.319]]],[[[93.8397,12.3208],[93.8578,12.2931],[93.8672,12.2956],[93.8753,12.2881],[93.8781,12.2792],[93.8724,12.2678],[93.8807,12.2366],[93.8681,12.2336],[93.8625,12.266],[93.8589,12.265],[93.8617,12.2338],[93.832,12.2412],[93.8502,12.2694],[93.8267,12.2449],[93.8155,12.2708],[93.8148,12.2853],[93.8242,12.3075],[93.8506,12.2869],[93.829,12.3123],[93.8397,12.3208]]],[[[92.9128,12.3317],[92.9119,12.3353],[92.9128,12.3317]]],[[[92.9059,12.3385],[92.9059,12.3385]]],[[[92.9117,12.338],[92.9094,12.3482],[92.915,12.3555],[92.9189,12.3507],[92.9117,12.338]]],[[[92.8969,12.3921],[92.8962,12.3952],[92.8969,12.3921]]],[[[92.8529,12.4088],[92.8654,12.4037],[92.8737,12.4054],[92.8811,12.3983],[92.8888,12.4076],[92.8942,12.399],[92.8842,12.3881],[92.884,12.3742],[92.8801,12.3833],[92.8734,12.3841],[92.8669,12.3778],[92.8603,12.3883],[92.8444,12.395],[92.8445,12.4041],[92.8529,12.4088]]],[[[92.8992,12.4075],[92.8981,12.4114],[92.8992,12.4075]]],[[[92.8894,12.4129],[92.8894,12.4129]]],[[[92.8659,12.421],[92.8692,12.4138],[92.8606,12.4135],[92.8589,12.4168],[92.8659,12.421]]],[[[92.9032,12.4202],[92.9004,12.426],[92.9032,12.4202]]],[[[92.8317,12.4268],[92.8464,12.415],[92.8339,12.4175],[92.8294,12.4222],[92.8317,12.4268]]],[[[92.9554,12.4147],[92.9437,12.4029],[92.943,12.3846],[92.9323,12.3594],[92.9193,12.3646],[92.9189,12.3754],[92.9278,12.387],[92.9245,12.3916],[92.9308,12.4157],[92.9406,12.4219],[92.9491,12.4146],[92.9493,12.4291],[92.9563,12.4355],[92.9608,12.4218],[92.9554,12.4147]]],[[[92.875,12.4451],[92.875,12.4451]]],[[[92.6795,12.5411],[92.6846,12.5388],[92.6781,12.5222],[92.6686,12.5342],[92.6722,12.5414],[92.6795,12.5411]]],[[[92.7024,12.6379],[92.7024,12.6379]]],[[[92.7314,12.7031],[92.7314,12.7031]]],[[[92.7243,12.7367],[92.7296,12.7309],[92.7279,12.7267],[92.7243,12.7367]]],[[[92.7267,12.7514],[92.7267,12.7514]]],[[[92.6558,12.769],[92.6561,12.7741],[92.6558,12.769]]],[[[92.7171,12.7748],[92.7171,12.7748]]],[[[92.725,12.7617],[92.7178,12.7714],[92.72,12.7778],[92.7153,12.7783],[92.7172,12.7878],[92.725,12.7617]]],[[[92.7162,12.7973],[92.7162,12.7973]]],[[[92.7168,12.8006],[92.7168,12.8006]]],[[[92.7176,12.8031],[92.7176,12.8031]]],[[[92.711,12.829],[92.7153,12.8269],[92.7122,12.7776],[92.7255,12.7487],[92.7233,12.7425],[92.7189,12.7503],[92.718,12.7189],[92.7078,12.7204],[92.7128,12.7382],[92.7094,12.7741],[92.6945,12.7971],[92.7006,12.8006],[92.7017,12.8138],[92.711,12.829]]],[[[92.7276,12.8365],[92.7254,12.8323],[92.7276,12.8365]]],[[[92.7318,12.8564],[92.7318,12.8564]]],[[[92.7286,12.8644],[92.7186,12.8353],[92.71,12.8336],[92.708,12.8383],[92.7203,12.8644],[92.7286,12.8644]]],[[[92.7786,12.8648],[92.7786,12.8648]]],[[[92.7655,12.8547],[92.7612,12.8677],[92.7658,12.8726],[92.7655,12.8547]]],[[[92.7596,12.8776],[92.7596,12.8776]]],[[[92.7856,12.8933],[92.7917,12.891],[92.7858,12.8819],[92.7817,12.8853],[92.7856,12.8933]]],[[[92.8937,12.8986],[92.8937,12.8986]]],[[[92.7551,12.9128],[92.7568,12.8945],[92.7531,12.8892],[92.7484,12.8934],[92.7504,12.897],[92.754,12.8931],[92.7551,12.9128]]],[[[92.8648,12.9125],[92.8648,12.9125]]],[[[92.795,12.9113],[92.8005,12.8975],[92.7929,12.8918],[92.7829,12.8961],[92.7888,12.9047],[92.7802,12.9017],[92.7742,12.906],[92.7749,12.9121],[92.7916,12.9166],[92.795,12.9113]]],[[[92.9131,12.9173],[92.9086,12.9136],[92.9131,12.9173]]],[[[92.7682,12.9175],[92.7682,12.9175]]],[[[92.9353,12.9181],[92.9342,12.913],[92.9314,12.9187],[92.9353,12.9181]]],[[[92.767,12.9247],[92.7642,12.9175],[92.7623,12.9219],[92.767,12.9247]]],[[[92.8989,12.9158],[92.9065,12.9147],[92.9104,12.9086],[92.9219,12.9122],[92.9101,12.9039],[92.9051,12.885],[92.9203,12.8877],[92.9278,12.8842],[92.9295,12.8592],[92.9414,12.8551],[92.9397,12.8406],[92.9416,12.8362],[92.9483,12.8361],[92.9442,12.8267],[92.9542,12.8066],[92.9488,12.7925],[92.9345,12.7816],[92.9342,12.7738],[92.9393,12.7677],[92.9498,12.7698],[92.9495,12.7612],[92.9625,12.7529],[92.9686,12.74],[92.9658,12.723],[92.9769,12.7182],[92.9805,12.7097],[92.9709,12.711],[92.9631,12.6985],[92.9653,12.6804],[92.9569,12.6228],[92.9575,12.593],[92.9755,12.5419],[92.966,12.5124],[92.9684,12.4967],[92.9591,12.4867],[92.9466,12.4988],[92.9396,12.4828],[92.9321,12.4807],[92.9353,12.4698],[92.9311,12.4658],[92.9529,12.4763],[92.9588,12.4732],[92.9579,12.4677],[92.9443,12.4608],[92.9418,12.4495],[92.9153,12.4437],[92.9236,12.4355],[92.9141,12.4058],[92.9065,12.4076],[92.909,12.4211],[92.8783,12.4447],[92.8858,12.454],[92.8696,12.4461],[92.8542,12.4577],[92.8444,12.4694],[92.8442,12.4814],[92.8347,12.4948],[92.8292,12.4964],[92.8376,12.4906],[92.8361,12.4858],[92.8433,12.4792],[92.8417,12.4706],[92.849,12.4586],[92.8683,12.4431],[92.8883,12.4343],[92.899,12.4156],[92.8856,12.4232],[92.8754,12.4136],[92.865,12.4258],[92.8465,12.4234],[92.8196,12.4375],[92.8184,12.4338],[92.8044,12.4404],[92.7965,12.438],[92.8003,12.4644],[92.7911,12.4697],[92.7985,12.4642],[92.7946,12.4376],[92.8051,12.4387],[92.8303,12.4278],[92.8339,12.4092],[92.8416,12.4059],[92.8386,12.395],[92.8597,12.3717],[92.8601,12.3622],[92.8689,12.3619],[92.873,12.3534],[92.8799,12.3578],[92.89,12.3504],[92.8961,12.3358],[92.8822,12.3444],[92.8797,12.3335],[92.8882,12.3314],[92.889,12.3253],[92.8968,12.3263],[92.8951,12.3203],[92.8861,12.3233],[92.8781,12.3132],[92.8724,12.3178],[92.8324,12.3026],[92.8097,12.3149],[92.7951,12.3061],[92.7715,12.3197],[92.7651,12.3024],[92.7639,12.3123],[92.7548,12.2957],[92.736,12.3008],[92.736,12.3087],[92.7325,12.3019],[92.7204,12.3003],[92.7155,12.3116],[92.7114,12.3095],[92.7074,12.3166],[92.7088,12.3284],[92.6994,12.3285],[92.7,12.3656],[92.7056,12.3706],[92.6978,12.3894],[92.6981,12.4214],[92.7066,12.4514],[92.6995,12.4675],[92.7086,12.4934],[92.7014,12.5005],[92.7011,12.5108],[92.6942,12.5157],[92.6991,12.5401],[92.7089,12.5567],[92.7048,12.5654],[92.7075,12.5969],[92.6867,12.6012],[92.6846,12.6088],[92.6869,12.6156],[92.6918,12.6079],[92.7024,12.613],[92.7042,12.6075],[92.7154,12.6435],[92.7197,12.6433],[92.7247,12.6267],[92.7269,12.6342],[92.7361,12.64],[92.7343,12.6568],[92.7533,12.6708],[92.7771,12.6671],[92.7765,12.6363],[92.7775,12.6325],[92.7799,12.6371],[92.7854,12.6192],[92.7862,12.6257],[92.7803,12.6307],[92.7804,12.6535],[92.7886,12.674],[92.7874,12.7072],[92.7792,12.7131],[92.7859,12.7065],[92.7844,12.6938],[92.7689,12.6721],[92.7329,12.6744],[92.7358,12.6847],[92.7281,12.6931],[92.7301,12.6981],[92.7431,12.6994],[92.7395,12.7137],[92.7461,12.7225],[92.7307,12.7445],[92.7211,12.7881],[92.7239,12.8271],[92.7317,12.8353],[92.7378,12.8103],[92.7404,12.8358],[92.7435,12.8245],[92.7447,12.8395],[92.7581,12.8473],[92.7614,12.8592],[92.7742,12.8414],[92.7732,12.832],[92.7801,12.8251],[92.7822,12.8075],[92.7862,12.8108],[92.7833,12.8094],[92.7838,12.8245],[92.7744,12.8306],[92.7694,12.8613],[92.7803,12.8625],[92.7814,12.8481],[92.7829,12.8605],[92.7932,12.863],[92.7919,12.8899],[92.811,12.8975],[92.8243,12.8953],[92.8306,12.8847],[92.8422,12.891],[92.8417,12.8756],[92.8731,12.8811],[92.8724,12.8924],[92.896,12.8988],[92.8978,12.9274],[92.9013,12.9227],[92.8989,12.9158]]],[[[92.7742,12.9311],[92.7721,12.9179],[92.7701,12.929],[92.7742,12.9311]]],[[[92.877,12.9321],[92.8844,12.9296],[92.8861,12.923],[92.8809,12.9206],[92.8756,12.9267],[92.8729,12.916],[92.865,12.9167],[92.86,12.9331],[92.877,12.9321]]],[[[92.7656,12.9325],[92.7632,12.9256],[92.7618,12.9342],[92.7656,12.9325]]],[[[92.8928,12.9372],[92.8895,12.935],[92.8928,12.9372]]],[[[92.9014,12.9412],[92.9031,12.9383],[92.9014,12.9412]]],[[[92.6715,12.9483],[92.6715,12.9483]]],[[[92.669,12.9534],[92.669,12.9534]]],[[[92.6957,12.992],[92.707,12.9859],[92.7104,12.9883],[92.7199,12.9784],[92.7145,12.9423],[92.7212,12.9465],[92.7215,12.927],[92.7157,12.9225],[92.7226,12.9053],[92.7215,12.8883],[92.7179,12.8806],[92.7087,12.8839],[92.7195,12.8742],[92.7031,12.8523],[92.7012,12.8412],[92.6898,12.8345],[92.6754,12.8359],[92.676,12.8234],[92.6848,12.8295],[92.689,12.8167],[92.6751,12.8073],[92.6687,12.7825],[92.6673,12.7911],[92.6601,12.7956],[92.6651,12.7981],[92.6657,12.8122],[92.6482,12.8612],[92.6632,12.8791],[92.6299,12.8827],[92.6645,12.8806],[92.6706,12.9123],[92.6366,12.9133],[92.6369,12.9195],[92.6701,12.918],[92.6804,12.9481],[92.6687,12.9505],[92.6698,12.9625],[92.6843,12.9869],[92.6957,12.992]]],[[[93.0067,12.9969],[92.9795,12.967],[92.9797,12.9602],[92.9881,12.9556],[92.98,12.9481],[92.9817,12.9333],[92.9739,12.9353],[92.9695,12.9445],[92.952,12.9405],[92.96,12.9495],[92.9742,12.9453],[92.9728,12.9548],[92.9617,12.9547],[92.9547,12.96],[92.9545,12.9681],[92.9589,12.9647],[92.9631,12.9683],[92.9525,12.9797],[92.9597,12.9889],[92.9692,12.9825],[92.9645,12.9778],[92.9722,12.9691],[92.9795,12.9747],[92.9792,12.9797],[92.9889,12.9845],[92.9859,12.9934],[92.9939,12.9908],[93.0067,12.9969]]],[[[92.9881,12.9981],[92.9881,12.9981]]],[[[92.9125,13.0025],[92.9111,13.0053],[92.9125,13.0025]]],[[[92.9497,13.0211],[92.9453,13.0253],[92.9497,13.0211]]],[[[92.9264,13.0242],[92.94,13.0253],[92.9417,12.9953],[92.9208,13.0011],[92.9158,13.0147],[92.9228,13.0219],[92.9225,13.0286],[92.9264,13.0242]]],[[[92.9186,13.04],[92.9146,13.0422],[92.9161,13.0475],[92.9186,13.04]]],[[[92.9336,13.0494],[92.9322,13.0528],[92.9336,13.0494]]],[[[92.9168,13.0579],[92.9135,13.0669],[92.9168,13.0579]]],[[[92.7306,13.0957],[92.7283,13.0903],[92.7306,13.0957]]],[[[92.7192,13.0989],[92.7208,13.0951],[92.7053,13.0822],[92.7061,13.0701],[92.7011,13.0708],[92.6961,13.095],[92.7192,13.0989]]],[[[92.795,13.1711],[92.7968,13.1676],[92.795,13.1711]]],[[[93.0614,13.2214],[93.0579,13.2267],[93.0614,13.2214]]],[[[93.0167,13.2842],[93.0167,13.2842]]],[[[93.0745,13.3033],[93.0789,13.3],[93.0731,13.2978],[93.0745,13.3033]]],[[[93.0187,13.3296],[93.0251,13.3283],[93.0198,13.3172],[93.0217,13.303],[93.0094,13.311],[93.0101,13.3169],[93.0158,13.3159],[93.0148,13.3305],[93.0187,13.3296]]],[[[92.9681,13.3325],[92.9697,13.3383],[92.9681,13.3325]]],[[[93.0161,13.3391],[93.0161,13.3391]]],[[[93.0375,13.3406],[93.038,13.3439],[93.0375,13.3406]]],[[[93.0772,13.3648],[93.0739,13.3658],[93.0772,13.3648]]],[[[93.0826,13.3669],[93.0819,13.37],[93.0826,13.3669]]],[[[93.0623,13.3833],[93.0633,13.3869],[93.0623,13.3833]]],[[[92.8658,13.4136],[92.8658,13.4136]]],[[[92.8131,13.4197],[92.8189,13.4164],[92.815,13.4031],[92.8131,13.4197]]],[[[93.0945,13.4176],[93.0886,13.4102],[93.0871,13.4158],[93.0945,13.4176]]],[[[93.0721,13.4261],[93.069,13.4133],[93.0676,13.4242],[93.0727,13.4311],[93.0721,13.4261]]],[[[93.099,13.4358],[93.1042,13.4299],[93.0987,13.4308],[93.099,13.4358]]],[[[92.8433,13.4408],[92.8464,13.4308],[92.8419,13.4258],[92.8319,13.4186],[92.822,13.4208],[92.8217,13.4367],[92.8403,13.4403],[92.8425,13.4447],[92.8433,13.4408]]],[[[94.2733,13.4644],[94.2778,13.4618],[94.275,13.4406],[94.2632,13.4301],[94.2558,13.4303],[94.2494,13.4463],[94.2633,13.4644],[94.2733,13.4644]]],[[[92.8744,13.5122],[92.8711,13.5019],[92.8667,13.5092],[92.8744,13.5122]]],[[[92.9189,13.5156],[92.9214,13.5128],[92.915,13.5069],[92.9189,13.5156]]],[[[92.91,13.5372],[92.9125,13.5333],[92.9061,13.5303],[92.91,13.5372]]],[[[92.875,13.5408],[92.8786,13.5378],[92.8758,13.5347],[92.875,13.5408]]],[[[93.0079,13.5554],[93.0062,13.56],[93.0079,13.5554]]],[[[93.0573,13.5663],[93.0539,13.5597],[93.0522,13.5647],[93.0573,13.5663]]],[[[93.0294,13.5733],[93.045,13.5253],[93.0342,13.4664],[93.0186,13.4647],[93.0336,13.457],[93.0347,13.4353],[93.0211,13.4311],[93.0328,13.4247],[93.0407,13.4264],[93.0364,13.4167],[93.045,13.4106],[93.0453,13.4039],[93.0614,13.4211],[93.0597,13.3992],[93.0708,13.4061],[93.0673,13.3953],[93.0526,13.3911],[93.0486,13.3744],[93.0283,13.3732],[93.0491,13.3739],[93.0553,13.3822],[93.0717,13.3475],[93.0783,13.3483],[93.0792,13.3414],[93.0876,13.3434],[93.0906,13.3359],[93.0761,13.3292],[93.0706,13.3069],[93.0658,13.3031],[93.06,13.3292],[93.0464,13.3208],[93.0399,13.323],[93.0458,13.3461],[93.0392,13.3614],[93.0417,13.3672],[93.0345,13.3605],[93.0411,13.3519],[93.0328,13.3453],[93.0033,13.3533],[92.9901,13.3425],[92.9868,13.329],[92.9797,13.3347],[92.9762,13.3492],[92.9714,13.3488],[92.9702,13.3602],[92.9644,13.3597],[92.9505,13.3439],[92.954,13.3325],[92.9648,13.3245],[92.978,13.3242],[92.9981,13.3153],[92.9995,13.3107],[93.0095,13.32],[93.0068,13.3093],[93.0219,13.2953],[93.0127,13.2954],[93.0167,13.2897],[93.0108,13.2822],[93.0125,13.2767],[93.0259,13.2837],[93.0328,13.2761],[93.0461,13.2819],[93.0403,13.2703],[93.0458,13.2592],[93.0667,13.2725],[93.0575,13.2564],[93.0561,13.2328],[93.043,13.2229],[93.0461,13.2101],[93.0322,13.1789],[93.0372,13.1708],[93.0342,13.1568],[93.0374,13.1389],[93.0308,13.1278],[93.0349,13.081],[93.0272,13.0775],[93.0261,13.0718],[93.0306,13.0692],[93.0278,13.0628],[93.0208,13.05],[93.0126,13.0483],[93.0141,13.044],[93.0095,13.0434],[93.0039,13.0286],[92.9949,13.0353],[92.9902,13.0262],[92.9824,13.024],[92.9656,13.0348],[92.9687,13.0181],[92.9746,13.0129],[92.9598,13.0151],[92.9348,13.0428],[92.9354,13.0513],[92.9431,13.055],[92.9367,13.0847],[92.9344,13.0607],[92.9284,13.0622],[92.9221,13.0567],[92.9149,13.0704],[92.9108,13.0613],[92.8944,13.0567],[92.8879,13.0457],[92.8981,13.058],[92.9163,13.0542],[92.9017,13.0218],[92.9081,13],[92.916,13.0006],[92.9191,12.9867],[92.9331,12.9893],[92.931,12.9803],[92.937,12.9811],[92.9385,12.9713],[92.928,12.9578],[92.9189,12.96],[92.9123,12.9465],[92.9078,12.9519],[92.9071,12.9848],[92.8985,12.9866],[92.897,12.995],[92.8879,12.9825],[92.8823,12.9827],[92.8816,12.9691],[92.8751,12.964],[92.8775,12.9587],[92.8728,12.9503],[92.8771,12.9444],[92.8689,12.9344],[92.8578,12.935],[92.8544,12.9274],[92.8589,12.9034],[92.8763,12.9083],[92.8697,12.8903],[92.8729,12.8832],[92.8417,12.8766],[92.8428,12.8919],[92.83,12.8862],[92.8246,12.8968],[92.8025,12.8991],[92.7942,12.9144],[92.7937,12.9304],[92.7986,12.9306],[92.8016,12.939],[92.8,12.9481],[92.7917,12.9563],[92.7925,12.9672],[92.7972,12.965],[92.7941,12.9856],[92.7997,12.9917],[92.8064,12.9831],[92.8183,12.9868],[92.8087,12.9978],[92.8189,13.0006],[92.8251,13.0127],[92.8064,13.0067],[92.8042,13.0122],[92.7911,13.0119],[92.7883,13.0192],[92.7947,13.0308],[92.7925,13.0558],[92.7967,13.0894],[92.8006,13.0914],[92.8033,13.0772],[92.8103,13.0753],[92.8053,13.0864],[92.8078,13.0994],[92.8139,13.1036],[92.8222,13.0964],[92.8206,13.1078],[92.8253,13.1144],[92.8164,13.115],[92.81,13.1269],[92.8186,13.1278],[92.8228,13.1336],[92.8303,13.1317],[92.8325,13.1247],[92.8353,13.1303],[92.8422,13.1275],[92.8397,13.1364],[92.8475,13.1392],[92.8422,13.1461],[92.8294,13.1489],[92.8217,13.145],[92.8097,13.1531],[92.8153,13.1744],[92.8325,13.1708],[92.8356,13.1739],[92.8189,13.1839],[92.8242,13.1931],[92.8186,13.1947],[92.8183,13.2017],[92.8317,13.2133],[92.8244,13.2175],[92.8292,13.2222],[92.8258,13.2242],[92.8278,13.2367],[92.8322,13.2431],[92.8389,13.2431],[92.8442,13.2369],[92.85,13.2394],[92.8544,13.2572],[92.8475,13.2625],[92.8389,13.2589],[92.833,13.2692],[92.8269,13.2658],[92.8225,13.2772],[92.8247,13.2886],[92.8386,13.2869],[92.8356,13.2942],[92.8422,13.3019],[92.8389,13.3067],[92.8217,13.3097],[92.8314,13.3156],[92.8264,13.3272],[92.8347,13.3381],[92.8394,13.3747],[92.8431,13.3778],[92.8506,13.3708],[92.8669,13.3856],[92.864,13.3897],[92.8592,13.3853],[92.8467,13.3903],[92.8431,13.4022],[92.85,13.4117],[92.8678,13.4022],[92.8719,13.4119],[92.8745,13.408],[92.8683,13.4189],[92.8703,13.4248],[92.875,13.4231],[92.8842,13.4297],[92.8808,13.4439],[92.873,13.4478],[92.8761,13.4603],[92.8708,13.4653],[92.8717,13.4714],[92.8867,13.4778],[92.8989,13.4761],[92.9037,13.4973],[92.9197,13.5006],[92.9231,13.4956],[92.9297,13.5022],[92.9231,13.5128],[92.9278,13.5203],[92.9142,13.5261],[92.9175,13.5364],[92.9472,13.5369],[92.9514,13.5431],[92.9647,13.5444],[92.9764,13.5278],[92.9881,13.5275],[92.9922,13.5361],[92.9808,13.5522],[92.9878,13.5731],[93.0028,13.5608],[93.0103,13.542],[93.0144,13.5435],[93.0161,13.5706],[93.0269,13.5792],[93.0294,13.5733]]],[[[92.8969,13.6017],[92.9036,13.5964],[92.8853,13.5742],[92.8814,13.5828],[92.8969,13.6017]]],[[[93.0639,13.6542],[93.0675,13.6506],[93.0558,13.6434],[93.047,13.6208],[93.0425,13.6369],[93.0565,13.6542],[93.0639,13.6542]]],[[[93.0236,13.6709],[93.0227,13.6743],[93.0236,13.6709]]],[[[93.0158,13.6761],[93.0223,13.6703],[93.0322,13.6339],[93.0278,13.6269],[93.0178,13.6328],[93.0147,13.6439],[93.0008,13.6494],[92.9864,13.6428],[92.9767,13.655],[92.9822,13.6656],[93.0029,13.6706],[93.0064,13.6675],[93.0086,13.6736],[93.0158,13.6761]]],[[[93.2244,14.0158],[93.2324,13.9822],[93.2311,13.9749],[93.2231,13.9716],[93.2183,13.9768],[93.2197,14.0144],[93.2244,14.0158]]],[[[93.3667,14.0475],[93.3642,14.0569],[93.3667,14.0475]]],[[[93.3836,14.1278],[93.3836,14.1278]]],[[[93.3662,14.1564],[93.3683,14.1483],[93.3786,14.1478],[93.3694,14.1411],[93.3781,14.1208],[93.3643,14.0587],[93.3603,14.0706],[93.3523,14.0769],[93.3639,14.0975],[93.3533,14.1458],[93.3662,14.1564]]],[[[93.3569,14.1925],[93.3611,14.1911],[93.3575,14.1889],[93.3569,14.1925]]],[[[93.3703,14.1933],[93.3728,14.1897],[93.3669,14.1789],[93.3597,14.1872],[93.3703,14.1933]]],[[[93.5506,14.7839],[93.5503,14.7884],[93.5506,14.7839]]],[[[93.5708,14.8463],[93.5696,14.8495],[93.5708,14.8463]]],[[[93.5722,14.8594],[93.5722,14.8594]]],[[[93.5727,14.8704],[93.568,14.8711],[93.5727,14.8704]]],[[[93.6414,14.9025],[93.6364,14.8743],[93.6225,14.8653],[93.6119,14.8461],[93.6119,14.8356],[93.6086,14.8464],[93.6129,14.8737],[93.6253,14.8981],[93.6414,14.9025]]],[[[93.6484,14.9349],[93.6508,14.9297],[93.6484,14.9349]]]]}},{"type":"Feature","id":"Andhra Pradesh","properties":{"name":"Andhra Pradesh","type":"State","code":""},"geometry":{"type":"MultiPolygon","coordinates":[[[[80.2746,13.4596],[80.2862,13.4485],[80.2746,13.4596]]],[[[80.2274,13.494],[80.224,13.4901],[80.2274,13.494]]],[[[80.2324,13.4946],[80.2349,13.4921],[80.2304,13.4907],[80.2324,13.4946]]],[[[80.2654,13.5196],[80.266,13.4996],[80.2654,13.5196]]],[[[80.1926,13.5207],[80.1971,13.5129],[80.1885,13.5151],[80.1879,13.5201],[80.1926,13.5207]]],[[[80.1849,13.5354],[80.1799,13.5335],[80.1849,13.5354]]],[[[80.0535,13.5893],[80.0568,13.5868],[80.0535,13.5893]]],[[[80.149,13.6185],[80.1465,13.6107],[80.1612,13.6071],[80.1615,13.5963],[80.1676,13.5899],[80.1601,13.5813],[80.154,13.5557],[80.1418,13.5449],[80.1374,13.5535],[80.1399,13.5671],[80.1265,13.5849],[80.1382,13.5913],[80.1582,13.591],[80.1249,13.6015],[80.1304,13.5946],[80.1307,13.5893],[80.1265,13.5885],[80.1204,13.6057],[80.139,13.6071],[80.149,13.6185]]],[[[80.0971,13.6415],[80.0915,13.6363],[80.0971,13.6415]]],[[[80.1065,13.6529],[80.1082,13.6468],[80.1012,13.6368],[80.1065,13.6529]]],[[[80.1026,13.6776],[80.1062,13.6768],[80.1043,13.6682],[80.1026,13.6776]]],[[[80.0599,15.1999],[80.0624,15.1971],[80.0599,15.1999]]],[[[80.2107,15.5015],[80.2107,15.5015]]],[[[81.0279,15.7657],[81.0201,15.7579],[81.0279,15.7657]]],[[[80.7829,15.8376],[80.791,15.8312],[80.7915,15.824],[80.7829,15.8376]]],[[[80.7879,15.8432],[80.7887,15.8376],[80.7879,15.8432]]],[[[80.786,15.8565],[80.7876,15.8449],[80.786,15.8565]]],[[[80.7735,15.8618],[80.7804,15.8435],[80.7718,15.856],[80.7735,15.8618]]],[[[81.5418,16.3554],[81.5468,16.349],[81.5132,16.3501],[81.5204,16.3546],[81.5285,16.3507],[81.5418,16.3554]]],[[[81.5351,16.356],[81.5315,16.3526],[81.5351,16.356]]],[[[82.3174,16.5765],[82.3149,16.5738],[82.3174,16.5765]]],[[[82.2624,16.6779],[82.2626,16.6696],[82.2624,16.6779]]],[[[82.2995,16.7143],[82.2995,16.7143]]],[[[82.3079,16.7165],[82.3001,16.7113],[82.3079,16.7165]]],[[[82.3149,16.726],[82.3099,16.7187],[82.3149,16.726]]],[[[82.3321,16.7249],[82.3324,16.7282],[82.3321,16.7249]]],[[[82.3321,16.7249],[82.3449,16.7051],[82.3351,16.6988],[82.3363,16.6913],[82.3529,16.7068],[82.3479,16.7124],[82.3429,16.7104],[82.3399,16.7182],[82.3587,16.7121],[82.3649,16.7215],[82.3579,16.7276],[82.3682,16.7229],[82.3268,16.6688],[82.3187,16.6524],[82.3185,16.6288],[82.3124,16.6385],[82.3146,16.6476],[82.3096,16.6513],[82.3193,16.6207],[82.3107,16.6024],[82.2974,16.6129],[82.2838,16.6426],[82.2676,16.6432],[82.2576,16.6504],[82.2562,16.6582],[82.266,16.6715],[82.2588,16.6901],[82.3104,16.7013],[82.329,16.7143],[82.3276,16.7246],[82.3321,16.7249]]],[[[83.1721,17.569],[83.1707,17.566],[83.1721,17.569]]],[[[83.3057,17.6846],[83.3029,17.6826],[83.3057,17.6846]]],[[[83.3121,17.6849],[83.2979,17.6793],[83.3121,17.6849]]],[[[83.2699,17.7087],[83.2699,17.7087]]],[[[82.2995,16.7143],[82.3011,16.7333],[82.2937,16.743],[82.2807,16.7228],[82.2204,16.7183],[82.21,16.7313],[82.2198,16.7449],[82.2218,16.7504],[82.2177,16.7517],[82.1888,16.7272],[82.1746,16.7251],[82.1791,16.7163],[82.1936,16.7085],[82.2154,16.7098],[82.2465,16.6914],[82.2585,16.6899],[82.2615,16.6682],[82.254,16.6568],[82.2565,16.6426],[82.2782,16.6363],[82.2924,16.6087],[82.2868,16.6013],[82.2657,16.5974],[82.2599,16.5868],[82.2665,16.596],[82.2926,16.6026],[82.2996,16.5918],[82.289,16.5707],[82.2779,16.5713],[82.2679,16.564],[82.2735,16.5599],[82.2924,16.5638],[82.3071,16.569],[82.306,16.5746],[82.3099,16.5676],[82.2243,16.5379],[82.1196,16.4857],[82.1126,16.4885],[82.114,16.4837],[82.1085,16.4804],[82.046,16.4476],[82.0329,16.4451],[82.021,16.4315],[81.9446,16.3951],[81.9232,16.3935],[81.854,16.3746],[81.7204,16.3101],[81.7207,16.3185],[81.684,16.3329],[81.561,16.3454],[81.5596,16.3515],[81.541,16.359],[81.5279,16.354],[81.5188,16.3585],[81.5088,16.3524],[81.4587,16.3524],[81.4054,16.3437],[81.4021,16.3521],[81.3993,16.344],[81.3926,16.3474],[81.3829,16.3618],[81.3651,16.3599],[81.356,16.3407],[81.3457,16.3307],[81.371,16.346],[81.3657,16.3521],[81.3799,16.3599],[81.3926,16.3421],[81.3326,16.3199],[81.2699,16.2793],[81.2654,16.2813],[81.2626,16.2712],[81.231,16.2351],[81.2051,16.176],[81.2024,16.1454],[81.1826,16.1435],[81.2018,16.1429],[81.1893,16.1035],[81.141,16.0182],[81.139,15.996],[81.146,15.9743],[81.1326,15.9738],[81.1279,15.9629],[81.0876,15.9296],[81.0193,15.8557],[81.0068,15.8388],[81.0068,15.8315],[81.0043,15.8404],[81.0043,15.8343],[80.9929,15.8207],[80.9938,15.8101],[81.0121,15.7701],[81.0057,15.7668],[81.0062,15.7579],[81.001,15.7518],[80.9635,15.7301],[80.939,15.7182],[80.9318,15.724],[80.8557,15.7104],[80.8226,15.7126],[80.7971,15.7443],[80.7804,15.7826],[80.7826,15.7921],[80.7882,15.7854],[80.7887,15.7726],[80.7937,15.771],[80.7924,15.7601],[80.8029,15.744],[80.8135,15.7396],[80.811,15.7638],[80.7932,15.8146],[80.811,15.816],[80.8121,15.8315],[80.8063,15.8415],[80.774,15.8663],[80.7688,15.8632],[80.7337,15.8757],[80.6868,15.8826],[80.5996,15.8693],[80.5451,15.8524],[80.5374,15.8549],[80.5296,15.8518],[80.5321,15.8476],[80.431,15.8057],[80.3396,15.7474],[80.2704,15.6732],[80.2374,15.601],[80.2265,15.5579],[80.2251,15.5324],[80.2129,15.511],[80.2129,15.5026],[80.209,15.5054],[80.2004,15.4982],[80.2004,15.4949],[80.2118,15.4957],[80.2007,15.4654],[80.1282,15.3774],[80.1112,15.3488],[80.1054,15.3279],[80.099,15.3249],[80.0982,15.3143],[80.0799,15.316],[80.0993,15.3099],[80.0829,15.2624],[80.0885,15.2193],[80.0835,15.1946],[80.0782,15.189],[80.046,15.2093],[80.0638,15.1921],[80.061,15.1904],[80.0774,15.1818],[80.0813,15.186],[80.0665,15.1576],[80.0537,15.1176],[80.0479,15.0774],[80.0546,14.9993],[80.0687,14.9271],[80.0849,14.879],[80.0882,14.8215],[80.0843,14.8215],[80.0888,14.8115],[80.0807,14.8101],[80.0682,14.8196],[80.0593,14.8199],[80.0818,14.8076],[80.0932,14.8101],[80.1015,14.7682],[80.1151,14.7418],[80.1146,14.7312],[80.1165,14.7396],[80.1368,14.7107],[80.1379,14.704],[80.1296,14.6921],[80.1346,14.6929],[80.1401,14.7032],[80.1357,14.7188],[80.1665,14.6212],[80.1726,14.609],[80.1932,14.5999],[80.199,14.5871],[80.1837,14.5368],[80.1724,14.5351],[80.1826,14.5304],[80.1699,14.3607],[80.1387,14.2724],[80.1268,14.1901],[80.1296,14.1238],[80.1262,14.1226],[80.126,14.1343],[80.1221,14.1146],[80.1257,14.1188],[80.1287,14.1121],[80.1299,14.1213],[80.1496,14.0188],[80.1532,14.0218],[80.1515,14.0304],[80.1696,13.9637],[80.1729,13.9601],[80.1557,14.0176],[80.1979,13.9182],[80.2199,13.8774],[80.2351,13.8324],[80.2449,13.8196],[80.2524,13.7801],[80.234,13.6974],[80.2365,13.6385],[80.2421,13.6163],[80.2835,13.5265],[80.301,13.4726],[80.311,13.459],[80.3151,13.4338],[80.306,13.4343],[80.2876,13.4593],[80.2774,13.5221],[80.2751,13.5249],[80.2743,13.5143],[80.2718,13.5235],[80.2643,13.5235],[80.2704,13.5285],[80.2643,13.5613],[80.2499,13.5721],[80.251,13.5788],[80.241,13.5968],[80.2265,13.6076],[80.2182,13.6235],[80.1899,13.6426],[80.1888,13.6674],[80.171,13.6896],[80.1665,13.6868],[80.154,13.7032],[80.144,13.7015],[80.136,13.7188],[80.1404,13.7143],[80.1471,13.7243],[80.1299,13.7238],[80.131,13.7129],[80.1365,13.7138],[80.1401,13.7007],[80.1429,13.7021],[80.1399,13.6907],[80.1476,13.6596],[80.1449,13.6299],[80.1385,13.6129],[80.1262,13.6115],[80.1087,13.6421],[80.1099,13.6582],[80.1182,13.6588],[80.1149,13.6551],[80.1199,13.6507],[80.1118,13.6421],[80.1207,13.6457],[80.1196,13.6632],[80.126,13.6704],[80.1224,13.6782],[80.121,13.6707],[80.1146,13.676],[80.1112,13.6715],[80.1068,13.674],[80.1062,13.684],[80.1115,13.6926],[80.1068,13.7093],[80.1004,13.7021],[80.1076,13.6929],[80.101,13.6871],[80.1035,13.6543],[80.0976,13.6526],[80.0974,13.6615],[80.0888,13.654],[80.0957,13.6688],[80.0793,13.656],[80.0813,13.6504],[80.0912,13.6513],[80.0949,13.6474],[80.0815,13.6446],[80.0726,13.6371],[80.0713,13.6146],[80.076,13.6101],[80.051,13.5882],[80.0665,13.5727],[80.0729,13.5582],[80.0879,13.551],[80.0904,13.5432],[80.0968,13.5407],[80.0999,13.529],[80.1118,13.5165],[80.119,13.5151],[80.1154,13.5076],[80.1179,13.5107],[80.1185,13.5062],[80.1254,13.5057],[80.1249,13.5157],[80.1285,13.5171],[80.1615,13.4896],[80.1796,13.4949],[80.2115,13.4865],[80.2371,13.484],[80.2365,13.4879],[80.2474,13.4726],[80.2621,13.4729],[80.2737,13.4446],[80.281,13.4382],[80.2754,13.4379],[80.2685,13.4174],[80.2776,13.4357],[80.2901,13.4349],[80.3004,13.4268],[80.3024,13.416],[80.3037,13.4252],[80.313,13.4279],[80.3165,13.3764],[80.3121,13.3694],[80.2931,13.3834],[80.276,13.3891],[80.2741,13.3984],[80.28,13.4021],[80.2661,13.418],[80.2599,13.4474],[80.2464,13.4654],[80.2303,13.4769],[80.2118,13.4823],[80.1941,13.4762],[80.1521,13.4789],[80.1279,13.499],[80.1004,13.5052],[80.0877,13.5266],[80.0794,13.5294],[80.0763,13.5261],[80.0694,13.5376],[80.051,13.5305],[80.0454,13.522],[80.0175,13.5251],[80.0077,13.5324],[79.9897,13.5268],[79.9902,13.5101],[80.0062,13.5151],[80.0136,13.5039],[80.0328,13.5018],[80.037,13.4994],[80.036,13.4845],[80.0059,13.4878],[79.9954,13.4595],[79.9875,13.4619],[79.9619,13.4513],[79.9632,13.4179],[79.9509,13.4081],[79.936,13.4096],[79.9325,13.4044],[79.9356,13.3849],[79.9503,13.382],[79.9536,13.3741],[79.948,13.3672],[79.9397,13.3691],[79.94,13.3581],[79.9255,13.3359],[79.9107,13.3437],[79.8918,13.3246],[79.8706,13.3118],[79.8589,13.3137],[79.8512,13.3034],[79.8003,13.3043],[79.7873,13.2846],[79.7798,13.2821],[79.7541,13.3028],[79.7461,13.28],[79.7213,13.2722],[79.7218,13.2657],[79.7528,13.2438],[79.7754,13.2341],[79.7849,13.2235],[79.7833,13.2179],[79.7736,13.2175],[79.7518,13.2048],[79.7444,13.1949],[79.7383,13.1983],[79.7325,13.215],[79.7228,13.2219],[79.7186,13.2226],[79.7157,13.2144],[79.6996,13.2027],[79.6888,13.2074],[79.696,13.2339],[79.6919,13.2385],[79.6807,13.2284],[79.6733,13.2295],[79.6738,13.247],[79.6843,13.2567],[79.6685,13.2819],[79.6626,13.2681],[79.6534,13.2746],[79.6385,13.2762],[79.6325,13.2735],[79.6296,13.2609],[79.6208,13.259],[79.6011,13.2677],[79.5887,13.2604],[79.5854,13.2471],[79.5803,13.2454],[79.5654,13.2494],[79.5487,13.2671],[79.5414,13.2789],[79.5358,13.3111],[79.5227,13.3159],[79.4872,13.3166],[79.4793,13.3215],[79.4289,13.3236],[79.3746,13.303],[79.4054,13.2854],[79.4218,13.2867],[79.425,13.2813],[79.4184,13.2746],[79.419,13.2663],[79.4087,13.2467],[79.4108,13.2122],[79.417,13.2122],[79.4182,13.2185],[79.4361,13.2298],[79.4425,13.2292],[79.4455,13.2168],[79.4216,13.2085],[79.4238,13.1875],[79.3784,13.1824],[79.369,13.1763],[79.3708,13.1686],[79.3612,13.156],[79.3478,13.163],[79.3467,13.1349],[79.3546,13.1298],[79.3444,13.1236],[79.3353,13.1275],[79.3307,13.1212],[79.3167,13.1194],[79.3079,13.0969],[79.2975,13.0974],[79.2988,13.1148],[79.285,13.1229],[79.2738,13.1209],[79.2674,13.1412],[79.2565,13.1365],[79.2472,13.1481],[79.2433,13.1334],[79.2367,13.1268],[79.2183,13.1356],[79.2147,13.1277],[79.2224,13.116],[79.2183,13.1039],[79.2074,13.0914],[79.1933,13.0897],[79.1889,13.0846],[79.1791,13.0601],[79.1694,13.053],[79.1747,13.0497],[79.1723,13.0437],[79.1765,13.0383],[79.1731,13.0193],[79.1527,13.0073],[79.1193,13.0226],[79.1044,13.0242],[79.0828,13.0125],[79.0691,13.0142],[79.054,13.0282],[79.0533,13.038],[79.0259,13.0496],[79.0228,13.0564],[79.0004,13.0579],[78.9796,13.0765],[78.9647,13.0728],[78.9592,13.0654],[78.9458,13.0635],[78.9366,13.07],[78.9301,13.066],[78.9144,13.0678],[78.9087,13.0505],[78.9009,13.0521],[78.8935,13.0351],[78.9174,13.0326],[78.9287,13.0215],[78.9246,13.0186],[78.9159,13.0231],[78.8819,13.0198],[78.8835,13.082],[78.876,13.0862],[78.8647,13.0847],[78.8584,13.0711],[78.8323,13.0696],[78.8081,13.0779],[78.7775,13.0532],[78.746,13.0454],[78.7024,13.0562],[78.6938,13.0044],[78.6511,13.0179],[78.6373,12.9968],[78.6137,12.9789],[78.6379,12.9544],[78.629,12.9531],[78.6467,12.919],[78.6375,12.9159],[78.6257,12.9192],[78.6122,12.8886],[78.6044,12.8574],[78.5916,12.8386],[78.5977,12.8111],[78.5882,12.8048],[78.5898,12.7925],[78.5825,12.7853],[78.5801,12.7672],[78.5657,12.759],[78.5668,12.7522],[78.5455,12.7439],[78.5503,12.7388],[78.5456,12.7286],[78.5539,12.7261],[78.5455,12.7074],[78.5522,12.6971],[78.5451,12.6926],[78.5477,12.6856],[78.5244,12.6797],[78.5185,12.6924],[78.5209,12.6972],[78.5256,12.6948],[78.5264,12.7012],[78.5123,12.708],[78.5109,12.7217],[78.5074,12.7131],[78.5036,12.7134],[78.4943,12.7304],[78.4844,12.7348],[78.4797,12.73],[78.4844,12.7231],[78.4936,12.7112],[78.509,12.7049],[78.5098,12.6988],[78.5039,12.6933],[78.4934,12.7035],[78.493,12.6937],[78.4863,12.6905],[78.4971,12.6765],[78.4886,12.6633],[78.4741,12.6592],[78.4577,12.6623],[78.4629,12.6354],[78.4548,12.612],[78.4474,12.6165],[78.4249,12.6149],[78.4183,12.6206],[78.3998,12.6133],[78.3683,12.6118],[78.3294,12.6384],[78.3224,12.6372],[78.3088,12.65],[78.2905,12.6529],[78.2644,12.6918],[78.2327,12.6938],[78.2274,12.6893],[78.2281,12.6739],[78.2001,12.6756],[78.1899,12.6813],[78.1988,12.6887],[78.1961,12.6967],[78.2203,12.7033],[78.2289,12.7202],[78.2193,12.747],[78.2295,12.762],[78.2402,12.8031],[78.2411,12.8474],[78.2626,12.8566],[78.2757,12.8492],[78.3031,12.8472],[78.3041,12.8658],[78.3216,12.8629],[78.3275,12.874],[78.3109,12.8738],[78.3135,12.8886],[78.3165,12.8926],[78.3272,12.8892],[78.3454,12.9281],[78.3783,12.8952],[78.3851,12.8963],[78.3884,12.9055],[78.4029,12.8913],[78.4173,12.889],[78.4247,12.8934],[78.4264,12.9021],[78.4358,12.9007],[78.4385,12.8797],[78.4527,12.8655],[78.4542,12.8532],[78.4561,12.8928],[78.4214,12.9235],[78.4246,12.9382],[78.4198,12.9467],[78.4274,12.9505],[78.4227,12.9686],[78.4579,12.9632],[78.4614,12.9791],[78.4523,13.0038],[78.4516,13.0315],[78.4611,13.032],[78.4711,13.0439],[78.5046,13.0528],[78.4986,13.0698],[78.5019,13.0817],[78.5138,13.0847],[78.5148,13.0911],[78.528,13.0974],[78.5111,13.1063],[78.5088,13.1196],[78.5214,13.1291],[78.5354,13.1307],[78.5327,13.1421],[78.5388,13.1516],[78.5691,13.1565],[78.5633,13.1774],[78.5425,13.1802],[78.5409,13.1873],[78.5584,13.1922],[78.5687,13.2043],[78.5572,13.212],[78.5594,13.2304],[78.5775,13.2621],[78.5672,13.2718],[78.5557,13.2994],[78.5506,13.276],[78.5472,13.2727],[78.5288,13.2759],[78.5208,13.2556],[78.512,13.26],[78.5012,13.2772],[78.4726,13.2911],[78.4717,13.3079],[78.4664,13.3101],[78.436,13.2984],[78.4291,13.3171],[78.4245,13.3191],[78.3913,13.3037],[78.3791,13.3169],[78.367,13.32],[78.3713,13.3324],[78.3775,13.3313],[78.3754,13.3264],[78.3884,13.3185],[78.3952,13.3226],[78.3974,13.3323],[78.3748,13.3464],[78.3564,13.3467],[78.3552,13.3551],[78.3713,13.391],[78.3626,13.4521],[78.3673,13.4669],[78.3673,13.4952],[78.3978,13.5662],[78.3908,13.5781],[78.3803,13.5813],[78.3437,13.5778],[78.3125,13.5835],[78.2497,13.5743],[78.2277,13.5872],[78.2226,13.5771],[78.2085,13.5819],[78.1958,13.5607],[78.1833,13.5564],[78.1795,13.5789],[78.1937,13.5949],[78.1939,13.6162],[78.1858,13.6212],[78.1605,13.6234],[78.1558,13.6487],[78.1074,13.6471],[78.0939,13.6403],[78.0906,13.633],[78.0807,13.6353],[78.08,13.6504],[78.0583,13.667],[78.0641,13.6746],[78.0641,13.6882],[78.0852,13.6806],[78.1054,13.6844],[78.1094,13.7102],[78.0849,13.7335],[78.0953,13.7503],[78.111,13.7618],[78.1182,13.7769],[78.1077,13.8036],[78.1173,13.8218],[78.106,13.8535],[78.0749,13.8549],[78.0709,13.872],[78.0412,13.8867],[78.0429,13.8638],[78.0378,13.8529],[78.0156,13.8544],[78.0048,13.8617],[77.9852,13.8617],[77.9658,13.8202],[77.9446,13.82],[77.9481,13.8294],[77.9425,13.8802],[77.978,13.8934],[77.9734,13.9199],[77.9786,13.9477],[77.9613,13.95],[77.9508,13.9279],[77.9389,13.9246],[77.9198,13.8987],[77.9116,13.8972],[77.8897,13.9114],[77.887,13.9312],[77.8301,13.9272],[77.8183,13.9349],[77.8085,13.9226],[77.8064,13.9086],[77.8111,13.8947],[77.821,13.8892],[77.825,13.8799],[77.8272,13.8716],[77.8192,13.866],[77.8277,13.8606],[77.8108,13.8521],[77.8028,13.8407],[77.776,13.8359],[77.7785,13.8129],[77.7284,13.8017],[77.7129,13.7905],[77.7135,13.7462],[77.7087,13.7327],[77.7022,13.731],[77.6955,13.7614],[77.6637,13.7523],[77.6718,13.7701],[77.6702,13.7775],[77.6491,13.7758],[77.6105,13.7554],[77.6126,13.7469],[77.6338,13.7413],[77.6367,13.7352],[77.6285,13.7299],[77.6156,13.7284],[77.6043,13.7426],[77.5956,13.7436],[77.5736,13.7267],[77.5666,13.7294],[77.5561,13.7165],[77.5481,13.7204],[77.5395,13.7437],[77.5197,13.7439],[77.5151,13.737],[77.5275,13.719],[77.5215,13.6879],[77.5123,13.6857],[77.5028,13.7044],[77.4873,13.7068],[77.4797,13.7032],[77.4851,13.6867],[77.4829,13.6797],[77.4498,13.6758],[77.4448,13.6958],[77.4568,13.7126],[77.4626,13.7436],[77.4508,13.7855],[77.4575,13.7971],[77.4406,13.8023],[77.4287,13.788],[77.4169,13.7909],[77.4193,13.7997],[77.4087,13.7993],[77.4262,13.8297],[77.4245,13.8351],[77.3729,13.8313],[77.3731,13.8382],[77.3595,13.8457],[77.3272,13.8248],[77.32,13.8258],[77.3069,13.8572],[77.2897,13.85],[77.2829,13.841],[77.2504,13.8395],[77.253,13.8561],[77.2407,13.8659],[77.2416,13.8889],[77.2401,13.8941],[77.2338,13.8949],[77.2255,13.8955],[77.2115,13.8614],[77.2081,13.8604],[77.2088,13.8784],[77.2049,13.8812],[77.1969,13.8595],[77.1927,13.8562],[77.1788,13.8598],[77.1751,13.8614],[77.1822,13.9013],[77.177,13.9174],[77.1596,13.9085],[77.1559,13.8998],[77.1649,13.8662],[77.1625,13.857],[77.1394,13.859],[77.1239,13.8494],[77.1253,13.843],[77.1458,13.8349],[77.1479,13.8289],[77.1622,13.8207],[77.1541,13.8006],[77.1585,13.7871],[77.1713,13.7721],[77.1666,13.7547],[77.1375,13.7557],[77.1235,13.7509],[77.0953,13.7609],[77.0804,13.7534],[77.0806,13.7374],[77.06,13.7389],[77.0352,13.7693],[77.0264,13.7714],[77.0199,13.7699],[77.0114,13.7327],[76.9926,13.7426],[76.9812,13.7858],[76.9858,13.793],[76.9837,13.8042],[76.9688,13.8102],[76.9684,13.8144],[76.984,13.8277],[76.9863,13.8392],[76.9941,13.839],[77.006,13.8501],[77.0173,13.8934],[77.0413,13.8974],[77.0358,13.9256],[76.989,13.9567],[76.9944,13.9815],[76.9752,13.9966],[76.9486,14.0068],[76.9408,14.0206],[76.9311,14.0227],[76.938,14.0476],[76.9715,14.0524],[76.975,14.0653],[76.9681,14.0797],[76.9463,14.0853],[76.9482,14.0966],[76.9429,14.1119],[76.927,14.1272],[76.9224,14.129],[76.9125,14.1221],[76.8837,14.131],[76.8914,14.159],[76.8968,14.1619],[76.9172,14.1577],[76.923,14.1634],[76.937,14.1659],[76.9416,14.1893],[76.9585,14.1755],[77.0198,14.1727],[77.0138,14.1274],[77.0203,14.1223],[77.0166,14.1061],[77.0083,14.0981],[77.024,14.0834],[77.0202,14.0614],[77.0237,14.0533],[77.069,14.0472],[77.0695,14.0394],[77.0765,14.0381],[77.1211,14.0422],[77.134,14.0097],[77.1343,13.9981],[77.1473,13.9916],[77.1544,13.9906],[77.1628,13.9978],[77.1617,14.0062],[77.1714,14.0086],[77.1946,14.0029],[77.2188,14.0079],[77.2426,14.0063],[77.2558,14.021],[77.2715,14.0281],[77.2726,14.008],[77.2785,14.0069],[77.3036,14.0267],[77.3135,14.0248],[77.3303,13.9904],[77.3538,13.9823],[77.3437,13.9509],[77.3626,13.9423],[77.3426,13.9122],[77.3483,13.8965],[77.3904,13.8977],[77.3919,13.8799],[77.3971,13.8805],[77.4256,13.9021],[77.4274,13.9092],[77.4102,13.9146],[77.4077,13.9361],[77.4287,13.9433],[77.4306,13.9688],[77.4205,13.9769],[77.3757,13.9691],[77.3732,13.9817],[77.3834,14.0074],[77.3262,14.0229],[77.338,14.0538],[77.3501,14.0534],[77.3586,14.0589],[77.3614,14.066],[77.3724,14.0719],[77.3797,14.0904],[77.3954,14.1034],[77.3964,14.1106],[77.3897,14.1186],[77.3589,14.1087],[77.3445,14.096],[77.3477,14.1243],[77.3767,14.1296],[77.3826,14.1477],[77.3896,14.1535],[77.3897,14.1653],[77.4097,14.1697],[77.4235,14.1651],[77.4633,14.1642],[77.5004,14.151],[77.5104,14.172],[77.4901,14.2276],[77.4994,14.2605],[77.4963,14.2718],[77.4844,14.2753],[77.4793,14.2848],[77.4547,14.2722],[77.4436,14.2776],[77.4423,14.3098],[77.4275,14.3049],[77.4259,14.3208],[77.3949,14.3292],[77.3857,14.3249],[77.3739,14.3051],[77.375,14.2952],[77.3843,14.2656],[77.401,14.2604],[77.4157,14.212],[77.4149,14.2032],[77.3912,14.1909],[77.3838,14.1918],[77.3816,14.2102],[77.3554,14.23],[77.3593,14.2693],[77.2796,14.2761],[77.2811,14.3311],[77.2579,14.3257],[77.2451,14.3145],[77.232,14.3111],[77.2229,14.315],[77.1964,14.3143],[77.1522,14.3377],[77.1464,14.3322],[77.1405,14.3361],[77.1319,14.3306],[77.1258,14.3015],[77.1119,14.2875],[77.1069,14.2618],[77.1155,14.2568],[77.1051,14.2133],[77.0753,14.2094],[77.0496,14.2395],[77.033,14.2405],[77.0041,14.2316],[76.9825,14.2382],[76.9514,14.2342],[76.9378,14.2401],[76.9249,14.2722],[76.9438,14.2817],[76.9501,14.294],[76.9429,14.3054],[76.899,14.3192],[76.8791,14.3464],[76.8831,14.3903],[76.8966,14.3945],[76.9131,14.4136],[76.9416,14.3995],[76.9438,14.4451],[76.9586,14.4454],[76.9644,14.4517],[76.9742,14.4704],[76.9734,14.4783],[76.9065,14.4842],[76.8702,14.4684],[76.8542,14.4989],[76.8276,14.5231],[76.8197,14.5203],[76.7997,14.5277],[76.7862,14.5531],[76.7763,14.5903],[76.7728,14.5872],[76.7609,14.5963],[76.7713,14.6738],[76.7981,14.7346],[76.7804,14.7793],[76.811,14.7814],[76.8207,14.7866],[76.8338,14.7849],[76.8372,14.8041],[76.8487,14.804],[76.8496,14.8118],[76.8401,14.83],[76.8494,14.8387],[76.8541,14.8614],[76.8438,14.8864],[76.8461,14.8903],[76.8603,14.8912],[76.8655,14.9376],[76.8645,14.964],[76.8412,14.9612],[76.8279,14.951],[76.8155,14.9638],[76.7969,14.9629],[76.7638,14.9699],[76.757,14.983],[76.7652,14.9891],[76.7695,15.0006],[76.7797,15.0059],[76.7846,15.0167],[76.7708,15.0583],[76.7742,15.0714],[76.7839,15.0757],[76.7822,15.0788],[76.7969,15.0908],[76.8606,15.0567],[76.8767,15.0287],[76.8962,15.0319],[76.9427,15.027],[76.9668,15.0132],[76.9818,15.0104],[76.9835,15.0204],[77.0007,15.0296],[77.0469,15.0292],[77.0488,15.0239],[77.041,15.0055],[77.0788,15],[77.0821,15.0223],[77.0908,15.0277],[77.1096,15.0286],[77.1255,15.0682],[77.1276,15.0936],[77.1477,15.1073],[77.154,15.1205],[77.1528,15.1316],[77.1354,15.136],[77.1321,15.1427],[77.137,15.1493],[77.1593,15.1521],[77.1645,15.1685],[77.1582,15.1938],[77.1414,15.2181],[77.1209,15.2212],[77.1235,15.2333],[77.1327,15.2346],[77.1403,15.2516],[77.1653,15.251],[77.1641,15.2591],[77.1452,15.2661],[77.1479,15.2857],[77.1154,15.2899],[77.1097,15.3273],[77.0691,15.3195],[77.0616,15.3219],[77.0629,15.3379],[77.038,15.3588],[77.0438,15.3837],[77.041,15.3915],[77.0285,15.4013],[77.031,15.4183],[77.0274,15.4352],[77.0061,15.4482],[76.996,15.4675],[76.9704,15.4909],[76.9719,15.5063],[76.996,15.4997],[77.0054,15.5028],[77.0266,15.5],[77.0289,15.5251],[77.0237,15.5764],[77.0289,15.5983],[77.0293,15.6338],[77.0689,15.6409],[77.0814,15.6528],[77.1162,15.6251],[77.1209,15.6372],[77.125,15.6591],[77.1008,15.6789],[77.0759,15.6909],[77.0817,15.6953],[77.0844,15.709],[77.0763,15.7104],[77.0763,15.7214],[77.0471,15.725],[77.0472,15.7332],[77.0432,15.7345],[77.0467,15.7513],[77.0517,15.7501],[77.0497,15.7641],[77.0537,15.7637],[77.0625,15.7784],[77.0672,15.7961],[77.0615,15.7979],[77.0639,15.8232],[77.0415,15.8217],[77.0223,15.8318],[77.066,15.8993],[77.0901,15.9179],[77.1299,15.9304],[77.1434,15.9406],[77.1806,15.9501],[77.2271,15.9516],[77.2489,15.9577],[77.2824,15.9474],[77.3002,15.9505],[77.3148,15.9452],[77.3536,15.9437],[77.3762,15.9333],[77.4076,15.9357],[77.4264,15.9423],[77.467,15.9276],[77.4973,15.9263],[77.5095,15.9209],[77.5159,15.9575],[77.5055,15.9727],[77.5101,16.0023],[77.5017,16.0055],[77.4907,16.0306],[77.5029,16.0732],[77.4929,16.0838],[77.4979,16.0972],[77.5094,16.1035],[77.4954,16.1147],[77.4867,16.1158],[77.4881,16.1474],[77.4836,16.1586],[77.4949,16.1871],[77.4953,16.213],[77.5088,16.2149],[77.5108,16.2233],[77.4888,16.2244],[77.4876,16.2498],[77.499,16.2579],[77.5012,16.2678],[77.5193,16.2709],[77.5338,16.2626],[77.5432,16.2871],[77.565,16.2977],[77.5807,16.2861],[77.5903,16.2869],[77.5908,16.312],[77.5844,16.328],[77.5916,16.3375],[77.5718,16.336],[77.5545,16.3416],[77.5352,16.3529],[77.5189,16.3701],[77.4945,16.3758],[77.4381,16.3744],[77.4278,16.3651],[77.4117,16.3627],[77.3732,16.3799],[77.3525,16.3766],[77.3429,16.3797],[77.3327,16.3883],[77.2847,16.403],[77.2644,16.4301],[77.2582,16.4473],[77.2352,16.4681],[77.2389,16.4729],[77.2515,16.4679],[77.292,16.4736],[77.2966,16.4915],[77.3244,16.4809],[77.3663,16.4841],[77.3691,16.5021],[77.3791,16.5107],[77.4006,16.516],[77.412,16.5138],[77.4153,16.5178],[77.4157,16.544],[77.4016,16.5468],[77.3903,16.5598],[77.3914,16.5652],[77.4173,16.5639],[77.4367,16.5812],[77.4642,16.5842],[77.4588,16.5921],[77.4642,16.5951],[77.4636,16.6048],[77.4539,16.6074],[77.4538,16.6138],[77.4713,16.6435],[77.4694,16.6469],[77.4614,16.6488],[77.4441,16.6358],[77.4329,16.6376],[77.4362,16.6425],[77.4168,16.6548],[77.4166,16.6628],[77.4372,16.6666],[77.4464,16.6742],[77.4617,16.6724],[77.465,16.6783],[77.4668,16.7119],[77.4454,16.7138],[77.4374,16.7075],[77.4234,16.7145],[77.4353,16.7496],[77.4375,16.7832],[77.4711,16.7791],[77.4718,16.7963],[77.4627,16.8045],[77.4566,16.8238],[77.4603,16.8545],[77.4576,16.8793],[77.4522,16.8816],[77.4534,16.909],[77.4677,16.9171],[77.4641,16.9527],[77.4792,16.968],[77.4784,16.9903],[77.4832,16.9987],[77.4994,17.0073],[77.492,17.0217],[77.4919,17.0388],[77.4781,17.061],[77.4769,17.0762],[77.4603,17.0928],[77.4626,17.1041],[77.4386,17.1146],[77.4338,17.1112],[77.4235,17.1141],[77.4037,17.1232],[77.3989,17.1319],[77.3763,17.1379],[77.3754,17.1487],[77.3669,17.1513],[77.36,17.1616],[77.3649,17.1649],[77.3708,17.1901],[77.3915,17.1924],[77.3934,17.2069],[77.3988,17.2088],[77.3846,17.213],[77.3804,17.2198],[77.4055,17.2374],[77.4149,17.2299],[77.4226,17.2533],[77.4545,17.2759],[77.4528,17.2866],[77.434,17.2883],[77.4496,17.3149],[77.4551,17.3379],[77.4564,17.345],[77.4498,17.35],[77.4516,17.3705],[77.4793,17.3696],[77.4724,17.3632],[77.4745,17.3592],[77.4991,17.3541],[77.5208,17.3621],[77.528,17.3721],[77.5302,17.3779],[77.5213,17.3863],[77.5355,17.4041],[77.5107,17.4125],[77.5101,17.4273],[77.5335,17.441],[77.5726,17.4295],[77.5732,17.4542],[77.5959,17.4427],[77.6106,17.4442],[77.6109,17.4699],[77.6404,17.476],[77.6442,17.4949],[77.6528,17.5033],[77.6481,17.4812],[77.684,17.4729],[77.687,17.4916],[77.6856,17.5057],[77.6661,17.51],[77.6566,17.5213],[77.6212,17.5223],[77.6166,17.5294],[77.5917,17.5327],[77.5898,17.5628],[77.5484,17.5495],[77.5367,17.5713],[77.5274,17.5732],[77.5016,17.5409],[77.4968,17.5434],[77.49,17.5663],[77.4741,17.5651],[77.4612,17.577],[77.4399,17.5815],[77.4405,17.6041],[77.4465,17.6072],[77.4532,17.6308],[77.445,17.6484],[77.4503,17.6913],[77.4716,17.704],[77.4742,17.7014],[77.4811,17.7069],[77.4845,17.7037],[77.4943,17.716],[77.5054,17.7145],[77.5276,17.7271],[77.5394,17.7254],[77.562,17.7471],[77.566,17.7641],[77.5545,17.7613],[77.523,17.7796],[77.5093,17.7801],[77.5045,17.7826],[77.507,17.793],[77.5109,17.8014],[77.5261,17.8117],[77.526,17.8268],[77.5437,17.8263],[77.5448,17.817],[77.5497,17.818],[77.5635,17.842],[77.5622,17.8491],[77.566,17.8496],[77.5674,17.8661],[77.5727,17.8728],[77.5777,17.8712],[77.5813,17.8758],[77.5967,17.8705],[77.5978,17.8771],[77.5831,17.8984],[77.5852,17.9082],[77.6166,17.9029],[77.6168,17.9381],[77.6289,17.9485],[77.6237,17.9578],[77.6297,17.963],[77.6318,17.9535],[77.644,17.9464],[77.6474,17.9532],[77.6428,17.9573],[77.6443,17.9627],[77.652,17.9643],[77.6534,17.9694],[77.6436,17.9735],[77.6489,17.9784],[77.6462,17.9932],[77.6382,17.9965],[77.6288,17.9925],[77.6215,17.9983],[77.6223,18.0047],[77.6101,18.0105],[77.6067,18.018],[77.5922,18.0102],[77.5873,18.0133],[77.585,18.0248],[77.5531,18.0347],[77.5521,18.0469],[77.5457,18.0538],[77.5474,18.0636],[77.5567,18.0622],[77.5673,18.0763],[77.5975,18.0843],[77.6006,18.0994],[77.5935,18.1279],[77.5978,18.1518],[77.5794,18.1621],[77.57,18.1892],[77.5643,18.19],[77.5643,18.2006],[77.5744,18.1999],[77.585,18.2167],[77.5725,18.2406],[77.603,18.278],[77.5707,18.2905],[77.561,18.2831],[77.55,18.2913],[77.5702,18.3082],[77.5669,18.3179],[77.5534,18.3312],[77.5273,18.3394],[77.5195,18.3493],[77.5214,18.3647],[77.5493,18.3877],[77.5552,18.4179],[77.5352,18.4212],[77.5259,18.4274],[77.5285,18.4405],[77.5464,18.4406],[77.5602,18.435],[77.5852,18.4455],[77.5836,18.4536],[77.5498,18.458],[77.5462,18.4634],[77.5706,18.4669],[77.5765,18.4838],[77.5908,18.4811],[77.5931,18.4735],[77.6011,18.4742],[77.6028,18.4914],[77.5939,18.4939],[77.5863,18.5029],[77.5871,18.5099],[77.6014,18.522],[77.5933,18.5231],[77.5973,18.5475],[77.6109,18.5478],[77.6133,18.5424],[77.6163,18.5487],[77.6291,18.5506],[77.6344,18.5452],[77.6405,18.5539],[77.6488,18.5526],[77.6522,18.5496],[77.6453,18.5363],[77.6576,18.5272],[77.6759,18.5413],[77.7124,18.5544],[77.7279,18.5515],[77.7365,18.5548],[77.7481,18.6053],[77.7297,18.6427],[77.7332,18.6621],[77.7281,18.6642],[77.7329,18.676],[77.7495,18.6898],[77.7499,18.6978],[77.7576,18.7071],[77.7644,18.7079],[77.7694,18.6906],[77.7864,18.6841],[77.7865,18.6943],[77.8022,18.7161],[77.8027,18.7293],[77.8375,18.8075],[77.9076,18.8295],[77.9287,18.8217],[77.9426,18.8223],[77.9441,18.8423],[77.9296,18.8465],[77.9324,18.8509],[77.9246,18.8541],[77.9253,18.8592],[77.8992,18.8679],[77.8987,18.8837],[77.8877,18.8851],[77.8816,18.9085],[77.8566,18.9061],[77.8405,18.9113],[77.8537,18.9523],[77.8305,18.9502],[77.8274,18.9457],[77.8127,18.9495],[77.8171,18.9824],[77.7871,18.9843],[77.7815,18.9763],[77.7674,18.9814],[77.7653,19.0154],[77.7574,19.0286],[77.7617,19.062],[77.7972,19.0513],[77.7935,19.0712],[77.8013,19.0844],[77.8027,19.102],[77.8152,19.1037],[77.8286,19.0849],[77.8481,19.0901],[77.8441,19.0961],[77.8452,19.1142],[77.8311,19.1357],[77.8377,19.1383],[77.8492,19.1553],[77.853,19.1768],[77.8584,19.1808],[77.8445,19.1882],[77.8465,19.197],[77.8615,19.2263],[77.8674,19.2553],[77.8846,19.2602],[77.9004,19.2561],[77.9057,19.2672],[77.9007,19.2771],[77.8619,19.2841],[77.8609,19.3021],[77.888,19.3124],[77.8933,19.3212],[77.9058,19.3158],[77.9123,19.318],[77.9406,19.3425],[77.9489,19.3413],[77.9769,19.3211],[77.9855,19.309],[78.0183,19.2963],[78.0329,19.2741],[78.0457,19.2709],[78.0511,19.2418],[78.0576,19.2398],[78.0751,19.2466],[78.0823,19.2548],[78.0994,19.2455],[78.1267,19.2464],[78.1497,19.2301],[78.1701,19.2363],[78.1833,19.2415],[78.1864,19.2494],[78.1832,19.279],[78.1932,19.3029],[78.1972,19.3317],[78.1871,19.3386],[78.1796,19.353],[78.1876,19.3956],[78.1822,19.4118],[78.1981,19.4075],[78.2243,19.434],[78.252,19.4301],[78.2732,19.4538],[78.2973,19.4488],[78.3089,19.4564],[78.3121,19.4793],[78.2994,19.5041],[78.295,19.5373],[78.2791,19.5582],[78.2965,19.5584],[78.2999,19.5668],[78.3112,19.5718],[78.311,19.6042],[78.2876,19.6545],[78.2697,19.6631],[78.2858,19.6897],[78.3161,19.6906],[78.3227,19.7037],[78.3453,19.7136],[78.3454,19.7344],[78.3532,19.7378],[78.3677,19.7811],[78.367,19.7945],[78.3605,19.8057],[78.3392,19.8135],[78.336,19.8187],[78.3414,19.8329],[78.339,19.8392],[78.2941,19.8496],[78.3102,19.9127],[78.3284,19.9161],[78.3351,19.9101],[78.3346,19.9043],[78.323,19.895],[78.3363,19.8832],[78.3841,19.8792],[78.3859,19.8527],[78.3977,19.8364],[78.4287,19.8231],[78.4762,19.8164],[78.4939,19.7932],[78.5037,19.7924],[78.5124,19.8143],[78.5263,19.8217],[78.585,19.8117],[78.6037,19.8175],[78.6352,19.8038],[78.6959,19.7897],[78.7164,19.7668],[78.7384,19.7794],[78.7632,19.7756],[78.7849,19.7787],[78.8076,19.758],[78.8383,19.7621],[78.8456,19.7584],[78.8569,19.7313],[78.8635,19.6968],[78.8588,19.6563],[78.891,19.6553],[78.9159,19.6677],[78.935,19.6622],[78.9542,19.6634],[78.969,19.6492],[78.9629,19.6173],[78.9656,19.6045],[78.9805,19.5851],[78.9496,19.5575],[78.9546,19.5518],[78.9785,19.5509],[78.9929,19.562],[79.0184,19.54],[79.0515,19.5453],[79.0634,19.5313],[79.1029,19.528],[79.1047,19.5127],[79.1403,19.5011],[79.1778,19.4607],[79.189,19.4587],[79.2229,19.4678],[79.2068,19.4917],[79.2157,19.5106],[79.2366,19.5268],[79.2398,19.5595],[79.2501,19.5777],[79.2487,19.5869],[79.2377,19.5995],[79.2371,19.6095],[79.2439,19.6126],[79.3048,19.5902],[79.3143,19.5655],[79.3297,19.5737],[79.369,19.5712],[79.3712,19.5615],[79.4136,19.5335],[79.4413,19.5335],[79.4582,19.519],[79.4704,19.4975],[79.5134,19.5181],[79.515,19.542],[79.5427,19.5485],[79.5525,19.52],[79.5827,19.5031],[79.5981,19.5038],[79.6072,19.5395],[79.6214,19.5651],[79.6397,19.575],[79.7129,19.5833],[79.7403,19.6031],[79.7776,19.5977],[79.7854,19.5936],[79.7933,19.5801],[79.8111,19.5738],[79.8282,19.537],[79.8702,19.505],[79.911,19.4923],[79.9402,19.4645],[79.945,19.4588],[79.9458,19.4408],[79.9731,19.401],[79.9645,19.3507],[79.9572,19.3346],[79.9618,19.2975],[79.9452,19.2841],[79.9202,19.2264],[79.9225,19.2034],[79.9432,19.1706],[79.9407,19.1644],[79.9261,19.161],[79.906,19.1418],[79.8712,19.1227],[79.858,19.1041],[79.8596,19.0346],[79.8908,19.0455],[79.9161,19.0474],[79.926,19.0425],[79.9345,19.0217],[79.9313,18.9748],[79.9409,18.9377],[79.939,18.8589],[79.9255,18.8375],[79.894,18.8308],[79.9091,18.8067],[79.932,18.7844],[80.0124,18.7668],[80.0187,18.751],[80.0329,18.7464],[80.0464,18.7209],[80.0619,18.7165],[80.0747,18.7026],[80.0821,18.7025],[80.1108,18.6762],[80.1581,18.6959],[80.171,18.6773],[80.189,18.6756],[80.2019,18.6974],[80.2144,18.7011],[80.2253,18.6962],[80.2467,18.7013],[80.2675,18.718],[80.2779,18.711],[80.2963,18.6856],[80.3193,18.6217],[80.3315,18.5966],[80.3418,18.5864],[80.3529,18.5909],[80.3625,18.6037],[80.3705,18.6031],[80.3816,18.5936],[80.3933,18.603],[80.416,18.6088],[80.4502,18.6264],[80.4677,18.6228],[80.4835,18.6281],[80.4981,18.6177],[80.5107,18.6157],[80.532,18.5861],[80.5578,18.5728],[80.5679,18.5615],[80.5956,18.5491],[80.6138,18.5261],[80.6327,18.5188],[80.6346,18.4986],[80.6508,18.4723],[80.6989,18.436],[80.691,18.4194],[80.713,18.4057],[80.7265,18.409],[80.7288,18.4038],[80.7163,18.3829],[80.7242,18.372],[80.7264,18.3503],[80.7429,18.3222],[80.7446,18.3022],[80.7774,18.2597],[80.7881,18.254],[80.7843,18.2433],[80.7333,18.2188],[80.7346,18.1717],[80.7451,18.1648],[80.7624,18.163],[80.7979,18.1663],[80.8179,18.1871],[80.8172,18.2252],[80.8189,18.231],[80.8296,18.2341],[80.8396,18.228],[80.8591,18.226],[80.8675,18.2073],[80.8613,18.1987],[80.8482,18.1977],[80.8558,18.1429],[80.862,18.1327],[80.9007,18.1347],[80.932,18.1494],[80.9542,18.167],[80.9737,18.1682],[80.9726,18.1436],[80.9494,18.1232],[80.9498,18.0983],[80.944,18.081],[80.966,18.0435],[80.9623,18.0315],[80.9847,17.9229],[80.9943,17.9142],[81.0043,17.8383],[81.0126,17.8167],[81.0324,17.7897],[81.0452,17.784],[81.0736,17.7863],[81.0891,17.8109],[81.1596,17.8526],[81.192,17.8471],[81.2634,17.8105],[81.326,17.8124],[81.3841,17.8035],[81.3943,17.8081],[81.4093,17.8048],[81.4194,17.8206],[81.4376,17.8153],[81.4668,17.8249],[81.4787,17.8047],[81.4858,17.8026],[81.5539,17.8164],[81.5687,17.8279],[81.5997,17.8154],[81.6112,17.8154],[81.6428,17.8393],[81.6491,17.8625],[81.6631,17.8769],[81.6778,17.8776],[81.6883,17.8848],[81.6979,17.8755],[81.7032,17.8611],[81.7824,17.9097],[81.801,17.9361],[81.8333,17.951],[81.8468,17.9508],[81.8993,17.9686],[81.9137,17.9799],[81.9518,17.9921],[81.9889,18.0203],[82.0017,18.0237],[82.0047,18.0343],[82.0016,18.0448],[82.0247,18.0579],[82.0452,18.0456],[82.0597,18.0451],[82.0655,18.0513],[82.059,18.0585],[82.0699,18.0604],[82.0722,18.0656],[82.0924,18.0528],[82.1133,18.0578],[82.1193,18.0512],[82.1271,18.051],[82.1324,18.0356],[82.1423,18.0436],[82.1473,18.0404],[82.1603,18.0436],[82.1769,18.0209],[82.1774,18.0106],[82.1969,18.0087],[82.2182,17.9942],[82.237,17.992],[82.2417,17.9798],[82.2611,17.9824],[82.2673,17.9864],[82.2705,17.9977],[82.2689,18.0199],[82.2582,18.0349],[82.2646,18.039],[82.267,18.0483],[82.2979,18.062],[82.2928,18.0543],[82.2965,18.0461],[82.3063,18.045],[82.3055,18.0378],[82.317,18.036],[82.313,18.0452],[82.3218,18.0502],[82.3298,18.0404],[82.3363,18.0473],[82.3436,18.075],[82.3406,18.0871],[82.3322,18.0941],[82.3334,18.1424],[82.3576,18.1251],[82.3643,18.1349],[82.3652,18.1397],[82.3487,18.1618],[82.333,18.1634],[82.3103,18.1746],[82.3061,18.1957],[82.3197,18.201],[82.3328,18.2158],[82.3213,18.2225],[82.331,18.2334],[82.3369,18.2662],[82.3437,18.2717],[82.3719,18.2741],[82.3854,18.2891],[82.393,18.3064],[82.3844,18.3187],[82.3692,18.3178],[82.3487,18.3062],[82.3344,18.3171],[82.3454,18.3218],[82.3601,18.3437],[82.3764,18.3533],[82.3844,18.3691],[82.3752,18.3831],[82.3725,18.3981],[82.3613,18.4099],[82.3776,18.422],[82.3974,18.4516],[82.4269,18.477],[82.4371,18.4973],[82.474,18.5368],[82.4816,18.5385],[82.4853,18.5337],[82.4757,18.5294],[82.4815,18.5151],[82.4992,18.5018],[82.5074,18.5081],[82.5231,18.5039],[82.5245,18.4898],[82.5195,18.4825],[82.5275,18.4777],[82.521,18.4724],[82.5275,18.4682],[82.5161,18.4559],[82.5232,18.4528],[82.5212,18.4471],[82.5267,18.4473],[82.5302,18.4343],[82.539,18.4381],[82.5384,18.4432],[82.5538,18.4377],[82.5451,18.4173],[82.5397,18.4169],[82.5359,18.4083],[82.5406,18.4034],[82.5326,18.3968],[82.5352,18.3896],[82.5494,18.3835],[82.556,18.3885],[82.5706,18.3842],[82.5773,18.3773],[82.5892,18.3771],[82.6005,18.3687],[82.5986,18.354],[82.6113,18.3465],[82.6079,18.3417],[82.5965,18.3409],[82.6021,18.3173],[82.5897,18.3195],[82.5764,18.3068],[82.5798,18.301],[82.5878,18.302],[82.591,18.292],[82.5856,18.281],[82.5885,18.275],[82.5807,18.2701],[82.5873,18.2658],[82.5892,18.2567],[82.6095,18.2493],[82.6134,18.2394],[82.6269,18.2287],[82.6453,18.2405],[82.6449,18.2571],[82.6588,18.2866],[82.6981,18.2963],[82.7026,18.3085],[82.7109,18.3128],[82.7343,18.3133],[82.7328,18.3179],[82.7464,18.3199],[82.751,18.3283],[82.7671,18.3311],[82.7842,18.3542],[82.7779,18.3709],[82.7876,18.3782],[82.7875,18.3902],[82.7933,18.395],[82.7812,18.3995],[82.7762,18.4197],[82.7992,18.4394],[82.8184,18.4385],[82.8187,18.4334],[82.8358,18.4242],[82.837,18.4143],[82.8449,18.4098],[82.8486,18.415],[82.87,18.4062],[82.8794,18.4146],[82.8846,18.4128],[82.891,18.3922],[82.8849,18.3786],[82.9027,18.3559],[82.9276,18.361],[82.9327,18.3514],[82.9455,18.3505],[82.9598,18.3572],[82.9764,18.3549],[82.992,18.375],[83.0116,18.3782],[83.0172,18.3845],[83.037,18.3698],[83.0534,18.3753],[83.0665,18.3923],[83.0558,18.4044],[83.0621,18.4209],[83.0598,18.4286],[83.0374,18.4189],[83.0333,18.4233],[83.0382,18.4267],[83.0373,18.4348],[83.0248,18.4367],[83.0154,18.4444],[83.0518,18.4775],[83.0893,18.5379],[83.0715,18.5425],[83.0512,18.5349],[83.0325,18.5479],[83.0337,18.5583],[83.0255,18.5643],[83.0269,18.568],[83.0539,18.5865],[83.0521,18.5931],[83.0411,18.5967],[83.0378,18.5887],[83.0277,18.5823],[83.008,18.5884],[83.0213,18.6105],[83.0174,18.6234],[83.0093,18.6315],[83.0115,18.639],[83.051,18.6542],[83.0515,18.6632],[83.0708,18.6893],[83.0707,18.6972],[83.1165,18.748],[83.1122,18.7583],[83.133,18.7724],[83.1508,18.7587],[83.1685,18.7591],[83.1854,18.7441],[83.2017,18.7422],[83.2051,18.7159],[83.2125,18.7345],[83.2224,18.7451],[83.2173,18.759],[83.2194,18.7658],[83.2396,18.7588],[83.2661,18.757],[83.2717,18.7632],[83.2699,18.7753],[83.2795,18.7896],[83.3042,18.7989],[83.323,18.7983],[83.3333,18.7927],[83.3393,18.8031],[83.3563,18.8001],[83.36,18.8074],[83.3501,18.8216],[83.3589,18.832],[83.3728,18.8212],[83.3963,18.8307],[83.3979,18.8526],[83.4088,18.8545],[83.4113,18.8593],[83.3854,18.8733],[83.3725,18.8898],[83.3839,18.8997],[83.3605,18.9012],[83.3466,18.9269],[83.349,18.9338],[83.3552,18.933],[83.3738,18.9168],[83.3802,18.9233],[83.3639,18.9379],[83.3611,18.9534],[83.3458,18.9571],[83.3395,18.9319],[83.3414,18.9184],[83.329,18.9169],[83.3185,18.9336],[83.3311,18.9376],[83.3325,18.9434],[83.327,18.9479],[83.3256,18.959],[83.3133,18.9666],[83.3053,18.9897],[83.3292,18.9882],[83.335,19.0067],[83.3463,19.0099],[83.355,19.0094],[83.3623,18.9947],[83.3888,19],[83.4046,18.9932],[83.4089,18.9962],[83.4088,18.9799],[83.4329,18.9614],[83.4427,18.9477],[83.4555,18.9456],[83.4623,18.9592],[83.4603,18.9808],[83.4502,18.9824],[83.4485,18.9996],[83.4746,19.0003],[83.478,19.0212],[83.4654,19.0362],[83.4633,19.0526],[83.4567,19.0561],[83.4594,19.0697],[83.4703,19.0703],[83.4732,19.0778],[83.4936,19.0531],[83.5054,19.0648],[83.5137,19.0248],[83.5082,19.022],[83.4936,19.0268],[83.4954,19.0111],[83.5153,19.0049],[83.5314,19.0054],[83.5348,19.0286],[83.5523,19.0472],[83.5449,19.0621],[83.5464,19.0738],[83.555,19.0781],[83.5607,19.0662],[83.5577,19.0514],[83.5788,19.0498],[83.5845,19.0797],[83.6044,19.0882],[83.5943,19.1203],[83.6141,19.1338],[83.6227,19.1447],[83.6233,19.1536],[83.6302,19.1448],[83.6298,19.127],[83.6494,19.1219],[83.6498,19.1148],[83.6447,19.1133],[83.6575,19.0878],[83.6569,19.0749],[83.6844,19.0439],[83.697,19.0165],[83.7233,19.0119],[83.7198,19.0043],[83.705,18.9995],[83.7057,18.9852],[83.7263,18.9756],[83.7458,18.9182],[83.7561,18.9167],[83.7675,18.9024],[83.7801,18.9077],[83.7615,18.9446],[83.7504,18.9444],[83.7396,18.9784],[83.7513,18.9933],[83.7675,18.9984],[83.7757,19.009],[83.7883,19.0078],[83.7912,18.9924],[83.8025,18.9818],[83.8148,18.9532],[83.8134,18.9336],[83.8212,18.922],[83.8169,18.9094],[83.8231,18.9055],[83.8377,18.9086],[83.8423,18.8882],[83.8371,18.8647],[83.8437,18.8514],[83.8643,18.839],[83.8702,18.8184],[83.8832,18.8197],[83.8869,18.8054],[83.8955,18.8149],[83.9078,18.8164],[83.9336,18.8069],[83.9398,18.7966],[83.964,18.8041],[83.9823,18.8],[83.9915,18.8047],[84.0074,18.8042],[84.0197,18.7976],[84.0271,18.8022],[84.0343,18.7901],[84.0479,18.7835],[84.0492,18.7707],[84.0586,18.7681],[84.0658,18.7517],[84.0818,18.7446],[84.0916,18.7452],[84.1076,18.7548],[84.1229,18.7483],[84.1295,18.7529],[84.1314,18.7648],[84.1514,18.7758],[84.1593,18.775],[84.1582,18.7692],[84.1798,18.769],[84.1815,18.7775],[84.1903,18.7767],[84.2167,18.7873],[84.227,18.7872],[84.2312,18.7801],[84.2522,18.7725],[84.2839,18.7908],[84.3125,18.7792],[84.3157,18.7862],[84.3322,18.792],[84.3293,18.809],[84.3441,18.8119],[84.3408,18.8183],[84.3444,18.8327],[84.3381,18.8362],[84.3341,18.8516],[84.336,18.8667],[84.3444,18.8628],[84.3515,18.8509],[84.3624,18.8511],[84.3716,18.8672],[84.3538,18.8751],[84.3514,18.8832],[84.3832,18.8693],[84.3876,18.8777],[84.3861,18.883],[84.3677,18.8893],[84.3653,18.8963],[84.3978,18.8861],[84.4121,18.8939],[84.4062,18.9061],[84.4096,18.9081],[84.418,18.9007],[84.4294,18.9137],[84.4156,18.938],[84.4203,18.9494],[84.4406,18.9669],[84.4264,18.984],[84.4151,19.0139],[84.4298,19.0012],[84.4717,18.9812],[84.4778,19.0079],[84.4894,19.021],[84.5099,19.0375],[84.5536,19.0474],[84.5661,19.065],[84.5685,19.0606],[84.5781,19.0621],[84.5753,19.0272],[84.5781,19.0189],[84.5901,19.0134],[84.597,19.0197],[84.6076,19.0454],[84.6142,19.0467],[84.6127,19.0548],[84.6233,19.0557],[84.6301,19.0496],[84.6368,19.0572],[84.6545,19.0523],[84.6646,19.0663],[84.6487,19.0842],[84.6347,19.0787],[84.6314,19.0726],[84.6198,19.0765],[84.6168,19.09],[84.6029,19.0966],[84.5918,19.1238],[84.6094,19.1175],[84.6417,19.1248],[84.6473,19.1204],[84.6612,19.1219],[84.6659,19.1353],[84.665,19.1567],[84.6733,19.1569],[84.6814,19.1498],[84.7052,19.149],[84.7065,19.1436],[84.6939,19.1216],[84.6975,19.1088],[84.7207,19.0949],[84.7226,19.0896],[84.7299,19.0896],[84.761,19.0713],[84.746,19.0482],[84.6876,18.9724],[84.6648,18.966],[84.6679,18.9571],[84.6832,18.9676],[84.6693,18.9515],[84.6118,18.8999],[84.5896,18.8729],[84.5826,18.8763],[84.5865,18.8704],[84.576,18.8488],[84.5765,18.8371],[84.5571,18.8174],[84.5535,18.7918],[84.5021,18.751],[84.4657,18.7129],[84.441,18.6801],[84.4407,18.664],[84.3776,18.606],[84.3615,18.5863],[84.3549,18.5643],[84.344,18.5613],[84.339,18.5507],[84.3457,18.5596],[84.3565,18.5632],[84.356,18.5565],[84.284,18.4999],[84.2021,18.4263],[84.1504,18.3735],[84.1371,18.3493],[84.1321,18.3468],[84.1257,18.3515],[84.1293,18.3432],[84.1243,18.3432],[84.1274,18.3362],[84.1235,18.3271],[84.1274,18.3263],[84.1299,18.3151],[84.1246,18.3093],[84.086,18.2879],[84.076,18.2776],[84.0113,18.2499],[83.9507,18.2168],[83.8893,18.1968],[83.8626,18.1757],[83.7846,18.1474],[83.7193,18.1138],[83.6732,18.0868],[83.5849,18.0212],[83.5726,18.0182],[83.5593,17.999],[83.559,17.9835],[83.5296,17.9493],[83.4701,17.9146],[83.4604,17.9046],[83.4576,17.921],[83.459,17.9057],[83.4515,17.9001],[83.4546,17.8876],[83.444,17.8726],[83.4193,17.8574],[83.4099,17.8435],[83.416,17.8337],[83.4101,17.8104],[83.3913,17.7938],[83.3846,17.7771],[83.349,17.7507],[83.351,17.7476],[83.3426,17.7374],[83.3446,17.7251],[83.3065,17.7021],[83.3063,17.6974],[83.3024,17.6976],[83.3082,17.6976],[83.3065,17.6882],[83.3012,17.696],[83.3012,17.6921],[83.2971,17.6938],[83.2996,17.6904],[83.2824,17.6893],[83.2724,17.7121],[83.2637,17.7113],[83.2632,17.7043],[83.2718,17.7051],[83.2824,17.6876],[83.2982,17.6865],[83.2946,17.6849],[83.2954,17.6751],[83.2824,17.6599],[83.2618,17.651],[83.2599,17.6438],[83.2354,17.629],[83.2326,17.6157],[83.2382,17.6118],[83.2162,17.5988],[83.2138,17.5912],[83.1729,17.5738],[83.1629,17.5615],[83.1129,17.5474],[83.0915,17.5393],[83.0871,17.5329],[83.0335,17.5138],[83.0082,17.4996],[83.0054,17.4879],[82.9907,17.4724],[82.954,17.4599],[82.946,17.4515],[82.8749,17.4201],[82.8732,17.4285],[82.8796,17.4363],[82.8682,17.4218],[82.8699,17.4157],[82.7387,17.361],[82.6135,17.2926],[82.6076,17.2962],[82.6085,17.2893],[82.5957,17.2863],[82.596,17.2826],[82.4776,17.2049],[82.3674,17.106],[82.3679,17.1182],[82.3632,17.1093],[82.3657,17.1046],[82.356,17.0943],[82.3512,17.0979],[82.351,17.0901],[82.2976,17.0329],[82.2787,16.994],[82.2857,16.9832],[82.2763,16.9818],[82.276,16.9768],[82.2838,16.9771],[82.2838,16.9715],[82.2754,16.9713],[82.2704,16.9613],[82.2718,16.941],[82.2535,16.9363],[82.249,16.9304],[82.2493,16.9074],[82.256,16.9001],[82.2562,16.8865],[82.2654,16.8854],[82.2707,16.8754],[82.2821,16.8774],[82.2854,16.8735],[82.2824,16.8651],[82.2865,16.8771],[82.3026,16.8643],[82.3132,16.8518],[82.3118,16.8401],[82.3257,16.8554],[82.3543,16.8515],[82.3635,16.909],[82.3593,16.9443],[82.3551,16.9563],[82.3404,16.9657],[82.3243,16.9888],[82.3315,16.991],[82.3424,16.9846],[82.3579,16.9638],[82.3657,16.9021],[82.3579,16.8651],[82.3585,16.8443],[82.3482,16.8085],[82.3546,16.8185],[82.3426,16.7651],[82.3429,16.7379],[82.3118,16.7335],[82.3118,16.7251],[82.2995,16.7143]]]]}},{"type":"Feature","id":"Arunachal Pradesh","properties":{"name":"Arunachal Pradesh","type":"State","code":""},"geometry":{"type":"Polygon","coordinates":[[[96.1578,29.3831],[96.1752,29.3645],[96.1858,29.3445],[96.1831,29.3093],[96.2032,29.2936],[96.2101,29.2749],[96.2436,29.2351],[96.293,29.2358],[96.3126,29.2591],[96.3453,29.2674],[96.3632,29.2856],[96.375,29.2837],[96.3928,29.2565],[96.3877,29.2337],[96.3714,29.218],[96.3585,29.1816],[96.3464,29.171],[96.2602,29.1602],[96.2489,29.1502],[96.2278,29.1464],[96.2175,29.1381],[96.2003,29.1059],[96.1856,29.0946],[96.1695,29.0876],[96.1145,29.0776],[96.1504,29.0531],[96.1849,28.9881],[96.1804,28.9685],[96.1552,28.9556],[96.1541,28.9465],[96.1452,28.9375],[96.163,28.9221],[96.1665,28.9059],[96.1747,28.9043],[96.2483,28.9428],[96.2557,28.9593],[96.2937,28.9987],[96.3467,29.0323],[96.4358,29.0376],[96.5252,29.0793],[96.4774,28.994],[96.4875,28.9653],[96.4932,28.9623],[96.5188,28.971],[96.5237,28.948],[96.5387,28.921],[96.5375,28.8841],[96.5759,28.8305],[96.6038,28.8044],[96.616,28.7786],[96.6136,28.7598],[96.5859,28.7216],[96.56,28.7119],[96.5224,28.709],[96.4906,28.6885],[96.4727,28.6882],[96.4705,28.6846],[96.4952,28.6438],[96.4941,28.6382],[96.4444,28.606],[96.4281,28.5871],[96.4225,28.585],[96.4009,28.5943],[96.4066,28.564],[96.3708,28.5642],[96.3546,28.5606],[96.3432,28.5511],[96.3243,28.5303],[96.3666,28.5047],[96.373,28.487],[96.367,28.4795],[96.3414,28.47],[96.2638,28.4134],[96.3046,28.4047],[96.3199,28.3862],[96.3709,28.3943],[96.38,28.3641],[96.3922,28.3627],[96.3994,28.3445],[96.4229,28.351],[96.432,28.3917],[96.4583,28.4192],[96.48,28.4246],[96.5103,28.4183],[96.5796,28.4631],[96.6646,28.4658],[96.7062,28.4375],[96.7511,28.4217],[96.7632,28.4042],[96.7744,28.3741],[96.7826,28.3704],[96.8522,28.3684],[96.8625,28.3783],[96.8987,28.3859],[96.92,28.3634],[96.9259,28.345],[96.9528,28.34],[96.9741,28.3237],[96.9965,28.3162],[97.0227,28.3263],[97.0518,28.3581],[97.0926,28.3697],[97.1259,28.3562],[97.152,28.334],[97.1739,28.2991],[97.1926,28.2944],[97.2242,28.2999],[97.2412,28.2751],[97.2821,28.2763],[97.3063,28.264],[97.313,28.2518],[97.3274,28.2508],[97.3514,28.2343],[97.3747,28.2256],[97.4006,28.2005],[97.4004,28.1935],[97.3922,28.1912],[97.372,28.2004],[97.3636,28.1965],[97.3308,28.163],[97.3247,28.1482],[97.34,28.1246],[97.339,28.1195],[97.3102,28.0933],[97.3077,28.0771],[97.3118,28.07],[97.3317,28.0654],[97.3735,28.0702],[97.368,28.0524],[97.3771,28.0391],[97.3986,28.0341],[97.4152,28.0241],[97.4116,28.0151],[97.3912,28.0119],[97.3781,27.9862],[97.3756,27.9444],[97.3877,27.9307],[97.3786,27.918],[97.389,27.8964],[97.3648,27.8851],[97.3435,27.8941],[97.3212,27.8895],[97.3239,27.9119],[97.3087,27.93],[97.2565,27.9095],[97.2026,27.8644],[97.187,27.8459],[97.1678,27.8363],[97.1687,27.8309],[97.1603,27.8226],[97.1374,27.8151],[97.1243,27.7985],[97.1025,27.7934],[97.0984,27.7886],[97.1048,27.7752],[97.0964,27.7499],[97.0675,27.7597],[97.0481,27.7493],[97.0374,27.7522],[97.0286,27.7491],[97.0157,27.7406],[97.0032,27.7105],[96.9848,27.691],[96.9783,27.6719],[96.9587,27.6743],[96.9423,27.6675],[96.929,27.656],[96.927,27.6419],[96.9194,27.6315],[96.8976,27.6208],[96.8992,27.5936],[96.914,27.5884],[96.9158,27.5583],[96.9377,27.5301],[96.9335,27.5157],[96.9112,27.4815],[96.9119,27.4627],[96.9333,27.4505],[96.9414,27.427],[96.9655,27.4154],[96.9689,27.4018],[96.9755,27.396],[96.969,27.3863],[96.9717,27.379],[96.982,27.3737],[96.985,27.3626],[96.9975,27.3551],[97.0033,27.3299],[97.0403,27.3079],[97.0436,27.2898],[97.0567,27.2856],[97.0633,27.2722],[97.0941,27.2479],[97.0951,27.2214],[97.1167,27.2092],[97.1273,27.1852],[97.1403,27.1775],[97.1499,27.1783],[97.156,27.1622],[97.1672,27.1555],[97.1717,27.1368],[97.1559,27.1264],[97.1464,27.1028],[97.131,27.1037],[97.1086,27.1213],[97.0791,27.11],[97.0627,27.1112],[97.0302,27.1417],[96.999,27.154],[96.9847,27.1667],[96.9637,27.1726],[96.9184,27.1755],[96.8662,27.1997],[96.8634,27.2192],[96.89,27.2369],[96.8927,27.2476],[96.887,27.2547],[96.8888,27.2636],[96.8851,27.268],[96.8617,27.2725],[96.8557,27.2803],[96.8497,27.3063],[96.8363,27.3105],[96.8249,27.3205],[96.8024,27.3544],[96.773,27.365],[96.7407,27.3645],[96.7125,27.3807],[96.6991,27.3656],[96.6702,27.3723],[96.6461,27.3678],[96.6205,27.3728],[96.5983,27.3565],[96.6008,27.3446],[96.5618,27.3253],[96.5223,27.294],[96.5054,27.3076],[96.486,27.3052],[96.4707,27.3125],[96.4335,27.3099],[96.4161,27.2999],[96.3916,27.2946],[96.3641,27.3002],[96.3615,27.2941],[96.3477,27.2884],[96.3108,27.302],[96.2904,27.2941],[96.2787,27.2794],[96.2343,27.2849],[96.2181,27.2696],[96.1963,27.2652],[96.1821,27.2543],[96.1637,27.2545],[96.1145,27.2333],[96.099,27.2314],[96.0864,27.2171],[96.069,27.2132],[96.0573,27.2028],[96.0364,27.1961],[96.0169,27.1548],[95.9896,27.1252],[95.9571,27.0682],[95.946,27.0597],[95.8771,27.0205],[95.8578,27.0224],[95.838,27.0153],[95.8079,27.0205],[95.8049,27.012],[95.7796,26.99],[95.7609,26.964],[95.7637,26.945],[95.7525,26.9302],[95.7581,26.9149],[95.7308,26.8875],[95.7211,26.8836],[95.7035,26.8872],[95.6986,26.8952],[95.6734,26.9102],[95.663,26.9049],[95.651,26.8838],[95.6368,26.8793],[95.6322,26.8495],[95.6115,26.8212],[95.5748,26.8257],[95.5548,26.8396],[95.5328,26.8312],[95.5148,26.8132],[95.4891,26.7617],[95.4835,26.755],[95.4657,26.7504],[95.4233,26.6967],[95.4064,26.6966],[95.3659,26.6776],[95.3466,26.6779],[95.3026,26.656],[95.2931,26.6612],[95.272,26.6628],[95.262,26.6737],[95.26,26.6864],[95.2508,26.6924],[95.244,26.6939],[95.2376,26.6863],[95.2337,26.6971],[95.2361,26.7122],[95.2161,26.7353],[95.2201,26.7598],[95.2332,26.7719],[95.2316,26.7777],[95.2449,26.7873],[95.2151,26.7984],[95.199,26.8399],[95.2086,26.8507],[95.1956,26.8496],[95.1845,26.8648],[95.2129,26.8856],[95.2299,26.8857],[95.2339,26.8908],[95.234,26.9206],[95.2256,26.9344],[95.2144,26.937],[95.2092,26.9567],[95.2134,26.9588],[95.2068,26.9626],[95.215,26.9704],[95.2052,26.9822],[95.21,26.9826],[95.1952,26.99],[95.2001,27.0062],[95.1955,27.043],[95.2038,27.043],[95.2077,27.0348],[95.2138,27.0335],[95.2226,27.0409],[95.2295,27.0402],[95.2309,27.0457],[95.2482,27.0303],[95.2776,27.0498],[95.2778,27.0568],[95.3132,27.0867],[95.3486,27.1048],[95.3665,27.1129],[95.3713,27.1114],[95.3683,27.1074],[95.3737,27.108],[95.3727,27.1017],[95.377,27.1022],[95.4203,27.1308],[95.441,27.1328],[95.4508,27.1388],[95.4578,27.1356],[95.4659,27.1548],[95.4587,27.1633],[95.468,27.1723],[95.4637,27.1821],[95.4686,27.1905],[95.4597,27.2134],[95.4694,27.2183],[95.4872,27.246],[95.5063,27.2546],[95.5162,27.2686],[95.5205,27.2637],[95.5348,27.2706],[95.5561,27.2544],[95.5745,27.2511],[95.5901,27.2295],[95.6341,27.2398],[95.637,27.2369],[95.6844,27.2574],[95.7211,27.2576],[95.7399,27.2699],[95.7847,27.2791],[95.8063,27.2917],[95.8102,27.2809],[95.8605,27.2942],[95.8608,27.2798],[95.8724,27.2669],[95.894,27.263],[95.8981,27.2643],[95.9064,27.2919],[95.9632,27.3171],[95.9626,27.3243],[95.9679,27.3246],[95.9687,27.3318],[95.9842,27.3343],[95.97,27.337],[95.9937,27.3514],[95.997,27.3635],[96.0132,27.364],[96.0209,27.3713],[96.0021,27.3935],[96.001,27.4035],[95.9895,27.4217],[95.9795,27.4219],[95.9778,27.4355],[95.9733,27.4368],[95.968,27.4241],[95.967,27.4367],[95.9611,27.4287],[95.953,27.4333],[95.9499,27.445],[95.9168,27.4432],[95.9112,27.44],[95.9001,27.4113],[95.8931,27.406],[95.8887,27.4441],[95.8826,27.4441],[95.8649,27.429],[95.8673,27.4172],[95.8493,27.4303],[95.8529,27.4448],[95.8638,27.452],[95.8612,27.4663],[95.8763,27.4711],[95.8813,27.4874],[95.8791,27.4992],[95.8896,27.5062],[95.8785,27.5198],[95.8813,27.5532],[95.867,27.5511],[95.8521,27.5657],[95.8399,27.5666],[95.8319,27.5789],[95.8212,27.5817],[95.8242,27.603],[95.798,27.6078],[95.7943,27.6224],[95.7871,27.6234],[95.7873,27.6323],[95.7974,27.6359],[95.8015,27.649],[95.7792,27.6605],[95.7785,27.6724],[95.7804,27.6792],[95.7965,27.6881],[95.7746,27.6967],[95.7704,27.72],[95.7582,27.7311],[95.7878,27.7421],[95.7805,27.7582],[95.8009,27.7769],[95.8231,27.8093],[95.8434,27.8215],[95.8521,27.8341],[95.8766,27.8418],[95.8921,27.857],[95.895,27.8672],[95.9072,27.8686],[95.9062,27.8772],[95.9141,27.8747],[95.9213,27.8905],[95.9274,27.8873],[95.925,27.9009],[95.9383,27.9033],[95.9553,27.9268],[95.9576,27.9371],[95.9523,27.9372],[95.9523,27.9418],[95.9775,27.9685],[95.8259,27.9774],[95.6067,27.9578],[95.5887,27.9416],[95.5712,27.9424],[95.565,27.9225],[95.5438,27.9135],[95.5435,27.9023],[95.5262,27.8979],[95.516,27.8818],[95.3843,27.842],[95.3166,27.8711],[95.0518,27.7902],[95.0312,27.7748],[94.9979,27.7766],[94.8839,27.7421],[94.8609,27.7395],[94.866,27.7362],[94.8536,27.7316],[94.8488,27.7107],[94.8394,27.7035],[94.8213,27.6962],[94.7953,27.6981],[94.791,27.6889],[94.7722,27.684],[94.7559,27.6665],[94.7427,27.6634],[94.7207,27.67],[94.7131,27.6603],[94.6894,27.6672],[94.6839,27.6633],[94.687,27.6533],[94.6825,27.6496],[94.6691,27.6503],[94.6484,27.6421],[94.6345,27.6288],[94.5915,27.6228],[94.5735,27.607],[94.5263,27.5958],[94.5002,27.5773],[94.4792,27.577],[94.4597,27.5577],[94.4535,27.5709],[94.4361,27.5844],[94.431,27.6031],[94.4209,27.6013],[94.4032,27.5872],[94.3876,27.5893],[94.3675,27.5768],[94.3124,27.5897],[94.298,27.6043],[94.2877,27.5918],[94.276,27.5933],[94.2725,27.6035],[94.2541,27.6137],[94.2672,27.6279],[94.2628,27.636],[94.2522,27.6409],[94.2351,27.6325],[94.2174,27.609],[94.2111,27.6108],[94.2135,27.6044],[94.2251,27.5985],[94.2214,27.5879],[94.2265,27.5756],[94.2565,27.5574],[94.2625,27.5274],[94.2591,27.5226],[94.2217,27.507],[94.2123,27.498],[94.1912,27.4963],[94.1572,27.478],[94.1602,27.4665],[94.0863,27.4046],[94.0609,27.3636],[94,27.3347],[94.0007,27.3301],[93.901,27.2415],[93.8674,27.1988],[93.8086,27.1518],[93.8056,27.1378],[93.7978,27.136],[93.8135,27.132],[93.8132,27.1238],[93.8255,27.1193],[93.8266,27.0994],[93.8362,27.0865],[93.835,27.075],[93.8282,27.069],[93.8246,27.0722],[93.8188,27.0649],[93.8129,27.0707],[93.8049,27.0614],[93.7971,27.0709],[93.7912,27.0546],[93.7861,27.0554],[93.7832,27.0672],[93.7792,27.0533],[93.7724,27.0623],[93.7685,27.0433],[93.7189,27.0192],[93.6758,26.9711],[93.6245,26.9642],[93.5842,26.9526],[93.5258,26.9486],[93.4894,26.9385],[93.4868,26.9431],[93.4681,26.9389],[93.4479,26.9542],[93.3479,26.9632],[93.2224,26.9491],[93.1843,26.9387],[93.109,26.9273],[93.0919,26.9155],[93.0688,26.9242],[93.0194,26.9168],[92.9178,26.9642],[92.9167,26.9847],[92.8724,27.0077],[92.8366,27.0136],[92.7853,27.0307],[92.7691,27.033],[92.7137,27.0261],[92.6589,27.0385],[92.6505,27.0248],[92.6391,27.0185],[92.6446,27.01],[92.6455,26.9875],[92.5852,26.9619],[92.5536,26.9591],[92.505,26.9668],[92.4596,26.9633],[92.4462,26.9606],[92.4258,26.9435],[92.4119,26.9442],[92.3998,26.9263],[92.3531,26.9356],[92.3029,26.9242],[92.3037,26.9095],[92.2764,26.9025],[92.2546,26.9122],[92.1948,26.891],[92.1242,26.8898],[92.1079,26.8938],[92.1171,26.9324],[92.1119,26.9494],[92.1174,26.9602],[92.1132,26.9757],[92.1041,26.9777],[92.1021,26.983],[92.1033,27.0078],[92.0798,27.0206],[92.0766,27.0398],[92.064,27.0522],[92.0449,27.052],[92.0418,27.0604],[92.0337,27.0648],[92.0362,27.0702],[92.0278,27.0786],[92.0222,27.1149],[92.0365,27.1384],[92.0243,27.1542],[92.0234,27.1623],[92.0252,27.1718],[92.0562,27.1896],[92.0573,27.2031],[92.0696,27.2236],[92.0658,27.245],[92.0399,27.2618],[92.0396,27.2667],[92.07,27.2774],[92.1016,27.2691],[92.119,27.2759],[92.1206,27.2876],[92.1026,27.3014],[92.078,27.3103],[92.0588,27.3272],[92.0602,27.3453],[92.0484,27.3583],[92.0464,27.3684],[92.0545,27.4001],[92.0421,27.4128],[92.0439,27.4253],[92.0388,27.4365],[92.0192,27.4476],[92.0188,27.4797],[92.0112,27.4818],[91.9891,27.4743],[91.9791,27.465],[91.9654,27.4668],[91.9494,27.4609],[91.9394,27.4606],[91.9227,27.4714],[91.8985,27.4683],[91.891,27.4732],[91.8722,27.4728],[91.863,27.4821],[91.8491,27.4826],[91.8285,27.469],[91.8094,27.4726],[91.7738,27.4645],[91.7498,27.4742],[91.72,27.4704],[91.7138,27.4736],[91.7106,27.4912],[91.6901,27.5028],[91.6532,27.483],[91.6474,27.4847],[91.6441,27.499],[91.6205,27.5133],[91.6093,27.5416],[91.5944,27.5396],[91.562,27.5842],[91.5768,27.5996],[91.5761,27.6083],[91.5631,27.62],[91.5577,27.6335],[91.5668,27.6525],[91.5897,27.6718],[91.5918,27.6832],[91.5985,27.6866],[91.5964,27.6926],[91.6101,27.6929],[91.6237,27.706],[91.6296,27.747],[91.64,27.758],[91.6396,27.7652],[91.6311,27.7716],[91.6282,27.8008],[91.5988,27.8209],[91.573,27.8127],[91.5655,27.8153],[91.5458,27.8469],[91.5439,27.8556],[91.5525,27.8586],[91.5588,27.8517],[91.5771,27.862],[91.5844,27.8562],[91.5941,27.8621],[91.6074,27.854],[91.6216,27.8577],[91.6419,27.8541],[91.6693,27.8567],[91.7022,27.8168],[91.7581,27.8013],[91.8041,27.8089],[91.8153,27.8034],[91.8242,27.8104],[91.8335,27.7799],[91.8452,27.7757],[91.8605,27.7369],[91.8704,27.7345],[91.8786,27.7218],[91.9084,27.7263],[91.9188,27.7151],[91.9451,27.7287],[91.9556,27.7507],[91.9658,27.7514],[91.9839,27.77],[92.0378,27.7572],[92.0554,27.7591],[92.1561,27.837],[92.2104,27.859],[92.2463,27.8635],[92.264,27.8579],[92.2847,27.8076],[92.3074,27.7792],[92.316,27.7782],[92.3503,27.7907],[92.3798,27.795],[92.383,27.8156],[92.398,27.8205],[92.4139,27.823],[92.4438,27.8008],[92.4549,27.8033],[92.5013,27.8415],[92.5151,27.8402],[92.5439,27.8175],[92.5607,27.821],[92.6051,27.8775],[92.6692,27.9001],[92.7139,27.9493],[92.7395,27.9894],[92.6954,28.0484],[92.6813,28.0586],[92.6629,28.0628],[92.6612,28.0677],[92.6802,28.118],[92.687,28.1258],[92.7366,28.1516],[92.783,28.1837],[92.7996,28.2022],[92.8162,28.2016],[92.8186,28.1816],[92.8265,28.172],[92.8953,28.2046],[92.9053,28.2152],[92.9129,28.235],[92.9645,28.2618],[92.986,28.2513],[92.99,28.2344],[93.0004,28.2308],[93.0338,28.2631],[93.0237,28.3032],[93.0462,28.3025],[93.072,28.3093],[93.0954,28.3071],[93.1248,28.3268],[93.155,28.3185],[93.1938,28.318],[93.219,28.3337],[93.2227,28.3411],[93.2193,28.3615],[93.2223,28.3779],[93.2315,28.4007],[93.2259,28.4083],[93.1811,28.4327],[93.1827,28.44],[93.2075,28.4522],[93.2353,28.4827],[93.2759,28.5048],[93.2889,28.5434],[93.3053,28.5663],[93.2975,28.592],[93.2999,28.5996],[93.3276,28.6083],[93.3369,28.6402],[93.3509,28.6389],[93.4118,28.6529],[93.4457,28.676],[93.4567,28.6684],[93.4668,28.6521],[93.4742,28.6537],[93.4792,28.675],[93.4911,28.684],[93.5092,28.6798],[93.5184,28.6738],[93.5245,28.6613],[93.5338,28.6589],[93.6201,28.6577],[93.7316,28.6893],[93.7752,28.6685],[93.844,28.7074],[93.8653,28.7037],[93.9041,28.6767],[93.9261,28.6718],[93.957,28.7047],[93.9656,28.7232],[93.9685,28.7514],[94.0014,28.7755],[94.0016,28.7843],[93.9853,28.7983],[93.9856,28.8068],[94,28.8198],[93.9949,28.8414],[94.0301,28.8535],[94.0665,28.8961],[94.1551,28.9548],[94.1583,28.9741],[94.1729,28.9918],[94.1752,29.0205],[94.2147,29.0841],[94.2577,29.1168],[94.2877,29.1481],[94.3569,29.1526],[94.3676,29.1663],[94.3723,29.1902],[94.4312,29.2268],[94.4945,29.2167],[94.5331,29.2187],[94.5579,29.2289],[94.5721,29.2506],[94.5778,29.2808],[94.6054,29.297],[94.619,29.3128],[94.6235,29.3456],[94.6282,29.3486],[94.6415,29.3469],[94.7111,29.3043],[94.7774,29.2411],[94.7979,29.21],[94.7929,29.1697],[94.798,29.1646],[94.8466,29.183],[94.8718,29.1843],[94.9188,29.1623],[94.9677,29.1598],[94.9951,29.141],[95.0228,29.1306],[95.0257,29.1336],[95.0182,29.143],[94.9867,29.1735],[94.9975,29.173],[95.0397,29.1524],[95.0984,29.1438],[95.1135,29.1212],[95.1218,29.1163],[95.1966,29.1076],[95.2508,29.1099],[95.2501,29.0686],[95.2666,29.0577],[95.3028,29.0629],[95.3455,29.0461],[95.4101,29.0341],[95.4215,29.0412],[95.4543,29.037],[95.474,29.0659],[95.483,29.0711],[95.4963,29.1403],[95.5035,29.143],[95.5468,29.1287],[95.5453,29.1806],[95.5377,29.214],[95.5858,29.218],[95.5876,29.2424],[95.5987,29.2619],[95.638,29.2498],[95.6832,29.2773],[95.7019,29.3004],[95.7152,29.2983],[95.7271,29.3025],[95.7435,29.3163],[95.7454,29.3291],[95.7776,29.3564],[95.7831,29.3564],[95.791,29.3379],[95.7965,29.3363],[95.8268,29.3557],[95.8403,29.3537],[95.8483,29.3587],[95.8809,29.3915],[95.9571,29.3827],[95.9872,29.4069],[96.0025,29.4121],[96.0556,29.4584],[96.0805,29.4633],[96.0928,29.4564],[96.1239,29.4176],[96.15,29.3993],[96.1578,29.3831]]]}},{"type":"Feature","id":"Assam","properties":{"name":"Assam","type":"State","code":""},"geometry":{"type":"MultiPolygon","coordinates":[[[[89.8715,25.5373],[89.8757,25.5285],[89.8703,25.5215],[89.88,25.4886],[89.8687,25.4764],[89.8596,25.4734],[89.8551,25.476],[89.8551,25.4884],[89.8596,25.4914],[89.8579,25.5004],[89.864,25.5144],[89.8578,25.5348],[89.8653,25.5396],[89.8715,25.5373]]],[[[89.8715,25.5373],[89.8746,25.5416],[89.8715,25.5373]]],[[[95.9523,27.9418],[95.9523,27.9372],[95.9576,27.9371],[95.9553,27.9268],[95.9383,27.9033],[95.925,27.9009],[95.9274,27.8873],[95.9213,27.8905],[95.9141,27.8747],[95.9062,27.8772],[95.9072,27.8686],[95.895,27.8672],[95.8921,27.857],[95.8766,27.8418],[95.8521,27.8341],[95.8434,27.8215],[95.8231,27.8093],[95.8009,27.7769],[95.7805,27.7582],[95.7878,27.7421],[95.7582,27.7311],[95.7587,27.7267],[95.7704,27.72],[95.7746,27.6967],[95.7965,27.6881],[95.7804,27.6792],[95.7778,27.6663],[95.7792,27.6605],[95.8015,27.649],[95.7974,27.6359],[95.785,27.6274],[95.7943,27.6224],[95.798,27.6078],[95.8242,27.603],[95.8212,27.5817],[95.8319,27.5789],[95.8399,27.5666],[95.8521,27.5657],[95.867,27.5511],[95.8813,27.5532],[95.8785,27.5198],[95.8896,27.5062],[95.8791,27.4992],[95.8813,27.4874],[95.8763,27.4711],[95.8612,27.4663],[95.8638,27.452],[95.8529,27.4448],[95.8493,27.4303],[95.8673,27.4172],[95.8649,27.429],[95.8826,27.4441],[95.8887,27.4441],[95.8931,27.406],[95.9001,27.4113],[95.9112,27.44],[95.9168,27.4432],[95.9499,27.445],[95.953,27.4333],[95.9611,27.4287],[95.967,27.4367],[95.968,27.4241],[95.9733,27.4368],[95.9778,27.4355],[95.9795,27.4219],[95.9912,27.4194],[96.0021,27.3935],[96.0209,27.3713],[96.0184,27.3679],[95.997,27.3635],[95.9937,27.3514],[95.97,27.337],[95.9842,27.3343],[95.9687,27.3318],[95.9679,27.3246],[95.9626,27.3243],[95.9632,27.3171],[95.9064,27.2919],[95.8981,27.2643],[95.894,27.263],[95.8724,27.2669],[95.8608,27.2798],[95.8605,27.2942],[95.8102,27.2809],[95.8063,27.2917],[95.7847,27.2791],[95.7399,27.2699],[95.7211,27.2576],[95.6844,27.2574],[95.637,27.2369],[95.6341,27.2398],[95.5901,27.2295],[95.5745,27.2511],[95.5561,27.2544],[95.5348,27.2706],[95.5205,27.2637],[95.5162,27.2686],[95.5109,27.2663],[95.5106,27.259],[95.4872,27.246],[95.4694,27.2183],[95.4597,27.2134],[95.4686,27.1905],[95.4637,27.1821],[95.468,27.1723],[95.4587,27.1633],[95.4659,27.1548],[95.4578,27.1356],[95.4508,27.1388],[95.441,27.1328],[95.4203,27.1308],[95.377,27.1022],[95.3727,27.1017],[95.3737,27.108],[95.3683,27.1074],[95.3713,27.1114],[95.3665,27.1129],[95.3486,27.1048],[95.3132,27.0867],[95.2778,27.0568],[95.2776,27.0498],[95.2482,27.0303],[95.2309,27.0457],[95.2295,27.0402],[95.2226,27.0409],[95.2138,27.0335],[95.2077,27.0348],[95.2038,27.043],[95.1955,27.043],[95.1495,26.9998],[95.1169,26.9837],[95.11,26.9669],[95.0869,26.9527],[95.038,26.9385],[95.0213,26.9254],[94.9931,26.9262],[94.9921,26.9184],[94.9857,26.9182],[94.9573,26.9436],[94.9336,26.9385],[94.9282,26.9521],[94.8945,26.9373],[94.8696,26.915],[94.8515,26.8813],[94.8211,26.8545],[94.8131,26.8248],[94.7966,26.8185],[94.8054,26.8122],[94.8022,26.8061],[94.7731,26.795],[94.7593,26.7741],[94.7564,26.7723],[94.7458,26.7821],[94.7365,26.7674],[94.6866,26.7326],[94.6534,26.7236],[94.6227,26.7195],[94.6101,26.7401],[94.6041,26.7393],[94.5933,26.7261],[94.6032,26.7238],[94.6047,26.7172],[94.5962,26.7182],[94.5924,26.7027],[94.5828,26.7056],[94.5715,26.6962],[94.5747,26.691],[94.563,26.6906],[94.5634,26.7074],[94.5451,26.7109],[94.5278,26.7013],[94.5227,26.7044],[94.5155,26.6873],[94.4983,26.6737],[94.4679,26.6698],[94.4586,26.6554],[94.4625,26.6355],[94.4545,26.639],[94.4079,26.6143],[94.406,26.6019],[94.4148,26.5833],[94.4078,26.5614],[94.412,26.5585],[94.4048,26.5552],[94.408,26.5497],[94.4013,26.5441],[94.3995,26.5323],[94.3914,26.5328],[94.3783,26.5253],[94.3776,26.5131],[94.3511,26.5086],[94.3555,26.5035],[94.3521,26.4958],[94.3239,26.4794],[94.3243,26.4707],[94.3165,26.4629],[94.3033,26.4673],[94.2939,26.4807],[94.2849,26.5403],[94.2853,26.5582],[94.2898,26.5641],[94.2767,26.5588],[94.2399,26.5114],[94.2115,26.4898],[94.2011,26.4699],[94.1865,26.4605],[94.174,26.4209],[94.1791,26.3887],[94.1756,26.3718],[94.1645,26.3601],[94.1677,26.3533],[94.18,26.3541],[94.1755,26.3442],[94.1467,26.3354],[94.1388,26.3416],[94.1194,26.3337],[94.1287,26.3233],[94.108,26.3264],[94.1027,26.3087],[94.0872,26.2904],[94.0768,26.2852],[94.0778,26.2754],[94.0705,26.26],[94.0646,26.2618],[94.0491,26.2502],[94.0382,26.2295],[94.0357,26.2032],[94.013,26.1863],[94.0048,26.1733],[93.9997,26.1582],[94.0052,26.1419],[93.9908,26.1339],[93.9983,26.131],[93.9912,26.1181],[94.0022,26.1114],[93.9941,26.1061],[93.9925,26.0928],[93.9864,26.0883],[93.9911,26.0726],[93.9726,26.045],[93.9659,26.0424],[93.9549,26.0073],[93.9606,25.997],[93.956,25.9742],[93.9692,25.9608],[93.9711,25.9449],[93.9827,25.9263],[93.9794,25.9197],[93.9598,25.9053],[93.9402,25.901],[93.9346,25.8914],[93.9159,25.8877],[93.8986,25.8638],[93.8934,25.8648],[93.8827,25.8459],[93.8517,25.863],[93.8423,25.8626],[93.8243,25.8471],[93.8188,25.8262],[93.8076,25.8163],[93.7958,25.8144],[93.7913,25.816],[93.7798,25.8463],[93.7838,25.85],[93.7815,25.8593],[93.7918,25.8697],[93.7875,25.8789],[93.7983,25.9097],[93.7932,25.931],[93.7886,25.933],[93.7933,25.9367],[93.7866,25.9474],[93.7894,25.9526],[93.773,25.966],[93.7703,25.9535],[93.7628,25.9549],[93.7494,25.9421],[93.7518,25.9364],[93.7165,25.9217],[93.7051,25.9213],[93.6877,25.9094],[93.6858,25.9049],[93.7055,25.8486],[93.7024,25.847],[93.7036,25.8535],[93.6905,25.8476],[93.692,25.8441],[93.6825,25.8407],[93.6781,25.8289],[93.6695,25.8288],[93.6686,25.8246],[93.6485,25.824],[93.629,25.8044],[93.6223,25.7798],[93.6081,25.7769],[93.6056,25.7675],[93.6028,25.7708],[93.5937,25.7643],[93.5882,25.7682],[93.5838,25.7578],[93.5733,25.7608],[93.5655,25.7413],[93.5563,25.7419],[93.5569,25.7377],[93.5467,25.7345],[93.5448,25.727],[93.5498,25.719],[93.5436,25.7017],[93.538,25.7032],[93.5306,25.6927],[93.5259,25.6997],[93.5168,25.6881],[93.5203,25.6837],[93.4999,25.6565],[93.4836,25.6518],[93.4834,25.6458],[93.4759,25.648],[93.4748,25.6443],[93.4571,25.6406],[93.462,25.6334],[93.4468,25.6388],[93.4342,25.6299],[93.4275,25.6315],[93.4168,25.6149],[93.4076,25.6094],[93.4068,25.5965],[93.3901,25.5947],[93.3906,25.5891],[93.3824,25.5848],[93.3847,25.5779],[93.3765,25.5773],[93.3734,25.5692],[93.3652,25.5698],[93.3642,25.5607],[93.3483,25.5632],[93.3317,25.5468],[93.3404,25.5373],[93.3523,25.5376],[93.3502,25.5337],[93.3718,25.5011],[93.3864,25.4934],[93.3904,25.4692],[93.3959,25.4641],[93.4171,25.4528],[93.435,25.4548],[93.4619,25.4347],[93.4633,25.411],[93.4782,25.3799],[93.4519,25.3442],[93.4619,25.3366],[93.4567,25.3253],[93.474,25.3093],[93.46,25.2947],[93.4448,25.2923],[93.4264,25.2811],[93.4207,25.2663],[93.4036,25.2631],[93.3887,25.2459],[93.3848,25.2257],[93.3531,25.1818],[93.3474,25.1639],[93.3492,25.1254],[93.3405,25.1144],[93.3358,25.0958],[93.3236,25.0917],[93.3127,25.078],[93.3046,25.048],[93.3001,25.0526],[93.2919,25.0471],[93.2845,25.0516],[93.2682,25.0497],[93.2638,25.0359],[93.2556,25.0287],[93.2578,25.0217],[93.2488,25.0188],[93.2517,25.016],[93.2469,25.0036],[93.2633,25.0042],[93.2557,25.0022],[93.2515,24.9814],[93.2529,24.9726],[93.2587,24.9727],[93.2632,24.9664],[93.2624,24.9514],[93.2492,24.9551],[93.2541,24.9426],[93.2441,24.9438],[93.24,24.9388],[93.2485,24.9401],[93.2431,24.9313],[93.2502,24.9301],[93.2533,24.9188],[93.239,24.915],[93.2434,24.9037],[93.2362,24.9025],[93.2305,24.8949],[93.2348,24.8899],[93.2262,24.8811],[93.2291,24.8773],[93.2087,24.8565],[93.1972,24.8565],[93.2016,24.8439],[93.1944,24.8439],[93.2016,24.8402],[93.193,24.8364],[93.1973,24.8339],[93.1916,24.8226],[93.1974,24.8113],[93.1931,24.8062],[93.1816,24.8049],[93.1788,24.7961],[93.1744,24.8037],[93.1529,24.7898],[93.1371,24.8111],[93.1313,24.806],[93.1213,24.8085],[93.1227,24.8198],[93.1098,24.8097],[93.1127,24.8022],[93.1071,24.7833],[93.1013,24.7783],[93.1057,24.7695],[93.0986,24.7444],[93.1015,24.7419],[93.1029,24.7469],[93.1072,24.7419],[93.093,24.7243],[93.0888,24.7092],[93.0787,24.7142],[93.0759,24.7104],[93.0932,24.6879],[93.0918,24.6778],[93.1018,24.6804],[93.1047,24.6753],[93.0963,24.6527],[93.0848,24.6477],[93.0894,24.6276],[93.0794,24.6263],[93.0794,24.6213],[93.0868,24.6113],[93.0768,24.6038],[93.0754,24.5962],[93.0885,24.59],[93.0987,24.5913],[93.107,24.5836],[93.0973,24.5825],[93.0871,24.5712],[93.0611,24.5748],[93.0727,24.5611],[93.0655,24.5473],[93.0612,24.5548],[93.0527,24.5447],[93.0485,24.5309],[93.0528,24.5197],[93.0414,24.5146],[93.0443,24.5058],[93.0358,24.4969],[93.0485,24.4755],[93.0483,24.464],[93.0379,24.4612],[93.0322,24.4289],[93.0392,24.4111],[93.016,24.4025],[93.0064,24.4119],[92.998,24.4016],[92.9803,24.4097],[92.9603,24.3959],[92.9512,24.4048],[92.9357,24.3955],[92.9115,24.4129],[92.9052,24.3945],[92.8944,24.3953],[92.8908,24.4023],[92.8739,24.3973],[92.8629,24.3995],[92.8516,24.3924],[92.8443,24.3799],[92.829,24.3778],[92.825,24.3905],[92.8314,24.4005],[92.8183,24.4127],[92.8112,24.4136],[92.8095,24.4193],[92.8008,24.4191],[92.8028,24.4273],[92.7652,24.5208],[92.7536,24.507],[92.7508,24.4915],[92.7141,24.413],[92.7041,24.3762],[92.6969,24.374],[92.6907,24.3548],[92.6838,24.3475],[92.6748,24.3498],[92.6575,24.3435],[92.649,24.3288],[92.6452,24.3318],[92.645,24.3277],[92.641,24.3287],[92.6377,24.3355],[92.6243,24.3327],[92.6116,24.2533],[92.588,24.2449],[92.5646,24.2501],[92.5506,24.2459],[92.5297,24.1748],[92.5151,24.1755],[92.5148,24.1702],[92.5086,24.1692],[92.5128,24.1626],[92.5049,24.1673],[92.5001,24.1605],[92.4859,24.1622],[92.4788,24.1487],[92.4809,24.1413],[92.4748,24.1429],[92.4668,24.135],[92.4506,24.1437],[92.4439,24.1531],[92.4374,24.1514],[92.4342,24.1814],[92.419,24.1944],[92.4224,24.2531],[92.2129,24.2493],[92.2722,24.3776],[92.2731,24.3885],[92.2642,24.3976],[92.256,24.419],[92.2565,24.4363],[92.236,24.4502],[92.2311,24.4604],[92.2303,24.48],[92.2394,24.4899],[92.231,24.5041],[92.2338,24.5618],[92.2393,24.6],[92.2522,24.6421],[92.2509,24.6571],[92.2593,24.6809],[92.2983,24.7366],[92.2851,24.7437],[92.2943,24.7625],[92.2867,24.7694],[92.2934,24.7894],[92.2849,24.7952],[92.2797,24.828],[92.2546,24.8342],[92.2573,24.8413],[92.2485,24.8421],[92.2441,24.8494],[92.2405,24.8703],[92.25,24.8746],[92.2506,24.8799],[92.2405,24.8992],[92.2452,24.9103],[92.2551,24.9139],[92.2578,24.9069],[92.2677,24.9058],[92.2709,24.9113],[92.2881,24.906],[92.2897,24.9158],[92.2984,24.9201],[92.3014,24.9137],[92.3145,24.9076],[92.3197,24.8946],[92.3355,24.8931],[92.3434,24.8775],[92.3484,24.879],[92.348,24.894],[92.3555,24.8805],[92.3655,24.8817],[92.3707,24.8717],[92.3846,24.8671],[92.3893,24.861],[92.3854,24.8572],[92.3875,24.8511],[92.3915,24.8499],[92.3951,24.8554],[92.4093,24.8513],[92.4165,24.8628],[92.4259,24.8601],[92.4249,24.8543],[92.4324,24.8521],[92.4332,24.8595],[92.447,24.8629],[92.4492,24.8772],[92.4703,24.8708],[92.4757,24.875],[92.4918,24.874],[92.5001,24.8825],[92.4952,24.9],[92.5047,24.9044],[92.4913,24.9224],[92.4935,24.9359],[92.4879,24.9389],[92.4893,24.9544],[92.4792,24.9426],[92.4564,24.9462],[92.4521,24.9534],[92.4554,24.9583],[92.4716,24.956],[92.471,24.9641],[92.4605,24.9762],[92.4459,24.967],[92.4352,24.9664],[92.4245,24.9826],[92.4236,24.9961],[92.4333,25.0281],[92.4259,25.0318],[92.4379,25.0338],[92.4465,25.042],[92.4568,25.035],[92.4633,25.0371],[92.4647,25.0472],[92.4598,25.0547],[92.4746,25.0708],[92.4843,25.1081],[92.5265,25.1059],[92.5429,25.0996],[92.5252,25.1256],[92.5247,25.14],[92.5578,25.13],[92.5817,25.1319],[92.6247,25.1187],[92.6324,25.1376],[92.6441,25.1512],[92.6557,25.1541],[92.6669,25.1771],[92.6794,25.1831],[92.6939,25.1814],[92.7046,25.1905],[92.7471,25.2078],[92.7796,25.2031],[92.8044,25.2193],[92.7863,25.2314],[92.7722,25.2333],[92.7646,25.2494],[92.7767,25.2605],[92.7698,25.2689],[92.7891,25.2785],[92.7922,25.2852],[92.7838,25.308],[92.788,25.3176],[92.7844,25.3325],[92.7725,25.3396],[92.7606,25.3353],[92.7401,25.3646],[92.7371,25.3813],[92.7181,25.375],[92.7129,25.3845],[92.7004,25.3878],[92.6935,25.4],[92.6738,25.4171],[92.6601,25.4104],[92.6537,25.4239],[92.6543,25.4353],[92.6416,25.4195],[92.6379,25.4288],[92.6293,25.4346],[92.6286,25.425],[92.6091,25.4166],[92.5982,25.4717],[92.5854,25.4676],[92.5823,25.4729],[92.5715,25.4641],[92.5674,25.4675],[92.5678,25.4808],[92.5756,25.4904],[92.6216,25.5158],[92.6447,25.5374],[92.6499,25.56],[92.6607,25.5703],[92.6605,25.5851],[92.6535,25.5922],[92.6406,25.5874],[92.6289,25.5695],[92.6087,25.5657],[92.6026,25.5574],[92.5875,25.553],[92.5814,25.5598],[92.5725,25.5604],[92.561,25.5743],[92.5563,25.5928],[92.5576,25.612],[92.5404,25.6178],[92.5106,25.6172],[92.5017,25.6229],[92.4813,25.6639],[92.4654,25.6825],[92.4343,25.6875],[92.4272,25.7104],[92.442,25.7209],[92.4332,25.7315],[92.417,25.7297],[92.4125,25.7374],[92.4164,25.7405],[92.4107,25.7431],[92.387,25.7431],[92.3851,25.7536],[92.363,25.7365],[92.3335,25.7252],[92.3083,25.7262],[92.2705,25.7109],[92.2368,25.7084],[92.229,25.7162],[92.2106,25.6959],[92.1879,25.6834],[92.171,25.6669],[92.1607,25.6719],[92.1644,25.6849],[92.1559,25.7091],[92.1496,25.7145],[92.1655,25.7344],[92.151,25.7836],[92.1531,25.8128],[92.181,25.8514],[92.1799,25.8702],[92.2033,25.8901],[92.2156,25.8938],[92.2255,25.907],[92.2226,25.9113],[92.2006,25.9082],[92.1972,25.918],[92.1867,25.9158],[92.1809,25.9086],[92.1637,25.9118],[92.1563,25.9448],[92.1653,25.954],[92.1674,25.9677],[92.1916,25.9852],[92.2074,25.9882],[92.2192,26.0008],[92.2217,25.9986],[92.3016,26.0765],[92.2973,26.0791],[92.2881,26.07],[92.2737,26.065],[92.2686,26.0679],[92.2412,26.0625],[92.212,26.071],[92.1804,26.0685],[92.1783,26.0795],[92.1547,26.0681],[92.1331,26.0459],[92.0934,26.0485],[92.0529,26.0328],[92.0348,26.0397],[91.9911,26.041],[91.9782,26.0258],[91.9463,26.0145],[91.934,26.0147],[91.9221,25.9995],[91.9157,26.0103],[91.917,26.0215],[91.9075,26.0271],[91.8832,26.03],[91.8702,26.0522],[91.8758,26.0977],[91.8193,26.1187],[91.8108,26.1052],[91.8018,26.1049],[91.7904,26.087],[91.7785,26.0912],[91.7595,26.0713],[91.7313,26.0592],[91.7346,26.0566],[91.7264,26.0469],[91.7232,26.0303],[91.7202,25.9541],[91.7009,25.9419],[91.702,25.9379],[91.6693,25.9054],[91.6619,25.9099],[91.6515,25.9077],[91.6112,25.9399],[91.6109,25.9446],[91.6301,25.9446],[91.6379,25.9648],[91.6247,25.9859],[91.633,26.0049],[91.6322,26.0224],[91.6203,26.027],[91.5968,26.0208],[91.5971,26.0171],[91.5881,26.0301],[91.5758,26.0331],[91.57,26.0275],[91.5654,26.0018],[91.5513,25.9749],[91.5373,25.9684],[91.5372,25.9621],[91.5185,25.9582],[91.5198,25.9409],[91.5016,25.9208],[91.5056,25.9131],[91.5359,25.934],[91.5313,25.9237],[91.5085,25.9098],[91.5012,25.8985],[91.5033,25.8922],[91.4929,25.8956],[91.4834,25.8911],[91.4748,25.8712],[91.4937,25.8655],[91.5078,25.8674],[91.5258,25.8901],[91.5297,25.8897],[91.5326,25.8841],[91.5254,25.8729],[91.5079,25.8648],[91.4687,25.859],[91.4444,25.841],[91.4189,25.8547],[91.3533,25.8377],[91.3336,25.8388],[91.2756,25.7469],[91.2554,25.7478],[91.2239,25.7234],[91.192,25.7296],[91.1892,25.7635],[91.1799,25.7763],[91.191,25.8107],[91.1899,25.8208],[91.2026,25.8405],[91.1965,25.859],[91.179,25.8428],[91.1529,25.8501],[91.1317,25.8419],[91.1208,25.8313],[91.0814,25.8293],[91.0665,25.8258],[91.0633,25.8204],[91.0499,25.8289],[91.0729,25.8383],[91.0785,25.8526],[91.0659,25.8464],[91.0491,25.8488],[91.0208,25.8226],[91.0008,25.8223],[91.0131,25.8572],[91.0265,25.8666],[91.0292,25.888],[91.0137,25.8843],[90.9848,25.8899],[90.9675,25.8872],[90.9606,25.9277],[90.9579,25.9339],[90.9456,25.9391],[90.9427,25.9476],[90.9321,25.9397],[90.9159,25.9432],[90.9191,25.9133],[90.8954,25.9315],[90.8965,25.9375],[90.883,25.9518],[90.8802,25.9463],[90.8724,25.9467],[90.8729,25.9429],[90.8432,25.9448],[90.8368,25.9382],[90.8362,25.9473],[90.8239,25.9451],[90.8099,25.9522],[90.7917,25.9357],[90.7781,25.9083],[90.7577,25.9111],[90.7589,25.9216],[90.7501,25.9192],[90.7454,25.9123],[90.7405,25.9152],[90.7526,25.934],[90.7441,25.9328],[90.7403,25.9409],[90.7474,25.9573],[90.7254,25.9488],[90.7177,25.9547],[90.686,25.9508],[90.6757,25.9365],[90.6273,25.917],[90.6289,25.9065],[90.6248,25.8989],[90.6142,25.8995],[90.6065,25.9123],[90.6076,25.9196],[90.629,25.9374],[90.6019,25.9518],[90.5873,25.9539],[90.5825,25.9598],[90.5728,25.9482],[90.5714,25.939],[90.5534,25.9291],[90.5255,25.901],[90.5125,25.8962],[90.5111,25.9001],[90.5338,25.9363],[90.5345,25.958],[90.5057,25.996],[90.4773,26.0153],[90.4575,25.9996],[90.4286,25.989],[90.4174,25.9923],[90.411,26.0059],[90.3965,26.0142],[90.365,26.0103],[90.3393,25.9969],[90.3369,25.9902],[90.3299,25.9885],[90.3243,25.9744],[90.2274,25.9551],[90.2128,25.9539],[90.2084,25.9616],[90.194,25.957],[90.1825,25.9445],[90.1761,25.9571],[90.1584,25.9583],[90.1534,25.9647],[90.14,25.9581],[90.1232,25.9572],[90.1187,25.9613],[90.1054,25.9419],[90.088,25.9362],[90.0919,25.9288],[90.0807,25.9245],[90.078,25.9177],[90.0633,25.9155],[90.0421,25.8908],[90.0213,25.8932],[90.0047,25.8787],[90.0219,25.8655],[90.0083,25.8468],[90.0003,25.8486],[89.9974,25.8442],[90.0016,25.8422],[89.9908,25.8355],[89.9759,25.834],[89.9735,25.8281],[89.9446,25.8245],[89.9456,25.8161],[89.952,25.8109],[89.9552,25.7745],[89.9337,25.7525],[89.9335,25.7446],[89.9219,25.7392],[89.8954,25.7441],[89.8926,25.735],[89.8942,25.7272],[89.9185,25.7027],[89.9211,25.6944],[89.937,25.6866],[89.947,25.6588],[89.9804,25.6376],[89.9833,25.6267],[90.0045,25.6238],[90.0184,25.6084],[90.0173,25.6022],[90.0021,25.5842],[89.9792,25.5907],[89.9728,25.5746],[89.9665,25.5717],[89.9416,25.5676],[89.9358,25.5627],[89.8864,25.5579],[89.8701,25.5442],[89.8864,25.6081],[89.8852,25.6298],[89.8751,25.656],[89.8675,25.6607],[89.8529,25.6874],[89.8557,25.7071],[89.8378,25.7119],[89.8318,25.725],[89.8304,25.735],[89.8449,25.7572],[89.8436,25.7682],[89.8301,25.8075],[89.8145,25.817],[89.8309,25.8376],[89.8305,25.8533],[89.8397,25.8562],[89.8381,25.87],[89.8815,25.9193],[89.8904,25.9402],[89.8773,25.9431],[89.8461,25.9359],[89.8436,25.9413],[89.8282,25.9436],[89.8334,25.9514],[89.8515,25.9464],[89.8415,25.9639],[89.8721,25.9694],[89.8754,25.9761],[89.8531,25.9875],[89.8493,26.0029],[89.8396,26.0105],[89.8343,25.9975],[89.8398,25.981],[89.823,25.9849],[89.8177,25.9923],[89.8232,25.9959],[89.8261,26.0091],[89.8131,26.042],[89.7986,26.0182],[89.7916,26.0177],[89.8047,26.0375],[89.7997,26.0411],[89.7957,26.0339],[89.7902,26.0396],[89.7779,26.0357],[89.7922,26.0461],[89.7883,26.0544],[89.8038,26.0593],[89.7999,26.0745],[89.7954,26.0748],[89.7975,26.0862],[89.7859,26.0832],[89.7893,26.1027],[89.7591,26.109],[89.7707,26.1275],[89.7573,26.1403],[89.7484,26.1578],[89.7227,26.155],[89.7188,26.166],[89.7342,26.175],[89.7198,26.1779],[89.7065,26.1731],[89.6948,26.1891],[89.7141,26.1894],[89.7181,26.1968],[89.7116,26.2032],[89.7257,26.2061],[89.732,26.2123],[89.7244,26.2173],[89.7031,26.2133],[89.6972,26.2172],[89.7102,26.2191],[89.7128,26.229],[89.7288,26.2382],[89.7157,26.2464],[89.7154,26.2565],[89.701,26.2592],[89.7048,26.2699],[89.7115,26.2696],[89.7114,26.2633],[89.7173,26.2592],[89.7252,26.2584],[89.7323,26.2603],[89.7375,26.2711],[89.7171,26.2931],[89.7178,26.3057],[89.7228,26.3076],[89.7198,26.2986],[89.7235,26.2948],[89.7423,26.2952],[89.7489,26.2894],[89.7587,26.2893],[89.7509,26.3062],[89.7505,26.3215],[89.762,26.3171],[89.7809,26.3309],[89.782,26.3533],[89.8204,26.3706],[89.8115,26.3607],[89.8136,26.3532],[89.8201,26.3504],[89.8271,26.3667],[89.8256,26.3793],[89.831,26.382],[89.8409,26.3778],[89.8455,26.384],[89.8573,26.3845],[89.8468,26.4027],[89.8404,26.3908],[89.8306,26.3902],[89.8273,26.3965],[89.8333,26.4123],[89.8448,26.4102],[89.8498,26.4142],[89.8478,26.4218],[89.8695,26.4484],[89.8702,26.464],[89.8624,26.4661],[89.8527,26.4878],[89.8535,26.5172],[89.8618,26.5305],[89.8646,26.5483],[89.862,26.5779],[89.8775,26.5842],[89.8721,26.5947],[89.8772,26.6131],[89.8618,26.6152],[89.857,26.6234],[89.8573,26.6321],[89.8764,26.6495],[89.8681,26.6566],[89.8714,26.6835],[89.8569,26.7038],[89.8624,26.737],[89.8894,26.7244],[89.9578,26.7232],[89.9847,26.7268],[90.0021,26.7343],[90.0552,26.7293],[90.1278,26.749],[90.1887,26.7706],[90.184,26.8097],[90.1946,26.833],[90.2148,26.8537],[90.2443,26.8579],[90.3015,26.8482],[90.3117,26.8509],[90.3458,26.8764],[90.3551,26.8961],[90.4095,26.9019],[90.4221,26.8981],[90.5599,26.801],[90.6303,26.7917],[90.6491,26.7743],[90.6794,26.7802],[90.6999,26.768],[90.729,26.7684],[90.741,26.775],[90.8969,26.7786],[90.996,26.7883],[91.054,26.7795],[91.0891,26.8184],[91.0966,26.8198],[91.1297,26.8085],[91.1803,26.8114],[91.2623,26.805],[91.2951,26.7852],[91.3363,26.7797],[91.3796,26.8015],[91.4017,26.8347],[91.4083,26.8356],[91.4782,26.7918],[91.4928,26.7898],[91.5908,26.8048],[91.6238,26.8213],[91.6872,26.8051],[91.6973,26.8119],[91.7269,26.8126],[91.802,26.8521],[91.8318,26.8764],[91.8578,26.914],[91.8973,26.9161],[91.954,26.8877],[91.9599,26.8776],[91.9856,26.8583],[92.0552,26.8481],[92.0825,26.8621],[92.0889,26.861],[92.0974,26.8686],[92.0986,26.8819],[92.1079,26.8938],[92.1242,26.8898],[92.1948,26.891],[92.2546,26.9122],[92.2764,26.9025],[92.3037,26.9095],[92.3029,26.9242],[92.3531,26.9356],[92.3998,26.9263],[92.4119,26.9442],[92.4258,26.9435],[92.4462,26.9606],[92.4596,26.9633],[92.505,26.9668],[92.5536,26.9591],[92.5852,26.9619],[92.6455,26.9875],[92.6446,27.01],[92.6391,27.0185],[92.6505,27.0248],[92.6589,27.0385],[92.7137,27.0261],[92.7691,27.033],[92.7853,27.0307],[92.8366,27.0136],[92.8724,27.0077],[92.9167,26.9847],[92.9178,26.9642],[93.0194,26.9168],[93.0688,26.9242],[93.0919,26.9155],[93.109,26.9273],[93.1843,26.9387],[93.2224,26.9491],[93.3479,26.9632],[93.4479,26.9542],[93.4681,26.9389],[93.4868,26.9431],[93.4894,26.9385],[93.5258,26.9486],[93.5842,26.9526],[93.6245,26.9642],[93.6551,26.9665],[93.6758,26.9711],[93.7189,27.0192],[93.7685,27.0433],[93.7724,27.0623],[93.7792,27.0533],[93.7832,27.0672],[93.7861,27.0554],[93.7912,27.0546],[93.7971,27.0709],[93.8049,27.0614],[93.8129,27.0707],[93.8188,27.0649],[93.8246,27.0722],[93.8282,27.069],[93.835,27.075],[93.8362,27.0865],[93.8266,27.0994],[93.8255,27.1193],[93.8132,27.1238],[93.8135,27.132],[93.7978,27.136],[93.8056,27.1378],[93.8086,27.1518],[93.8674,27.1988],[93.901,27.2415],[94.0007,27.3301],[94,27.3347],[94.0609,27.3636],[94.0863,27.4046],[94.1602,27.4665],[94.1572,27.478],[94.1912,27.4963],[94.2123,27.498],[94.2217,27.507],[94.2591,27.5226],[94.2625,27.5274],[94.2565,27.5574],[94.2265,27.5756],[94.2214,27.5879],[94.2251,27.5985],[94.2135,27.6044],[94.2111,27.6108],[94.2174,27.609],[94.2351,27.6325],[94.2522,27.6409],[94.2628,27.636],[94.2672,27.6279],[94.2541,27.6137],[94.2725,27.6035],[94.276,27.5933],[94.2877,27.5918],[94.298,27.6043],[94.3124,27.5897],[94.3675,27.5768],[94.3876,27.5893],[94.4032,27.5872],[94.4209,27.6013],[94.431,27.6031],[94.4361,27.5844],[94.4535,27.5709],[94.4597,27.5577],[94.4792,27.577],[94.5002,27.5773],[94.5263,27.5958],[94.5735,27.607],[94.5915,27.6228],[94.6345,27.6288],[94.6484,27.6421],[94.6691,27.6503],[94.6825,27.6496],[94.687,27.6533],[94.6839,27.6633],[94.6894,27.6672],[94.7131,27.6603],[94.7207,27.67],[94.7427,27.6634],[94.7559,27.6665],[94.7722,27.684],[94.791,27.6889],[94.7953,27.6981],[94.8213,27.6962],[94.8394,27.7035],[94.8488,27.7107],[94.8536,27.7316],[94.866,27.7362],[94.8609,27.7395],[94.8839,27.7421],[94.9979,27.7766],[95.0312,27.7748],[95.0518,27.7902],[95.3166,27.8711],[95.3843,27.842],[95.516,27.8818],[95.5262,27.8979],[95.5435,27.9023],[95.5438,27.9135],[95.565,27.9225],[95.5712,27.9424],[95.5887,27.9416],[95.6067,27.9578],[95.8259,27.9774],[95.9775,27.9685],[95.9523,27.9418]]]]}},{"type":"Feature","id":"Bihar","properties":{"name":"Bihar","type":"State","code":""},"geometry":{"type":"MultiPolygon","coordinates":[[[[88.1055,26.539],[88.102,26.5344],[88.1055,26.539]]],[[[84.1197,27.5135],[84.1259,27.5108],[84.1409,27.5176],[84.1529,27.5167],[84.152,27.5006],[84.1475,27.496],[84.151,27.4857],[84.1658,27.4836],[84.1737,27.4755],[84.1933,27.469],[84.1966,27.473],[84.2079,27.4694],[84.2106,27.4423],[84.2217,27.4402],[84.2231,27.4474],[84.2338,27.4561],[84.2562,27.4519],[84.2616,27.4455],[84.2607,27.4386],[84.2748,27.4287],[84.2803,27.4152],[84.2787,27.3952],[84.2846,27.3964],[84.2934,27.385],[84.3027,27.3903],[84.3343,27.3773],[84.3606,27.3734],[84.3749,27.3765],[84.3939,27.368],[84.4433,27.37],[84.4477,27.3642],[84.4717,27.355],[84.4781,27.3623],[84.6109,27.3358],[84.622,27.3382],[84.6452,27.306],[84.6931,27.2148],[84.687,27.2129],[84.6895,27.2088],[84.6828,27.2004],[84.6825,27.1859],[84.6874,27.1801],[84.6779,27.1701],[84.6831,27.1686],[84.6791,27.1624],[84.6889,27.1585],[84.6825,27.1518],[84.6857,27.1432],[84.6795,27.1329],[84.6791,27.115],[84.6721,27.1099],[84.678,27.109],[84.6764,27.0955],[84.6668,27.0944],[84.6726,27.0909],[84.6485,27.0754],[84.6451,27.0595],[84.6485,27.0511],[84.6449,27.0472],[84.7589,27.0027],[84.7748,27.0175],[84.791,27.0086],[84.7885,26.9983],[84.7957,26.9956],[84.7993,27.0039],[84.8024,27.0004],[84.8097,27.0075],[84.8139,27.0203],[84.8319,27.0193],[84.8569,27.008],[84.8534,26.9985],[84.86,26.9974],[84.858,26.9865],[84.8612,26.9889],[84.8908,26.9772],[84.8936,26.9696],[84.8969,26.9726],[84.9128,26.9676],[84.9316,26.9685],[84.9555,26.9594],[84.9645,26.9603],[84.9805,26.94],[84.9698,26.916],[85.0018,26.9119],[85.0044,26.9031],[84.998,26.9063],[84.9951,26.9025],[85.0061,26.8948],[85.0624,26.8867],[85.0574,26.8811],[85.0506,26.885],[85.0545,26.881],[85.0454,26.8794],[85.0443,26.8749],[85.0315,26.875],[85.031,26.859],[85.0244,26.8554],[85.0597,26.8489],[85.0598,26.8556],[85.0634,26.8538],[85.0653,26.858],[85.0656,26.8493],[85.08,26.8585],[85.0897,26.8533],[85.0865,26.8551],[85.0916,26.8597],[85.0889,26.8671],[85.1134,26.8722],[85.1363,26.8676],[85.1433,26.8708],[85.1977,26.8666],[85.1926,26.8295],[85.1791,26.8119],[85.1826,26.7955],[85.1951,26.7908],[85.1997,26.7693],[85.2123,26.7587],[85.2341,26.7632],[85.2552,26.7609],[85.2625,26.755],[85.3061,26.7527],[85.3363,26.7414],[85.3572,26.7602],[85.3771,26.7606],[85.3861,26.774],[85.3991,26.778],[85.4096,26.7911],[85.4274,26.7858],[85.4347,26.7899],[85.4556,26.7819],[85.4801,26.7932],[85.4816,26.802],[85.4983,26.7981],[85.5,26.8119],[85.5113,26.8162],[85.5221,26.8141],[85.5451,26.8379],[85.5556,26.834],[85.5599,26.8437],[85.5679,26.8407],[85.5776,26.8607],[85.5814,26.8561],[85.5847,26.8585],[85.5875,26.847],[85.6092,26.857],[85.6262,26.8734],[85.6367,26.8719],[85.6446,26.8529],[85.6825,26.843],[85.7233,26.82],[85.7367,26.7956],[85.731,26.7498],[85.7364,26.7372],[85.7305,26.7295],[85.7256,26.6864],[85.7278,26.6701],[85.7387,26.6636],[85.7346,26.6543],[85.7492,26.6396],[85.7718,26.6296],[85.8038,26.6235],[85.8056,26.6147],[85.8198,26.6025],[85.8326,26.6013],[85.8335,26.6109],[85.8533,26.6095],[85.86,26.5896],[85.8507,26.5765],[85.8521,26.5684],[85.8589,26.5717],[85.8609,26.5686],[85.8818,26.5835],[85.8889,26.5824],[85.8932,26.5945],[85.9027,26.5945],[85.903,26.6004],[85.9291,26.6103],[85.9311,26.6163],[85.9503,26.6132],[85.9485,26.6209],[85.9576,26.6294],[85.9557,26.6436],[85.9625,26.6511],[85.9782,26.6579],[86.0128,26.654],[86.0142,26.6593],[86.0307,26.6664],[86.072,26.6568],[86.0762,26.6495],[86.12,26.6304],[86.1407,26.6287],[86.1432,26.6164],[86.1384,26.6062],[86.1448,26.6047],[86.1739,26.6168],[86.1946,26.6144],[86.1994,26.5933],[86.208,26.5962],[86.2196,26.5881],[86.2368,26.5904],[86.2369,26.5976],[86.2455,26.6025],[86.2546,26.6168],[86.2952,26.6129],[86.3102,26.6196],[86.33,26.6192],[86.3466,26.6159],[86.3433,26.6057],[86.3972,26.5953],[86.3973,26.5849],[86.4579,26.5678],[86.5011,26.5416],[86.5182,26.5388],[86.5241,26.5432],[86.5442,26.5381],[86.5728,26.4969],[86.6234,26.4838],[86.6319,26.4775],[86.6285,26.4691],[86.6363,26.465],[86.6957,26.4509],[86.7022,26.4371],[86.7226,26.4346],[86.7335,26.422],[86.7492,26.428],[86.7464,26.4346],[86.7559,26.4462],[86.7666,26.4509],[86.7677,26.4585],[86.8358,26.4387],[86.8495,26.4421],[86.8484,26.4479],[86.8584,26.4481],[86.8634,26.4572],[86.8753,26.4537],[86.8964,26.4617],[86.8941,26.4858],[86.9322,26.4893],[86.9351,26.5165],[86.9637,26.5235],[86.9776,26.5197],[86.9818,26.5248],[86.9932,26.5228],[87.0177,26.5318],[87.0448,26.5679],[87.0473,26.587],[87.0743,26.5855],[87.0751,26.5416],[87.0822,26.5229],[87.0939,26.45],[87.1415,26.4146],[87.165,26.4038],[87.1915,26.4051],[87.1888,26.414],[87.2138,26.4128],[87.2214,26.4029],[87.2312,26.4133],[87.2587,26.4109],[87.2686,26.4053],[87.2684,26.3736],[87.2919,26.3734],[87.3038,26.366],[87.3149,26.3711],[87.3434,26.3475],[87.3609,26.3608],[87.3559,26.3718],[87.3589,26.3879],[87.3713,26.4078],[87.3786,26.4067],[87.391,26.4187],[87.4302,26.422],[87.4455,26.4327],[87.4691,26.4401],[87.5189,26.4306],[87.55,26.4182],[87.5553,26.4054],[87.5902,26.3922],[87.5897,26.3818],[87.6084,26.3806],[87.6146,26.3898],[87.6544,26.3932],[87.6528,26.4055],[87.6809,26.4155],[87.6802,26.4351],[87.6945,26.4353],[87.701,26.4279],[87.7159,26.4253],[87.7249,26.4189],[87.7253,26.4122],[87.7361,26.4075],[87.7416,26.4172],[87.7499,26.4185],[87.7563,26.4079],[87.7689,26.4121],[87.7701,26.4186],[87.7788,26.4215],[87.7756,26.4202],[87.7779,26.4252],[87.7731,26.4271],[87.7777,26.4269],[87.7751,26.4298],[87.7803,26.4356],[87.7754,26.4357],[87.7803,26.4423],[87.7764,26.4501],[87.7849,26.4537],[87.7922,26.4689],[87.8322,26.4499],[87.8307,26.4398],[87.8512,26.4362],[87.8535,26.4449],[87.8651,26.4526],[87.8608,26.4634],[87.8881,26.4762],[87.8906,26.4864],[87.9025,26.4771],[87.9121,26.4574],[87.9012,26.4484],[87.9267,26.4464],[87.9282,26.4401],[87.9191,26.4307],[87.9285,26.4274],[87.9293,26.4179],[87.9683,26.3968],[87.9942,26.3922],[87.995,26.3694],[88.0004,26.3647],[88.005,26.3662],[88.0102,26.3608],[88.0326,26.3646],[88.0297,26.3707],[88.0339,26.3782],[88.0297,26.3815],[88.0372,26.3917],[88.0499,26.4008],[88.058,26.4004],[88.0626,26.4094],[88.0739,26.4077],[88.0721,26.4128],[88.0974,26.4374],[88.0994,26.4521],[88.0944,26.4627],[88.1059,26.4667],[88.1004,26.4723],[88.1092,26.4759],[88.1029,26.4794],[88.1083,26.4891],[88.1013,26.5054],[88.0929,26.5067],[88.0991,26.5109],[88.0977,26.5161],[88.1055,26.5182],[88.1061,26.5356],[88.1322,26.5126],[88.1454,26.511],[88.1477,26.5166],[88.1654,26.5216],[88.1683,26.5374],[88.1787,26.5309],[88.1824,26.5429],[88.1905,26.5443],[88.2146,26.5356],[88.2097,26.5407],[88.2208,26.5463],[88.2139,26.5508],[88.2154,26.5573],[88.2312,26.552],[88.2334,26.5324],[88.2067,26.515],[88.2064,26.5101],[88.1939,26.508],[88.179,26.4906],[88.1916,26.4831],[88.1938,26.472],[88.2148,26.4697],[88.2132,26.4778],[88.2262,26.4763],[88.2211,26.4668],[88.2153,26.4657],[88.229,26.4472],[88.2434,26.4493],[88.2522,26.4338],[88.2679,26.4218],[88.2632,26.415],[88.2554,26.4159],[88.2292,26.3899],[88.2376,26.3754],[88.2549,26.3745],[88.2676,26.3812],[88.274,26.3773],[88.2819,26.3601],[88.2919,26.3539],[88.2793,26.3464],[88.2796,26.3355],[88.2724,26.3305],[88.2686,26.337],[88.2611,26.3379],[88.2482,26.3265],[88.2365,26.3054],[88.2318,26.3104],[88.2246,26.2894],[88.2143,26.2817],[88.1945,26.2741],[88.1834,26.2747],[88.1769,26.2617],[88.1444,26.2528],[88.1374,26.2438],[88.1388,26.2308],[88.1119,26.2262],[88.116,26.223],[88.0897,26.2032],[88.0872,26.1944],[88.073,26.1854],[88.0698,26.1757],[88.0523,26.1717],[88.0462,26.1779],[88.0374,26.1777],[88.0266,26.1628],[88.0117,26.1548],[88.0131,26.1409],[87.996,26.1418],[87.9821,26.1592],[87.9748,26.1529],[87.9641,26.152],[87.971,26.1371],[87.9571,26.1289],[87.9756,26.1216],[87.9694,26.1093],[87.9582,26.1088],[87.9544,26.1028],[87.9722,26.0849],[87.9681,26.0814],[87.9379,26.0845],[87.9382,26.0768],[87.9311,26.069],[87.9225,26.0718],[87.9129,26.091],[87.8761,26.0662],[87.8752,26.0556],[87.8633,26.0561],[87.8421,26.0445],[87.8406,26.0198],[87.826,25.9883],[87.8313,25.9641],[87.8254,25.9587],[87.8239,25.9465],[87.8299,25.9355],[87.807,25.9299],[87.8036,25.9207],[87.8078,25.909],[87.8107,25.914],[87.8165,25.9127],[87.8137,25.9],[87.8203,25.8938],[87.8155,25.8855],[87.8228,25.8715],[87.8559,25.8647],[87.8653,25.8676],[87.8787,25.8585],[87.8848,25.8647],[87.9109,25.8517],[87.8973,25.8396],[87.8974,25.8345],[87.8834,25.8286],[87.8964,25.8291],[87.8939,25.8251],[87.8987,25.8201],[87.9105,25.8148],[87.9076,25.8094],[87.9031,25.8141],[87.8967,25.8111],[87.895,25.8047],[87.9031,25.8019],[87.898,25.7993],[87.8985,25.7698],[87.9187,25.774],[87.9286,25.7679],[87.9324,25.7713],[87.9416,25.756],[87.9386,25.7485],[87.9605,25.7321],[87.961,25.7247],[87.9797,25.7185],[87.9878,25.7237],[87.9972,25.7119],[88.0167,25.7047],[88.0162,25.6917],[88.0302,25.6988],[88.0348,25.694],[88.0399,25.6981],[88.0486,25.6906],[88.0508,25.6858],[88.0431,25.6739],[88.0485,25.6439],[88.0429,25.639],[88.0358,25.641],[88.0356,25.6368],[88.0543,25.6329],[88.0394,25.6273],[88.0369,25.622],[88.035,25.6171],[88.0414,25.6055],[88.0297,25.6],[88.0386,25.595],[88.0314,25.5875],[88.021,25.5869],[88.03,25.5743],[88.0253,25.5691],[88.0382,25.5639],[88.027,25.5533],[88.0379,25.5462],[88.0357,25.5367],[88.0581,25.5287],[88.0689,25.513],[88.0639,25.5062],[88.0729,25.5039],[88.0681,25.4968],[88.0704,25.4805],[88.053,25.4866],[88.0463,25.4826],[88.0366,25.4865],[88.0386,25.4916],[88.0345,25.4927],[88.0276,25.4861],[88.0157,25.5005],[88.0079,25.5028],[88.0117,25.5076],[88.0075,25.5104],[88.0042,25.494],[87.9928,25.4979],[87.9806,25.5159],[87.9876,25.5239],[87.9723,25.5232],[87.9556,25.538],[87.926,25.5362],[87.903,25.5191],[87.9048,25.5073],[87.899,25.5043],[87.8853,25.5171],[87.8792,25.516],[87.8814,25.5056],[87.8699,25.503],[87.8609,25.4861],[87.8635,25.4654],[87.8507,25.4683],[87.8338,25.4646],[87.8338,25.4588],[87.8256,25.4575],[87.8258,25.4453],[87.8086,25.4342],[87.7865,25.4487],[87.7813,25.4447],[87.7765,25.429],[87.7659,25.4243],[87.7713,25.4116],[87.7621,25.4121],[87.7591,25.405],[87.7664,25.4035],[87.7626,25.389],[87.7657,25.378],[87.7767,25.3709],[87.7888,25.3723],[87.7816,25.3384],[87.784,25.3324],[87.7914,25.3223],[87.8111,25.3192],[87.8289,25.3034],[87.8504,25.2974],[87.855,25.2895],[87.8565,25.2778],[87.8543,25.2679],[87.85,25.2673],[87.8493,25.2534],[87.8355,25.2498],[87.8228,25.2343],[87.8366,25.1993],[87.8013,25.2182],[87.7876,25.2205],[87.7833,25.2462],[87.7078,25.2564],[87.708,25.2714],[87.6891,25.2849],[87.6948,25.2954],[87.6935,25.3031],[87.6806,25.3043],[87.6842,25.3101],[87.6518,25.3072],[87.6318,25.3119],[87.626,25.3186],[87.6227,25.3108],[87.6136,25.3155],[87.6069,25.3114],[87.5812,25.328],[87.5877,25.3405],[87.5801,25.3484],[87.5671,25.3339],[87.5474,25.3309],[87.5385,25.2962],[87.5397,25.2816],[87.5294,25.2796],[87.5129,25.2921],[87.4989,25.2923],[87.4901,25.3052],[87.4864,25.2961],[87.4815,25.2952],[87.4876,25.2776],[87.4945,25.2754],[87.4957,25.2625],[87.4876,25.262],[87.4726,25.2409],[87.4722,25.1947],[87.4095,25.2151],[87.3918,25.2275],[87.3771,25.2226],[87.3699,25.2051],[87.3551,25.2134],[87.3305,25.2171],[87.3305,25.2222],[87.3235,25.2231],[87.3106,25.1698],[87.315,25.165],[87.3023,25.1453],[87.3034,25.1381],[87.2979,25.1347],[87.2911,25.0893],[87.2702,25.0936],[87.2588,25.1046],[87.2506,25.1059],[87.2453,25.0991],[87.2399,25.0995],[87.2339,25.0858],[87.2114,25.0896],[87.1975,25.0737],[87.1766,25.064],[87.1583,25.031],[87.1468,25.0243],[87.1445,25.0064],[87.1537,24.991],[87.1486,24.9421],[87.1553,24.9317],[87.1465,24.9129],[87.157,24.8961],[87.1581,24.8856],[87.1479,24.8679],[87.151,24.8584],[87.1327,24.8596],[87.1233,24.853],[87.1145,24.8555],[87.095,24.8262],[87.0786,24.8223],[87.0773,24.8084],[87.0967,24.8015],[87.0828,24.7792],[87.0863,24.7583],[87.0736,24.7431],[87.0756,24.7364],[87.0813,24.7359],[87.0819,24.7245],[87.0726,24.7109],[87.0693,24.6913],[87.0547,24.6706],[87.0444,24.624],[87.0505,24.6068],[87.0446,24.6054],[87.0367,24.6133],[87.0275,24.6093],[87.0244,24.6211],[87.0167,24.6178],[87.0102,24.6063],[86.9712,24.6303],[86.9455,24.6266],[86.9486,24.6428],[86.9301,24.6428],[86.9341,24.6265],[86.9189,24.6194],[86.9179,24.6108],[86.8981,24.5865],[86.9112,24.5387],[86.8931,24.5548],[86.8841,24.5545],[86.8764,24.5673],[86.8616,24.5603],[86.8546,24.5505],[86.8388,24.5541],[86.8371,24.5683],[86.8003,24.5646],[86.8012,24.572],[86.8076,24.5769],[86.8058,24.5945],[86.7918,24.6153],[86.7856,24.6172],[86.7944,24.5968],[86.7869,24.5994],[86.7771,24.6198],[86.7755,24.6156],[86.7509,24.618],[86.7446,24.6029],[86.7457,24.5895],[86.7316,24.5758],[86.7186,24.5782],[86.6954,24.5689],[86.6866,24.5704],[86.6684,24.5606],[86.6458,24.5672],[86.6413,24.5761],[86.6183,24.5845],[86.6189,24.5947],[86.6069,24.5944],[86.6093,24.6074],[86.6029,24.6051],[86.5839,24.5853],[86.5832,24.5728],[86.5782,24.5679],[86.5546,24.5593],[86.5579,24.5485],[86.5467,24.535],[86.5235,24.5357],[86.5057,24.5177],[86.4975,24.498],[86.4981,24.4873],[86.4903,24.4844],[86.4897,24.4676],[86.4845,24.4588],[86.4911,24.4541],[86.4886,24.425],[86.4658,24.4219],[86.4657,24.385],[86.4522,24.3686],[86.4156,24.3792],[86.3987,24.4003],[86.3733,24.4159],[86.3507,24.4437],[86.3195,24.4402],[86.3038,24.4448],[86.2996,24.449],[86.3009,24.4568],[86.2791,24.462],[86.2856,24.4768],[86.2939,24.4764],[86.3124,24.5085],[86.3075,24.5264],[86.3013,24.532],[86.3098,24.5473],[86.304,24.5583],[86.3229,24.5841],[86.3122,24.5859],[86.3101,24.5816],[86.2926,24.5861],[86.2738,24.5827],[86.2769,24.5742],[86.2663,24.582],[86.2641,24.5758],[86.2174,24.6118],[86.2157,24.5912],[86.1949,24.5852],[86.1657,24.5837],[86.157,24.5892],[86.1523,24.5997],[86.1333,24.6035],[86.1256,24.6118],[86.1182,24.6419],[86.1263,24.6542],[86.1259,24.6708],[86.1336,24.6755],[86.1244,24.7052],[86.1093,24.7322],[86.0866,24.7463],[86.0632,24.7517],[86.0391,24.7413],[86.036,24.7473],[86.0416,24.7479],[86.053,24.7617],[86.0506,24.7795],[86.0096,24.768],[86,24.7514],[85.9773,24.7476],[85.9702,24.7336],[85.9503,24.7321],[85.9277,24.7405],[85.9105,24.7537],[85.8872,24.7856],[85.8897,24.7917],[85.8778,24.8003],[85.8272,24.8096],[85.818,24.807],[85.8107,24.7945],[85.7772,24.799],[85.7694,24.8029],[85.7655,24.8125],[85.7367,24.8227],[85.721,24.787],[85.7098,24.781],[85.7048,24.7688],[85.7081,24.7477],[85.6967,24.7135],[85.6797,24.6938],[85.6495,24.687],[85.6505,24.6792],[85.66,24.6747],[85.6637,24.661],[85.6612,24.6466],[85.6721,24.6194],[85.6732,24.5929],[85.6647,24.5819],[85.6443,24.5783],[85.6154,24.5829],[85.5983,24.5976],[85.5766,24.603],[85.5629,24.5913],[85.5614,24.5837],[85.5671,24.5782],[85.5683,24.5652],[85.5546,24.5561],[85.5368,24.5652],[85.5404,24.5503],[85.5365,24.536],[85.5183,24.5245],[85.5024,24.5314],[85.5025,24.5429],[85.4975,24.5485],[85.4865,24.5508],[85.4566,24.5392],[85.4333,24.5361],[85.4066,24.5457],[85.3703,24.5296],[85.3186,24.5246],[85.2825,24.5267],[85.282,24.4972],[85.2465,24.4953],[85.2239,24.4712],[85.2033,24.473],[85.1992,24.4674],[85.1632,24.4672],[85.1507,24.4629],[85.1499,24.4559],[85.1587,24.4513],[85.1694,24.4295],[85.1579,24.4242],[85.1553,24.418],[85.1151,24.409],[85.0894,24.3792],[85.0655,24.3868],[85.0745,24.4085],[85.0762,24.4399],[85.0533,24.4151],[85.0321,24.4254],[84.9904,24.4122],[84.9686,24.376],[84.9479,24.3718],[84.9253,24.378],[84.898,24.3721],[84.8944,24.375],[84.9005,24.3821],[84.8982,24.3938],[84.8779,24.4226],[84.8802,24.4628],[84.8674,24.4669],[84.8597,24.4566],[84.8475,24.4659],[84.842,24.4555],[84.8344,24.4525],[84.8306,24.4592],[84.8335,24.4696],[84.8272,24.4701],[84.8326,24.5115],[84.8195,24.5248],[84.8016,24.5211],[84.7953,24.5295],[84.7837,24.5177],[84.7799,24.5049],[84.742,24.4965],[84.7401,24.4883],[84.7249,24.473],[84.7129,24.4686],[84.7065,24.4724],[84.6789,24.4563],[84.6662,24.4312],[84.6678,24.413],[84.6629,24.4106],[84.6583,24.3937],[84.6229,24.4039],[84.5818,24.4015],[84.5801,24.4104],[84.5725,24.4123],[84.5591,24.3971],[84.5658,24.3839],[84.5459,24.3737],[84.5215,24.3763],[84.528,24.3648],[84.5188,24.3532],[84.5194,24.3458],[84.5255,24.3395],[84.5174,24.3337],[84.5107,24.3172],[84.5032,24.3154],[84.5023,24.2946],[84.4935,24.287],[84.4842,24.2969],[84.4871,24.3048],[84.4753,24.3026],[84.4651,24.3084],[84.4545,24.3387],[84.4174,24.3314],[84.4225,24.3592],[84.3949,24.3678],[84.3998,24.3746],[84.385,24.3793],[84.3822,24.3897],[84.3614,24.3866],[84.3359,24.3958],[84.338,24.4013],[84.3259,24.4109],[84.3278,24.4222],[84.3151,24.4235],[84.3194,24.4293],[84.3304,24.4312],[84.315,24.4475],[84.2932,24.4508],[84.2853,24.4659],[84.2942,24.4808],[84.3217,24.4898],[84.3263,24.5027],[84.293,24.566],[84.2692,24.5643],[84.2719,24.554],[84.2801,24.5519],[84.2585,24.5377],[84.2571,24.5308],[84.2485,24.5316],[84.2483,24.5388],[84.2343,24.5436],[84.235,24.5532],[84.2207,24.5503],[84.2175,24.5352],[84.2089,24.5372],[84.1999,24.557],[84.1883,24.5553],[84.187,24.5493],[84.1729,24.5471],[84.1864,24.5225],[84.1793,24.5104],[84.1536,24.5176],[84.1644,24.5337],[84.1461,24.5403],[84.1363,24.5294],[84.14,24.5048],[84.1249,24.4983],[84.1226,24.4867],[84.1098,24.4814],[84.0891,24.5041],[84.0897,24.5339],[84.0783,24.545],[84.0725,24.5696],[84.0597,24.577],[84.0614,24.5894],[84.0529,24.588],[84.0449,24.607],[84.0467,24.6123],[84.0242,24.6291],[84.0157,24.6276],[84.0145,24.6316],[83.9922,24.638],[83.9724,24.5966],[83.933,24.5517],[83.868,24.5329],[83.8577,24.5376],[83.7945,24.5294],[83.7487,24.5105],[83.7167,24.505],[83.6825,24.5156],[83.6002,24.5132],[83.5424,24.5262],[83.4982,24.5271],[83.4934,24.5421],[83.5172,24.5492],[83.5246,24.5673],[83.525,24.585],[83.5174,24.6032],[83.5414,24.6262],[83.5207,24.63],[83.5239,24.6444],[83.5159,24.6428],[83.4975,24.6517],[83.4995,24.6685],[83.5137,24.6812],[83.4957,24.6962],[83.4921,24.7052],[83.4807,24.7057],[83.4833,24.7311],[83.4798,24.7378],[83.4531,24.7333],[83.4194,24.7699],[83.3868,24.7842],[83.3925,24.7971],[83.3901,24.8044],[83.3956,24.811],[83.3904,24.8331],[83.3683,24.8632],[83.354,24.8706],[83.3642,24.8786],[83.3549,24.8855],[83.36,24.8919],[83.3514,24.9031],[83.358,24.914],[83.357,24.9554],[83.3385,24.9636],[83.3459,24.9921],[83.3439,25.0105],[83.3182,25.0173],[83.3165,25.0384],[83.3235,25.0481],[83.3219,25.0558],[83.3338,25.051],[83.3336,25.058],[83.3278,25.061],[83.3322,25.0825],[83.338,25.0881],[83.3401,25.1124],[83.3538,25.1104],[83.3574,25.1242],[83.3521,25.1312],[83.3525,25.1518],[83.3432,25.1587],[83.3481,25.1786],[83.3354,25.1814],[83.3496,25.1989],[83.3603,25.1964],[83.3721,25.2011],[83.3796,25.2118],[83.3882,25.207],[83.4093,25.2493],[83.4193,25.2464],[83.4193,25.2533],[83.4314,25.2445],[83.4398,25.2592],[83.4603,25.252],[83.4803,25.2824],[83.4862,25.2795],[83.4913,25.2866],[83.4982,25.283],[83.5026,25.2896],[83.5112,25.2878],[83.518,25.2932],[83.5181,25.3025],[83.5256,25.2995],[83.5453,25.3099],[83.5332,25.3129],[83.5395,25.3177],[83.5643,25.3159],[83.5642,25.3081],[83.5839,25.3249],[83.6072,25.3323],[83.6224,25.3295],[83.63,25.3432],[83.6425,25.3411],[83.6502,25.368],[83.6588,25.363],[83.6602,25.371],[83.6691,25.3645],[83.689,25.3713],[83.6752,25.3784],[83.6894,25.3859],[83.6946,25.3961],[83.704,25.3861],[83.7154,25.3992],[83.7272,25.3985],[83.7325,25.4106],[83.7378,25.4009],[83.7507,25.405],[83.7581,25.4012],[83.7497,25.3968],[83.7497,25.3921],[83.7619,25.3879],[83.7652,25.3997],[83.7823,25.3987],[83.7994,25.411],[83.8052,25.4245],[83.7944,25.4316],[83.8384,25.4369],[83.8334,25.4502],[83.8056,25.4537],[83.8102,25.4659],[83.8147,25.4683],[83.8294,25.4615],[83.8511,25.4737],[83.8549,25.4849],[83.8644,25.4906],[83.8713,25.5032],[83.8682,25.5116],[83.873,25.5204],[83.8963,25.5283],[83.9171,25.5585],[83.9443,25.5673],[84.0142,25.6161],[84.0765,25.6375],[84.0797,25.6527],[84.0696,25.6956],[84.0944,25.7204],[84.1231,25.7239],[84.1351,25.7316],[84.1368,25.7238],[84.1265,25.7185],[84.1357,25.7169],[84.1445,25.7206],[84.1482,25.731],[84.1943,25.7034],[84.2029,25.6696],[84.2171,25.6641],[84.2856,25.6615],[84.2928,25.6685],[84.2836,25.6771],[84.3121,25.6724],[84.3134,25.6689],[84.3186,25.6719],[84.3244,25.7333],[84.3313,25.7446],[84.3544,25.7436],[84.3695,25.736],[84.3676,25.7417],[84.38,25.7487],[84.3885,25.7443],[84.3812,25.7343],[84.3936,25.7289],[84.4004,25.7169],[84.3971,25.7091],[84.4019,25.6995],[84.4236,25.6951],[84.4242,25.7117],[84.4488,25.7145],[84.4552,25.7103],[84.4588,25.6984],[84.4632,25.6986],[84.4603,25.6907],[84.4665,25.6855],[84.4893,25.6911],[84.4884,25.6779],[84.499,25.6774],[84.5058,25.6823],[84.5164,25.6777],[84.5246,25.6844],[84.5279,25.7154],[84.5305,25.7246],[84.5359,25.7265],[84.5314,25.6928],[84.5523,25.684],[84.5586,25.701],[84.5556,25.7364],[84.5955,25.7391],[84.6306,25.7283],[84.6223,25.7473],[84.6005,25.7606],[84.6029,25.7724],[84.6101,25.7773],[84.6208,25.7724],[84.6202,25.7941],[84.5565,25.8375],[84.5469,25.8413],[84.5443,25.83],[84.527,25.8343],[84.5263,25.8554],[84.52,25.8612],[84.5283,25.8647],[84.5406,25.8621],[84.5286,25.8777],[84.5065,25.8724],[84.4853,25.8893],[84.4666,25.8837],[84.4611,25.8887],[84.4233,25.8924],[84.4083,25.9314],[84.3863,25.9382],[84.3514,25.9593],[84.2963,25.947],[84.2352,25.986],[84.2018,26.0006],[84.1923,25.9895],[84.1724,25.9988],[84.1662,25.9915],[84.1673,26.0255],[84.1367,26.047],[84.1161,26.0749],[84.091,26.0965],[84.0491,26.0997],[84.0422,26.1116],[84.0424,26.1316],[84.0181,26.1451],[84.0236,26.1541],[84.0273,26.153],[84.0278,26.163],[84.0138,26.167],[84.003,26.1782],[84.0021,26.1901],[84.009,26.1996],[84.0204,26.1976],[84.0236,26.2009],[84.019,26.2093],[84.0243,26.2198],[84.0095,26.2239],[84.0055,26.2341],[84.0115,26.2407],[84.0205,26.2416],[84.0313,26.2391],[84.0336,26.2321],[84.0468,26.2302],[84.0494,26.2256],[84.0794,26.2212],[84.0795,26.2318],[84.0874,26.2365],[84.0914,26.234],[84.0923,26.2402],[84.1105,26.2418],[84.113,26.2619],[84.1414,26.2578],[84.1453,26.2617],[84.1573,26.2441],[84.1551,26.2577],[84.1714,26.2677],[84.1687,26.2929],[84.1817,26.317],[84.1672,26.3381],[84.1714,26.374],[84.0923,26.3904],[84.072,26.3845],[84.0615,26.3901],[84.055,26.402],[84.0306,26.413],[84.0164,26.4319],[84.011,26.4485],[84.0017,26.4436],[83.9904,26.4476],[83.982,26.4346],[83.9463,26.4381],[83.9023,26.4503],[83.9075,26.5004],[83.9022,26.5181],[83.935,26.5244],[83.9458,26.5184],[83.9427,26.5135],[83.9457,26.5102],[83.9625,26.5086],[83.9742,26.5319],[84.0007,26.525],[84.0478,26.5435],[84.0493,26.5616],[84.0825,26.5996],[84.0818,26.6429],[84.1043,26.6327],[84.1061,26.6372],[84.1215,26.6346],[84.121,26.6376],[84.152,26.6385],[84.1485,26.6277],[84.202,26.6243],[84.2309,26.6098],[84.2589,26.6073],[84.2722,26.5994],[84.2793,26.6066],[84.295,26.6066],[84.297,26.6157],[84.3027,26.6175],[84.3255,26.6153],[84.3509,26.6204],[84.3706,26.6154],[84.3789,26.6218],[84.4144,26.6272],[84.4048,26.6428],[84.4022,26.6712],[84.3257,26.6843],[84.3185,26.7162],[84.298,26.7533],[84.2786,26.7512],[84.2553,26.739],[84.2474,26.7293],[84.234,26.7395],[84.2246,26.7571],[84.2411,26.7754],[84.2523,26.8087],[84.2468,26.8145],[84.2485,26.8209],[84.2428,26.8218],[84.251,26.8307],[84.2521,26.8449],[84.2411,26.8624],[84.2211,26.8722],[84.2092,26.871],[84.1966,26.8612],[84.1808,26.8574],[84.1765,26.8533],[84.1747,26.8358],[84.1689,26.8345],[84.1505,26.8395],[84.1317,26.8557],[84.1318,26.8706],[84.1393,26.874],[84.1408,26.8876],[84.1302,26.8853],[84.1006,26.9008],[84.0999,26.888],[84.09,26.8772],[84.0855,26.8852],[84.0763,26.8788],[84.052,26.8917],[84.0508,26.9016],[84.0424,26.9091],[84.0492,26.9146],[84.0477,26.9318],[84.0385,26.9309],[84.0363,26.9411],[84.0249,26.9427],[84.0264,26.949],[84.0351,26.9487],[84.0386,26.9578],[84.0467,26.9619],[84.046,26.9681],[84.0413,26.968],[84.0435,26.9804],[84.0364,26.984],[84.0495,26.9908],[84.0427,27.0031],[84.0304,27.0118],[84.0408,27.0447],[84.0243,27.0447],[83.9949,27.0613],[83.9908,27.0686],[84.0056,27.0719],[84.0169,27.0838],[84.0161,27.0918],[84.0207,27.0955],[84.0116,27.1049],[83.9549,27.0861],[83.9441,27.0873],[83.9394,27.093],[83.9396,27.1167],[83.9525,27.129],[83.9509,27.1409],[83.9851,27.1818],[83.9788,27.2004],[83.9617,27.2138],[83.9638,27.2253],[83.9545,27.235],[83.9076,27.248],[83.898,27.2594],[83.8962,27.2771],[83.9219,27.2964],[83.9257,27.3042],[83.9236,27.3164],[83.908,27.3304],[83.8936,27.3291],[83.8546,27.3112],[83.8425,27.3213],[83.829,27.3228],[83.8293,27.3275],[83.855,27.3403],[83.8585,27.351],[83.8648,27.3464],[83.8899,27.3582],[83.9055,27.3762],[83.9073,27.3895],[83.8752,27.3919],[83.8776,27.4057],[83.8702,27.4285],[83.9331,27.4494],[83.9443,27.4476],[83.948,27.441],[83.9682,27.4464],[83.9796,27.4391],[83.9983,27.4459],[84.0002,27.4405],[84.0076,27.442],[84.0179,27.4346],[84.0294,27.4336],[84.028,27.4382],[84.0338,27.4415],[84.0542,27.4426],[84.0639,27.4558],[84.0606,27.461],[84.0727,27.4815],[84.0975,27.4894],[84.0998,27.5168],[84.1107,27.5215],[84.1188,27.5191],[84.1197,27.5135]]],[[[87.3062,27.8432],[87.3068,27.8366],[87.3062,27.8432]]],[[[87.2629,27.8507],[87.2512,27.8431],[87.2629,27.8507]]],[[[87.2629,27.8507],[87.2672,27.8501],[87.2629,27.8507]]]]}},{"type":"Feature","id":"Chandigarh","properties":{"name":"Chandigarh","type":"Union Territor","code":""},"geometry":{"type":"Polygon","coordinates":[[[76.8198,30.6858],[76.8105,30.685],[76.7944,30.6693],[76.745,30.6905],[76.7385,30.6892],[76.7329,30.6972],[76.7263,30.6959],[76.7255,30.71],[76.7152,30.7133],[76.7161,30.7286],[76.7013,30.7453],[76.6907,30.7467],[76.6906,30.7601],[76.7079,30.7701],[76.7227,30.7707],[76.7392,30.7861],[76.7382,30.7899],[76.7593,30.799],[76.7773,30.7855],[76.7693,30.777],[76.7809,30.7739],[76.7978,30.7853],[76.8039,30.779],[76.7914,30.7695],[76.7931,30.7665],[76.8015,30.7628],[76.812,30.7666],[76.8282,30.7638],[76.8227,30.7401],[76.8248,30.7308],[76.8344,30.7244],[76.8363,30.7143],[76.8211,30.6968],[76.8198,30.6858]]]}},{"type":"Feature","id":"Chhattisgarh","properties":{"name":"Chhattisgarh","type":"State","code":""},"geometry":{"type":"Polygon","coordinates":[[[83.3276,24.0996],[83.3833,24.0999],[83.4031,24.0808],[83.4254,24.0838],[83.4313,24.0579],[83.4476,24.0425],[83.479,24.0385],[83.5067,24.0282],[83.5166,24.0106],[83.5075,24.0014],[83.5077,23.9795],[83.5124,23.967],[83.5389,23.9335],[83.5373,23.9146],[83.5428,23.8982],[83.5494,23.8928],[83.5702,23.8904],[83.5762,23.8844],[83.573,23.8771],[83.5576,23.8695],[83.5612,23.863],[83.5812,23.8619],[83.63,23.8474],[83.6496,23.8481],[83.6562,23.8436],[83.6583,23.8278],[83.6722,23.8201],[83.682,23.8258],[83.6954,23.8207],[83.6986,23.8165],[83.6956,23.8076],[83.7108,23.7895],[83.7124,23.7723],[83.7294,23.7547],[83.7293,23.7318],[83.7347,23.7136],[83.7321,23.7047],[83.7151,23.6902],[83.7147,23.6825],[83.7509,23.6533],[83.7521,23.649],[83.743,23.6405],[83.7478,23.6267],[83.7649,23.6215],[83.7749,23.5995],[83.7861,23.5982],[83.8005,23.5832],[83.8063,23.5823],[83.8109,23.5889],[83.8829,23.5728],[83.8901,23.5759],[83.9353,23.563],[83.9296,23.5937],[83.9315,23.6114],[83.9379,23.6224],[84.007,23.6323],[84.0019,23.6204],[84.0223,23.5974],[84.0241,23.5879],[84.0227,23.5442],[84.0088,23.4996],[83.9972,23.4931],[83.9791,23.4606],[83.9695,23.4554],[83.9794,23.4267],[83.9658,23.3812],[83.9749,23.3648],[84.0065,23.3528],[84.0207,23.3755],[84.0434,23.374],[84.05,23.3519],[84.0703,23.33],[84.06,23.3082],[84.0638,23.2922],[84.0505,23.241],[84.0524,23.2164],[84.0584,23.2036],[84.0311,23.1611],[84.0337,23.1384],[84.0529,23.1245],[84.0615,23.1099],[84.0879,23.1095],[84.1049,23.0992],[84.1125,23.0872],[84.1294,23.0815],[84.1317,23.0674],[84.1248,23.0535],[84.1246,23.0307],[84.1442,22.9882],[84.148,22.9639],[84.1679,22.971],[84.1714,22.9771],[84.1686,22.995],[84.174,23.0004],[84.1767,23.0205],[84.1899,23.0237],[84.1983,23.019],[84.1968,23.0041],[84.2171,22.9765],[84.2374,22.9804],[84.2415,22.9729],[84.2509,22.9714],[84.2714,22.9889],[84.2689,22.979],[84.2786,22.9612],[84.3068,22.9675],[84.3252,22.9793],[84.3436,22.9737],[84.3705,22.9751],[84.3792,22.9489],[84.3891,22.9387],[84.3863,22.9168],[84.3709,22.9016],[84.3783,22.8931],[84.3769,22.8759],[84.3699,22.8645],[84.3295,22.8596],[84.3184,22.8438],[84.3177,22.8172],[84.31,22.799],[84.2903,22.7872],[84.2853,22.7634],[84.2814,22.7601],[84.274,22.7656],[84.2542,22.763],[84.2254,22.7352],[84.2277,22.698],[84.2322,22.6886],[84.2206,22.6689],[84.2097,22.663],[84.197,22.6638],[84.1804,22.6498],[84.1648,22.6453],[84.1499,22.6344],[84.1072,22.6367],[84.094,22.6326],[84.0804,22.6366],[84.0481,22.5941],[84.0213,22.5872],[84.0178,22.5789],[84.0051,22.5696],[83.9994,22.5395],[84.0052,22.5247],[84.0025,22.5209],[83.9943,22.5288],[83.9801,22.522],[83.9745,22.514],[83.9761,22.5022],[84.013,22.4852],[84.0217,22.4721],[84.0387,22.4689],[84.0416,22.4641],[84.04,22.4329],[84.024,22.4222],[84.0222,22.4102],[84.0017,22.3804],[84.0042,22.3677],[83.993,22.3692],[83.967,22.3578],[83.9155,22.3597],[83.897,22.3397],[83.8719,22.3389],[83.861,22.3438],[83.843,22.3263],[83.8252,22.3196],[83.8194,22.2925],[83.7936,22.2877],[83.7786,22.2745],[83.7713,22.2573],[83.7569,22.2504],[83.7528,22.2429],[83.693,22.2455],[83.6727,22.2374],[83.6574,22.2248],[83.6458,22.2246],[83.6193,22.1964],[83.6023,22.1518],[83.5573,22.1],[83.6003,22.0655],[83.5835,22.055],[83.543,22.0594],[83.5324,22.034],[83.534,22.0223],[83.5486,22.0067],[83.5354,21.9797],[83.5352,21.9635],[83.5577,21.9439],[83.5534,21.9322],[83.5878,21.9261],[83.6005,21.9108],[83.5926,21.9008],[83.5815,21.8974],[83.5833,21.891],[83.5767,21.8862],[83.5781,21.8798],[83.5715,21.8719],[83.5841,21.8528],[83.5845,21.8436],[83.5735,21.8297],[83.5485,21.8352],[83.5312,21.8319],[83.5277,21.823],[83.5364,21.8184],[83.5366,21.7939],[83.5061,21.8004],[83.4909,21.8145],[83.484,21.7943],[83.4672,21.7827],[83.4779,21.7646],[83.4739,21.7496],[83.4841,21.7416],[83.4563,21.6943],[83.428,21.6923],[83.4211,21.6865],[83.4197,21.675],[83.4408,21.6552],[83.4831,21.6396],[83.4845,21.6256],[83.4699,21.6268],[83.463,21.6055],[83.4528,21.6052],[83.4487,21.6082],[83.4499,21.617],[83.4413,21.6181],[83.4414,21.6325],[83.4476,21.6446],[83.4412,21.6493],[83.4086,21.6342],[83.3807,21.6128],[83.3682,21.5971],[83.3623,21.5725],[83.3658,21.5497],[83.3543,21.5353],[83.3459,21.5082],[83.3346,21.4956],[83.3421,21.4853],[83.3503,21.444],[83.3701,21.4361],[83.3814,21.4096],[83.3938,21.3994],[83.3966,21.3723],[83.3932,21.3652],[83.4044,21.3551],[83.4027,21.3484],[83.388,21.3389],[83.3766,21.3433],[83.3748,21.34],[83.2814,21.3751],[83.27,21.375],[83.2708,21.3592],[83.255,21.3319],[83.2609,21.3267],[83.2542,21.3196],[83.2541,21.3124],[83.2588,21.3021],[83.2727,21.2961],[83.2746,21.2857],[83.2677,21.2686],[83.2573,21.2756],[83.2424,21.2764],[83.2319,21.2653],[83.2249,21.267],[83.2184,21.2601],[83.2141,21.2509],[83.2191,21.2237],[83.2152,21.2237],[83.2076,21.2014],[83.2112,21.1912],[83.1995,21.174],[83.1901,21.1355],[83.1614,21.1315],[83.134,21.1052],[83.1198,21.1011],[83.1083,21.1077],[83.0952,21.1043],[83.0714,21.1081],[83.0598,21.1159],[83.0406,21.1189],[83.0291,21.126],[83.0295,21.1313],[82.993,21.1543],[82.9834,21.1483],[82.9799,21.1575],[82.9651,21.1558],[82.9561,21.1755],[82.9374,21.1611],[82.9219,21.1582],[82.9023,21.163],[82.8792,21.1491],[82.8729,21.1511],[82.8688,21.1598],[82.8637,21.1554],[82.84,21.1634],[82.8125,21.1586],[82.7956,21.1506],[82.7888,21.1393],[82.7523,21.1597],[82.694,21.1528],[82.6845,21.1581],[82.662,21.1508],[82.6359,21.1495],[82.6341,21.1364],[82.6478,21.125],[82.6371,21.1116],[82.645,21.1019],[82.6259,21.0768],[82.6094,21.0712],[82.6223,21.0366],[82.6044,21.0059],[82.5665,20.967],[82.5529,20.9415],[82.4857,20.9035],[82.4819,20.8553],[82.4776,20.8467],[82.4598,20.8356],[82.4625,20.8276],[82.4591,20.8238],[82.4411,20.8238],[82.4365,20.8295],[82.4155,20.8265],[82.4056,20.8372],[82.4073,20.848],[82.4014,20.8624],[82.3828,20.8699],[82.368,20.8641],[82.359,20.8665],[82.3559,20.8699],[82.3592,20.8827],[82.3466,20.8838],[82.334,20.8406],[82.3388,20.7902],[82.3351,20.7585],[82.3459,20.7287],[82.3394,20.7258],[82.347,20.7142],[82.3433,20.6989],[82.3513,20.6781],[82.3652,20.6638],[82.3623,20.6505],[82.3682,20.6241],[82.3582,20.6152],[82.3558,20.6035],[82.3387,20.5943],[82.3406,20.5697],[82.3278,20.562],[82.324,20.5539],[82.3422,20.5377],[82.3488,20.5229],[82.3805,20.5099],[82.3851,20.4705],[82.3896,20.4654],[82.3881,20.4525],[82.3973,20.4519],[82.4101,20.4733],[82.4194,20.4573],[82.4177,20.4383],[82.4257,20.4363],[82.4292,20.4258],[82.423,20.4183],[82.4243,20.4102],[82.4099,20.4027],[82.4104,20.3772],[82.3979,20.3559],[82.3938,20.3355],[82.4005,20.3247],[82.4224,20.3097],[82.4292,20.283],[82.4051,20.2635],[82.4141,20.2416],[82.4043,20.2396],[82.4136,20.2023],[82.4076,20.1941],[82.4057,20.179],[82.3833,20.1605],[82.3872,20.1489],[82.3789,20.1446],[82.3866,20.1334],[82.3926,20.1083],[82.3909,20.0596],[82.3958,20.049],[82.4248,20.0435],[82.4414,20.0354],[82.4708,20.032],[82.5021,20.0135],[82.5436,20.0121],[82.5759,19.999],[82.5824,19.9899],[82.5984,19.9856],[82.6144,19.987],[82.6318,20.0001],[82.7075,19.9902],[82.7116,19.9445],[82.7005,19.8933],[82.7094,19.8701],[82.7175,19.8708],[82.711,19.8486],[82.7047,19.8446],[82.7059,19.8381],[82.6984,19.8269],[82.6457,19.8254],[82.623,19.7893],[82.6033,19.7836],[82.5983,19.7752],[82.5851,19.771],[82.5785,19.7758],[82.5793,19.7972],[82.5716,19.802],[82.5713,19.8224],[82.5742,19.832],[82.5835,19.8383],[82.5974,19.8605],[82.5908,19.8662],[82.5776,19.8634],[82.5668,19.8717],[82.5549,19.8695],[82.5509,19.8746],[82.5443,19.869],[82.5299,19.8821],[82.5231,19.8728],[82.5124,19.8841],[82.4985,19.8852],[82.4942,19.8974],[82.4757,19.9005],[82.4584,19.8947],[82.4395,19.9029],[82.4139,19.8965],[82.3888,19.8818],[82.3681,19.8545],[82.3561,19.8551],[82.3562,19.8466],[82.3394,19.83],[82.3251,19.8405],[82.3179,19.8592],[82.2982,19.8835],[82.2953,19.899],[82.2695,19.9453],[82.2617,19.9716],[82.2306,19.9981],[82.2106,19.9908],[82.2043,19.9803],[82.1785,19.9781],[82.1658,19.9982],[82.1317,20.0127],[82.1161,20.0104],[82.0977,20.0234],[82.0932,20.0327],[82.083,20.0327],[82.0763,20.044],[82.0579,20.0499],[82.049,20.0352],[82.031,20.0229],[82.0316,20.0167],[82.0244,20.01],[82.0148,20.0195],[82.01,20.0448],[81.9866,20.0521],[81.9736,20.0756],[81.9414,20.1023],[81.9219,20.0869],[81.8895,20.0433],[81.8738,20.0462],[81.8602,20.0234],[81.8469,19.9704],[81.8373,19.9501],[81.8488,19.9386],[81.8458,19.9149],[81.8496,19.9081],[81.8981,19.8785],[81.9604,19.8547],[81.9574,19.836],[81.9801,19.7958],[81.9874,19.7917],[82.0031,19.7985],[82.0483,19.7884],[82.0522,19.7913],[82.0598,19.7831],[82.0572,19.7534],[82.044,19.7377],[82.0437,19.7139],[82.0376,19.7039],[82.0468,19.6694],[82.0513,19.6244],[82.0451,19.6017],[82.034,19.5907],[82.0441,19.5648],[82.0404,19.5522],[82.0461,19.5386],[82.0224,19.5018],[82.0598,19.5036],[82.0708,19.5159],[82.0921,19.5098],[82.091,19.4941],[82.099,19.4896],[82.1018,19.4737],[82.0969,19.4611],[82.1072,19.4526],[82.1068,19.4431],[82.1193,19.4239],[82.1705,19.4295],[82.1831,19.4176],[82.174,19.3769],[82.1664,19.3659],[82.1446,19.3701],[82.1408,19.3619],[82.1423,19.3482],[82.1803,19.3322],[82.1832,19.3197],[82.1737,19.3163],[82.1685,19.2907],[82.1584,19.2815],[82.1517,19.2655],[82.1516,19.2236],[82.1612,19.2084],[82.1557,19.1965],[82.1734,19.1843],[82.1694,19.1767],[82.1752,19.1696],[82.1711,19.1683],[82.1788,19.1589],[82.1747,19.1528],[82.1641,19.1546],[82.1748,19.1452],[82.1659,19.1431],[82.1681,19.1338],[82.1598,19.1265],[82.1698,19.1129],[82.1762,19.1251],[82.191,19.1163],[82.1998,19.1175],[82.1985,19.0942],[82.2121,19.0905],[82.2086,19.0785],[82.1941,19.0602],[82.2251,19.0146],[82.2396,18.9105],[82.2312,18.9052],[82.2138,18.9121],[82.1854,18.897],[82.1727,18.8953],[82.1704,18.8776],[82.1582,18.8695],[82.1628,18.8655],[82.158,18.852],[82.1649,18.8302],[82.1583,18.8115],[82.1618,18.805],[82.1543,18.7963],[82.1611,18.791],[82.1455,18.7733],[82.1307,18.7701],[82.1291,18.7577],[82.1139,18.7607],[82.0814,18.7559],[82.0867,18.7469],[82.0786,18.7121],[82.0613,18.718],[82.0518,18.7118],[82.0494,18.7176],[82.0337,18.7188],[81.9677,18.6906],[81.9551,18.6802],[81.9606,18.6677],[81.9474,18.6557],[81.9474,18.6288],[81.9155,18.6358],[81.8932,18.6539],[81.8854,18.6503],[81.89,18.6435],[81.8884,18.621],[81.913,18.6129],[81.9297,18.5964],[81.9545,18.5867],[81.9458,18.5749],[81.9469,18.5592],[81.9435,18.5554],[81.9202,18.5573],[81.9086,18.5642],[81.9008,18.5572],[81.8968,18.5284],[81.8826,18.5292],[81.8708,18.5176],[81.8579,18.5131],[81.849,18.5006],[81.8496,18.4891],[81.8443,18.4815],[81.7621,18.4113],[81.7449,18.3454],[81.6581,18.3393],[81.6492,18.331],[81.6604,18.3158],[81.6587,18.3111],[81.6321,18.308],[81.6159,18.3008],[81.5934,18.3013],[81.5905,18.2933],[81.5676,18.2732],[81.5481,18.2621],[81.528,18.2591],[81.5237,18.2487],[81.5258,18.2365],[81.5048,18.1838],[81.5052,18.1778],[81.5149,18.1722],[81.5226,18.1573],[81.5119,18.1292],[81.5087,18.0924],[81.4968,18.0727],[81.4947,18.058],[81.4815,18.0499],[81.4739,18.0285],[81.4789,18.0037],[81.4731,17.9833],[81.4773,17.97],[81.467,17.9549],[81.4548,17.9466],[81.4452,17.9262],[81.4483,17.903],[81.4373,17.8759],[81.4302,17.8747],[81.4038,17.8886],[81.3938,17.8851],[81.3895,17.8621],[81.3981,17.8468],[81.3844,17.8258],[81.3841,17.8035],[81.3445,17.8116],[81.254,17.8121],[81.192,17.8471],[81.1596,17.8526],[81.0891,17.8109],[81.0736,17.7863],[81.056,17.7828],[81.0377,17.7862],[81.0126,17.8167],[81.0043,17.8383],[80.9943,17.9142],[80.9847,17.9229],[80.9623,18.0315],[80.966,18.0435],[80.944,18.081],[80.9498,18.0983],[80.9494,18.1232],[80.9726,18.1436],[80.9737,18.1682],[80.9542,18.167],[80.932,18.1494],[80.9007,18.1347],[80.862,18.1327],[80.8558,18.1429],[80.8482,18.1977],[80.8613,18.1987],[80.8675,18.2073],[80.8591,18.226],[80.8396,18.228],[80.8296,18.2341],[80.8189,18.231],[80.8172,18.2252],[80.8179,18.1871],[80.7979,18.1663],[80.7624,18.163],[80.7451,18.1648],[80.7346,18.1717],[80.7333,18.2188],[80.7843,18.2433],[80.7883,18.2498],[80.7446,18.3022],[80.7429,18.3222],[80.7264,18.3503],[80.7242,18.372],[80.7163,18.3829],[80.7288,18.4038],[80.7265,18.409],[80.713,18.4057],[80.691,18.4194],[80.6989,18.436],[80.6508,18.4723],[80.6346,18.4986],[80.6327,18.5188],[80.6138,18.5261],[80.5956,18.5491],[80.5679,18.5615],[80.5578,18.5728],[80.532,18.5861],[80.5138,18.6131],[80.4981,18.6177],[80.4884,18.6267],[80.463,18.6227],[80.4502,18.6264],[80.416,18.6088],[80.3933,18.603],[80.3816,18.5936],[80.367,18.6047],[80.3597,18.6022],[80.3529,18.5909],[80.3388,18.5882],[80.3193,18.6217],[80.2963,18.6856],[80.2396,18.7522],[80.249,18.7653],[80.2766,18.7649],[80.2942,18.7906],[80.3187,18.796],[80.3462,18.8111],[80.3478,18.8159],[80.3456,18.8339],[80.3357,18.8561],[80.2676,18.9288],[80.2641,18.9405],[80.269,18.9642],[80.2677,18.9873],[80.2934,19.0216],[80.2953,19.0287],[80.2888,19.0463],[80.3158,19.0646],[80.3221,19.0749],[80.3199,19.0882],[80.3315,19.1011],[80.3209,19.1245],[80.3249,19.1415],[80.3355,19.1476],[80.3455,19.1629],[80.3729,19.1751],[80.3867,19.189],[80.377,19.2174],[80.3833,19.2391],[80.4192,19.2503],[80.437,19.2611],[80.4454,19.2699],[80.4756,19.335],[80.5138,19.3482],[80.5315,19.3743],[80.5678,19.4009],[80.5839,19.3772],[80.5886,19.3444],[80.6001,19.3181],[80.6102,19.3071],[80.6255,19.3068],[80.6579,19.3243],[80.6719,19.3264],[80.6842,19.32],[80.6818,19.2958],[80.6886,19.2835],[80.7492,19.2867],[80.7781,19.3185],[80.7993,19.3252],[80.8028,19.3323],[80.845,19.3609],[80.8428,19.3661],[80.8127,19.3827],[80.8085,19.397],[80.7879,19.4267],[80.8351,19.4424],[80.8675,19.4435],[80.8921,19.4657],[80.8897,19.4993],[80.8791,19.519],[80.8454,19.5292],[80.8276,19.5627],[80.8196,19.5654],[80.7852,19.5604],[80.7664,19.5683],[80.7643,19.5848],[80.721,19.6084],[80.662,19.6087],[80.6569,19.6123],[80.6658,19.6922],[80.6335,19.7185],[80.5821,19.7381],[80.5705,19.7547],[80.5397,19.7746],[80.5424,19.8193],[80.5354,19.8181],[80.5178,19.8289],[80.5075,19.8299],[80.4692,19.8247],[80.4595,19.8113],[80.4629,19.8058],[80.4748,19.8034],[80.4802,19.7954],[80.4826,19.7807],[80.4781,19.7724],[80.4524,19.7929],[80.4427,19.7905],[80.4177,19.7971],[80.3947,19.7946],[80.3975,19.8162],[80.4173,19.8092],[80.4317,19.8103],[80.4603,19.828],[80.4686,19.8375],[80.475,19.8571],[80.4975,19.8688],[80.4917,19.8905],[80.4827,19.8989],[80.4612,19.9034],[80.4444,19.8936],[80.4077,19.9059],[80.4027,19.9096],[80.4063,19.9325],[80.4251,19.9373],[80.4437,19.9527],[80.453,19.9452],[80.4645,19.9463],[80.4698,19.9337],[80.4805,19.9278],[80.5017,19.9248],[80.5204,19.9309],[80.5263,19.9486],[80.5338,19.953],[80.5324,19.9671],[80.5455,19.9872],[80.5435,19.9951],[80.5325,20.0039],[80.5462,20.0657],[80.535,20.0854],[80.5404,20.1098],[80.5236,20.1245],[80.5036,20.1288],[80.498,20.1389],[80.4773,20.1385],[80.4513,20.1449],[80.4396,20.1291],[80.3938,20.144],[80.386,20.1628],[80.3946,20.1816],[80.414,20.1902],[80.412,20.2022],[80.398,20.2128],[80.383,20.2417],[80.4229,20.2526],[80.4654,20.2716],[80.4945,20.2748],[80.5108,20.2696],[80.5358,20.2947],[80.542,20.3068],[80.5842,20.3193],[80.6054,20.3202],[80.6067,20.3254],[80.6167,20.3257],[80.6178,20.3337],[80.6009,20.3692],[80.6022,20.3764],[80.5902,20.3844],[80.586,20.3956],[80.5898,20.4128],[80.6034,20.4333],[80.5947,20.4464],[80.6033,20.4624],[80.6134,20.5416],[80.6099,20.5563],[80.6197,20.5673],[80.6129,20.5906],[80.6223,20.6039],[80.5857,20.6142],[80.5673,20.6124],[80.559,20.61],[80.5514,20.5991],[80.5119,20.5851],[80.5001,20.5869],[80.4816,20.6171],[80.4848,20.6352],[80.5076,20.6546],[80.5527,20.6731],[80.5728,20.6743],[80.5801,20.6836],[80.5749,20.6984],[80.5602,20.7118],[80.5545,20.7472],[80.5455,20.7654],[80.5433,20.7918],[80.5559,20.8197],[80.5504,20.8457],[80.5498,20.8889],[80.5381,20.9261],[80.5418,20.9339],[80.4591,20.9282],[80.4407,20.9655],[80.4381,20.9921],[80.4238,21.0096],[80.4473,21.0366],[80.442,21.0806],[80.4333,21.0972],[80.4395,21.1118],[80.4492,21.1119],[80.4387,21.1214],[80.4553,21.1691],[80.4573,21.1728],[80.4749,21.1714],[80.4979,21.184],[80.5076,21.1824],[80.5207,21.2035],[80.5506,21.2012],[80.5816,21.2218],[80.6034,21.2274],[80.6157,21.24],[80.6353,21.2501],[80.6548,21.2895],[80.673,21.2983],[80.6727,21.3113],[80.6565,21.3308],[80.6917,21.3882],[80.6993,21.4141],[80.6975,21.4272],[80.7212,21.4494],[80.7302,21.4721],[80.722,21.4956],[80.7307,21.5387],[80.7135,21.5557],[80.7195,21.5715],[80.7092,21.5868],[80.7094,21.604],[80.7225,21.6228],[80.7205,21.6407],[80.7124,21.6461],[80.7075,21.6641],[80.7074,21.6716],[80.7251,21.6983],[80.7185,21.7119],[80.743,21.758],[80.7621,21.7579],[80.7827,21.7396],[80.8112,21.7475],[80.8106,21.761],[80.8317,21.8048],[80.8377,21.8299],[80.8317,21.8462],[80.8412,21.8565],[80.837,21.8625],[80.8396,21.8754],[80.8241,21.8894],[80.8245,21.9084],[80.8366,21.9357],[80.8334,21.9466],[80.8234,21.9473],[80.8184,21.9568],[80.8458,21.9609],[80.8593,22.0001],[80.8686,22.0112],[80.869,22.0336],[80.8766,22.0568],[80.8912,22.066],[80.8982,22.1013],[80.9061,22.1144],[80.9108,22.1192],[80.9248,22.1207],[80.9505,22.113],[80.9655,22.082],[80.9634,22.0584],[80.9789,22.0483],[80.9878,22.0485],[80.9897,22.0565],[81.0043,22.07],[80.9974,22.0809],[81.0037,22.0969],[80.9873,22.1107],[80.9723,22.1119],[80.9718,22.1215],[80.9867,22.1309],[81.0158,22.1327],[81.0191,22.1653],[81.0117,22.184],[81.0251,22.1888],[81.0258,22.1977],[81.0158,22.2141],[81.0194,22.2292],[81.0489,22.2442],[81.0692,22.2463],[81.0726,22.2417],[81.0847,22.2468],[81.0968,22.2775],[81.1138,22.2944],[81.1147,22.3126],[81.1093,22.3296],[81.1157,22.3441],[81.1009,22.3832],[81.1049,22.4328],[81.11,22.4411],[81.1481,22.4559],[81.1641,22.4819],[81.18,22.4902],[81.1926,22.4825],[81.1942,22.4621],[81.2184,22.4517],[81.2404,22.4592],[81.2555,22.4725],[81.2605,22.4936],[81.2755,22.4994],[81.304,22.4818],[81.3159,22.4897],[81.3148,22.5159],[81.3229,22.5243],[81.3479,22.5141],[81.3665,22.5144],[81.3787,22.5053],[81.3862,22.4512],[81.3966,22.4413],[81.4189,22.4542],[81.4176,22.4736],[81.4244,22.4792],[81.4318,22.4805],[81.436,22.4695],[81.448,22.4674],[81.4503,22.4726],[81.4433,22.4715],[81.4439,22.4787],[81.4391,22.4795],[81.4442,22.487],[81.4381,22.4939],[81.4799,22.4933],[81.4932,22.5196],[81.5029,22.5268],[81.5066,22.5218],[81.512,22.5235],[81.5191,22.54],[81.528,22.5398],[81.5422,22.5299],[81.5569,22.5322],[81.5628,22.5342],[81.5573,22.5376],[81.5574,22.5469],[81.5631,22.551],[81.588,22.544],[81.5998,22.5357],[81.6158,22.539],[81.6219,22.5438],[81.6194,22.5586],[81.6236,22.5643],[81.6379,22.5621],[81.6487,22.569],[81.6494,22.5761],[81.6401,22.5866],[81.6414,22.6075],[81.6484,22.62],[81.6548,22.6216],[81.6565,22.632],[81.6632,22.6327],[81.6786,22.6489],[81.6989,22.6459],[81.707,22.6496],[81.7141,22.6556],[81.7229,22.6762],[81.7369,22.6691],[81.7405,22.6481],[81.7489,22.6461],[81.7627,22.6636],[81.766,22.6761],[81.7466,22.7265],[81.7491,22.7332],[81.7625,22.7353],[81.764,22.7468],[81.7843,22.7666],[81.7744,22.7856],[81.773,22.8092],[81.7609,22.8343],[81.7693,22.8512],[81.7694,22.8735],[81.8563,22.8909],[81.8611,22.894],[81.86,22.915],[81.8746,22.9133],[81.9015,22.9331],[81.9139,22.9482],[81.9402,22.9571],[81.9424,22.9753],[81.9372,23.0095],[81.9184,23.041],[81.9261,23.0622],[81.9379,23.0696],[81.9381,23.0778],[81.9693,23.0794],[81.9821,23.0862],[82.0022,23.0784],[82.0241,23.0801],[82.0614,23.1159],[82.0671,23.1168],[82.1159,23.1038],[82.1283,23.1121],[82.1328,23.1316],[82.1511,23.1417],[82.1538,23.158],[82.1373,23.165],[82.1417,23.1747],[82.1377,23.1881],[82.1467,23.2095],[82.1425,23.2277],[82.1698,23.2702],[82.1842,23.2753],[82.1895,23.2846],[82.1859,23.3254],[82.1581,23.3333],[82.1378,23.3618],[82.1109,23.3558],[82.1045,23.3632],[82.1052,23.3828],[82.0985,23.3977],[82.0851,23.3933],[82.08,23.3972],[82.0568,23.3935],[82.0457,23.3779],[82.0294,23.3876],[82.0232,23.3838],[82.0145,23.3879],[82.0199,23.4009],[82.0174,23.4081],[82.0232,23.4102],[82.016,23.4235],[81.9995,23.4128],[81.9874,23.4195],[81.9761,23.4131],[81.9705,23.4239],[81.9751,23.4318],[81.9714,23.4475],[81.9476,23.4716],[81.9489,23.4967],[81.9344,23.5056],[81.9164,23.5321],[81.9,23.5341],[81.8697,23.5146],[81.8507,23.5165],[81.8272,23.5113],[81.8126,23.5176],[81.8046,23.5458],[81.7564,23.5525],[81.748,23.5654],[81.736,23.5674],[81.7192,23.5561],[81.7064,23.5336],[81.6931,23.5233],[81.6545,23.5316],[81.6536,23.5139],[81.6477,23.5024],[81.6352,23.4984],[81.6311,23.4917],[81.6172,23.4949],[81.607,23.5069],[81.6057,23.5505],[81.5771,23.5549],[81.5697,23.5887],[81.5802,23.5968],[81.5948,23.5955],[81.6027,23.6],[81.6011,23.6139],[81.6095,23.633],[81.6132,23.661],[81.6431,23.6603],[81.6495,23.6835],[81.6732,23.6934],[81.6873,23.7214],[81.6721,23.74],[81.6783,23.7489],[81.6741,23.754],[81.6397,23.7711],[81.6436,23.7989],[81.6305,23.8308],[81.6257,23.8358],[81.6073,23.8362],[81.5984,23.8537],[81.5983,23.8642],[81.6062,23.864],[81.6149,23.8728],[81.5969,23.889],[81.6034,23.8924],[81.6105,23.907],[81.6292,23.9077],[81.6616,23.9256],[81.6795,23.9076],[81.6824,23.8898],[81.6869,23.8849],[81.6974,23.886],[81.7027,23.8634],[81.723,23.859],[81.7191,23.8404],[81.7305,23.8394],[81.7827,23.8118],[81.7934,23.8144],[81.8117,23.8095],[81.8317,23.8213],[81.8529,23.8243],[81.8621,23.8348],[81.8941,23.8441],[81.9164,23.873],[81.9316,23.8679],[81.9323,23.8626],[81.9507,23.8529],[82.0007,23.8631],[82.0116,23.8523],[82.0352,23.8426],[82.0322,23.8293],[82.0454,23.8206],[82.078,23.8171],[82.1088,23.8187],[82.1175,23.8231],[82.1341,23.8182],[82.1624,23.82],[82.1697,23.8247],[82.1735,23.8391],[82.2039,23.853],[82.2067,23.841],[82.1993,23.8319],[82.2161,23.821],[82.2261,23.8069],[82.2553,23.8219],[82.2951,23.8086],[82.3111,23.8112],[82.3282,23.8037],[82.347,23.8037],[82.3683,23.8111],[82.3882,23.8014],[82.4364,23.8047],[82.4458,23.8109],[82.46,23.8114],[82.4827,23.7975],[82.4851,23.7884],[82.5162,23.7842],[82.5445,23.7942],[82.5409,23.8102],[82.5274,23.8241],[82.5482,23.8269],[82.586,23.8229],[82.6059,23.8362],[82.6295,23.839],[82.6435,23.8596],[82.652,23.8565],[82.6595,23.8746],[82.6461,23.8887],[82.6565,23.9079],[82.6771,23.9098],[82.7019,23.9249],[82.7481,23.9223],[82.7538,23.9359],[82.7748,23.9386],[82.7987,23.9622],[82.8207,23.965],[82.8489,23.9468],[82.863,23.9255],[82.8812,23.9103],[82.9225,23.8927],[82.9331,23.8794],[82.9495,23.873],[83.0364,23.8831],[83.061,23.8752],[83.1274,23.89],[83.1452,23.9099],[83.1896,23.9211],[83.1914,23.9326],[83.2018,23.9405],[83.2112,23.9604],[83.2084,23.9728],[83.2156,23.9808],[83.216,23.9894],[83.2369,24.0014],[83.2354,24.0072],[83.2418,24.0137],[83.2589,24.0116],[83.2761,24.0233],[83.28,24.0348],[83.2775,24.05],[83.289,24.0729],[83.3111,24.0928],[83.3149,24.107],[83.3276,24.0996]]]}},{"type":"Feature","id":"Dadra and Nagar Haveli","properties":{"name":"Dadra and Nagar Haveli","type":"Union Territor","code":""},"geometry":{"type":"Polygon","coordinates":[[[72.9905,20.2921],[73.0205,20.2909],[73.0198,20.3174],[73.0247,20.3128],[73.0265,20.2941],[73.0442,20.2911],[73.0505,20.323],[73.0753,20.3296],[73.0909,20.3268],[73.0992,20.3399],[73.1034,20.3604],[73.1143,20.3528],[73.1215,20.3364],[73.1129,20.3049],[73.1343,20.3053],[73.1418,20.3175],[73.1771,20.3123],[73.1789,20.2865],[73.1691,20.2823],[73.1582,20.2905],[73.1536,20.277],[73.147,20.2811],[73.1368,20.2605],[73.1246,20.2567],[73.1085,20.2386],[73.1105,20.2321],[73.1019,20.2289],[73.0875,20.234],[73.0769,20.2298],[73.0642,20.2032],[73.0744,20.1925],[73.0724,20.1635],[73.0824,20.1566],[73.0865,20.157],[73.0935,20.1739],[73.0995,20.1726],[73.1051,20.16],[73.1249,20.1567],[73.1358,20.1723],[73.1501,20.1728],[73.1521,20.1797],[73.1416,20.2019],[73.1458,20.207],[73.169,20.1997],[73.1802,20.2086],[73.1811,20.2024],[73.2099,20.1974],[73.2278,20.1871],[73.2221,20.1714],[73.1992,20.1616],[73.1961,20.1561],[73.2007,20.1297],[73.2163,20.122],[73.2191,20.0975],[73.198,20.0778],[73.1989,20.0623],[73.1814,20.0516],[73.1633,20.0731],[73.1445,20.0779],[73.1395,20.0843],[73.1277,20.0782],[73.1175,20.0788],[73.0985,20.0937],[73.0606,20.0991],[73.0592,20.0679],[73.0528,20.0677],[73.0318,20.0844],[73.0195,20.105],[73.0102,20.1104],[73.0175,20.135],[73.0105,20.1402],[73.0043,20.1179],[72.9853,20.1135],[72.9732,20.1308],[72.986,20.1575],[72.9867,20.1713],[72.986,20.1766],[72.9762,20.18],[72.9704,20.2123],[72.9744,20.215],[72.9745,20.2258],[72.9653,20.2372],[72.9408,20.2468],[72.9223,20.2744],[72.946,20.2934],[72.9745,20.2718],[72.9841,20.2717],[72.9895,20.2775],[72.9905,20.2921]]]}},{"type":"Feature","id":"Daman and Diu","properties":{"name":"Daman and Diu","type":"Union Territor","code":""},"geometry":{"type":"MultiPolygon","coordinates":[[[[72.8601,20.471],[72.8659,20.4675],[72.8443,20.4484],[72.8371,20.4223],[72.8689,20.4059],[72.8755,20.381],[72.8608,20.4033],[72.8511,20.4082],[72.843,20.4031],[72.8313,20.3687],[72.8215,20.3711],[72.8313,20.4104],[72.8304,20.4404],[72.8429,20.4582],[72.8593,20.4649],[72.8601,20.471]]],[[[70.8885,20.7098],[70.8737,20.7096],[70.884,20.7138],[70.8885,20.7098]]],[[[70.9485,20.7337],[70.9626,20.7294],[70.9629,20.7215],[70.9676,20.7285],[70.9974,20.7135],[70.9771,20.7015],[70.9701,20.7071],[70.9518,20.7038],[70.9251,20.7118],[70.9165,20.7085],[70.9182,20.7021],[70.914,20.699],[70.8993,20.6988],[70.8921,20.7079],[70.9049,20.7265],[70.934,20.736],[70.9485,20.7337]]],[[[70.768,20.962],[70.773,20.9612],[70.7768,20.9685],[70.7892,20.9599],[70.8033,20.9602],[70.8079,20.9644],[70.8215,20.9597],[70.8328,20.9685],[70.846,20.9706],[70.855,20.9613],[70.8802,20.9554],[70.9016,20.9033],[70.9002,20.8857],[70.8843,20.8732],[70.8405,20.8578],[70.8197,20.8577],[70.817,20.8512],[70.8362,20.8478],[70.8417,20.8324],[70.8833,20.8353],[70.8962,20.8248],[70.8939,20.7947],[70.8765,20.7888],[70.8674,20.7951],[70.8629,20.7818],[70.8673,20.7646],[70.849,20.7656],[70.8436,20.7604],[70.8547,20.7513],[70.8403,20.7285],[70.8466,20.7229],[70.8653,20.727],[70.8704,20.7187],[70.869,20.7063],[70.874,20.7049],[70.8412,20.706],[70.834,20.6993],[70.8382,20.6901],[70.8224,20.691],[70.8074,20.7001],[70.8201,20.7018],[70.8193,20.6982],[70.8274,20.6974],[70.8288,20.7093],[70.8151,20.7151],[70.8165,20.719],[70.806,20.7104],[70.811,20.7038],[70.8037,20.7007],[70.7921,20.7124],[70.7663,20.7213],[70.7438,20.7199],[70.7035,20.7379],[70.674,20.7582],[70.6848,20.7918],[70.6763,20.8188],[70.679,20.844],[70.6942,20.883],[70.7176,20.9121],[70.7219,20.9442],[70.7405,20.974],[70.7338,20.9884],[70.7465,20.989],[70.768,20.962]]]]}},{"type":"Feature","id":"Delhi","properties":{"name":"Delhi","type":"Union Territor","code":""},"geometry":{"type":"Polygon","coordinates":[[[77.2173,28.8353],[77.2136,28.8135],[77.1946,28.8154],[77.1969,28.7953],[77.2085,28.7872],[77.2247,28.7876],[77.2171,28.7817],[77.238,28.7592],[77.2532,28.7528],[77.2562,28.7399],[77.2769,28.7344],[77.2844,28.7239],[77.2849,28.7125],[77.2929,28.7098],[77.3062,28.7177],[77.3235,28.7159],[77.3198,28.7036],[77.3271,28.6852],[77.3179,28.6793],[77.3112,28.6446],[77.3305,28.6314],[77.3375,28.6175],[77.3362,28.6089],[77.3099,28.599],[77.2936,28.5797],[77.2952,28.5612],[77.334,28.5207],[77.3377,28.509],[77.329,28.5083],[77.3069,28.4907],[77.2781,28.4982],[77.2367,28.4797],[77.2257,28.464],[77.2433,28.4475],[77.2406,28.4289],[77.2153,28.4157],[77.1658,28.4085],[77.1424,28.4357],[77.1183,28.4424],[77.1027,28.4704],[77.1077,28.4939],[77.0725,28.5203],[77.0488,28.5152],[77.0061,28.5428],[76.9959,28.5369],[77.0114,28.5241],[77.0055,28.5144],[76.9685,28.5276],[76.9446,28.5136],[76.9227,28.5193],[76.9085,28.5149],[76.8975,28.5178],[76.8794,28.5091],[76.8738,28.5144],[76.8795,28.524],[76.8763,28.5284],[76.8567,28.5478],[76.8376,28.557],[76.835,28.5914],[76.8548,28.5924],[76.8779,28.6376],[76.8973,28.6328],[76.9103,28.6378],[76.9237,28.6287],[76.9339,28.6377],[76.9175,28.6573],[76.9297,28.6744],[76.9473,28.6772],[76.9546,28.7054],[76.9413,28.717],[76.9507,28.7365],[76.9503,28.7467],[76.9382,28.7596],[76.9466,28.774],[76.9375,28.8035],[76.9423,28.8207],[76.9558,28.82],[76.9608,28.8317],[76.9737,28.8258],[76.9835,28.8391],[77.0315,28.8368],[77.0498,28.8732],[77.0657,28.873],[77.0759,28.8845],[77.0834,28.8746],[77.1097,28.8661],[77.1285,28.8654],[77.1351,28.8585],[77.1338,28.8447],[77.1392,28.8417],[77.1646,28.8606],[77.1836,28.8623],[77.1869,28.8668],[77.1996,28.8649],[77.2115,28.8549],[77.2106,28.8453],[77.2173,28.8353]]]}},{"type":"Feature","id":"Goa","properties":{"name":"Goa","type":"State","code":""},"geometry":{"type":"MultiPolygon","coordinates":[[[[73.7818,15.3557],[73.7821,15.3485],[73.7607,15.3521],[73.7818,15.3557]]],[[[73.7965,15.379],[73.7962,15.3724],[73.7926,15.3768],[73.7965,15.379]]],[[[73.8643,15.4085],[73.8626,15.4032],[73.8643,15.4085]]],[[[73.8799,15.7792],[73.8869,15.7703],[73.8802,15.7526],[73.8859,15.7473],[73.9454,15.7415],[73.9589,15.7113],[73.9572,15.6967],[73.9657,15.695],[73.9713,15.6873],[73.9757,15.6598],[73.9693,15.6443],[73.976,15.6289],[74.0024,15.6091],[74.0279,15.6046],[74.0356,15.6093],[74.0393,15.6209],[74.0806,15.6262],[74.1228,15.6452],[74.126,15.6503],[74.1428,15.6471],[74.1734,15.6521],[74.1754,15.6702],[74.1901,15.681],[74.1977,15.6789],[74.1963,15.6649],[74.2115,15.661],[74.2132,15.649],[74.2288,15.653],[74.2241,15.6589],[74.2316,15.6665],[74.2368,15.6619],[74.245,15.6656],[74.2553,15.6542],[74.2572,15.6339],[74.2525,15.6238],[74.2625,15.6229],[74.2685,15.6096],[74.2652,15.5902],[74.2564,15.5826],[74.2543,15.5658],[74.2699,15.5612],[74.2873,15.526],[74.2819,15.513],[74.2608,15.5008],[74.2563,15.4895],[74.2825,15.4431],[74.2827,15.4333],[74.2756,15.4239],[74.2845,15.4015],[74.2826,15.3886],[74.2862,15.3826],[74.3057,15.3805],[74.3284,15.3673],[74.3226,15.3573],[74.3284,15.3434],[74.3233,15.3296],[74.328,15.3133],[74.3417,15.2929],[74.3341,15.2829],[74.3023,15.2859],[74.2891,15.2791],[74.283,15.2813],[74.2679,15.2584],[74.2575,15.2576],[74.2635,15.2419],[74.2943,15.232],[74.3067,15.2232],[74.3219,15.1841],[74.3014,15.1499],[74.2896,15.1431],[74.2931,15.12],[74.2882,15.1056],[74.2783,15.0959],[74.2838,15.094],[74.2872,15.0694],[74.2953,15.0627],[74.3023,15.0399],[74.2891,15.0301],[74.2898,15.0216],[74.2764,15.0096],[74.2707,14.9949],[74.2617,14.9908],[74.2739,14.9752],[74.2701,14.9666],[74.2621,14.9576],[74.251,14.9608],[74.2439,14.9575],[74.2417,14.9465],[74.2247,14.9413],[74.2118,14.9214],[74.2031,14.9274],[74.2042,14.9379],[74.1866,14.9534],[74.1722,14.951],[74.1661,14.9394],[74.1774,14.9132],[74.1754,14.9089],[74.1394,14.9205],[74.132,14.9127],[74.1131,14.9112],[74.0971,14.8957],[74.0851,14.8996],[74.0804,14.9099],[74.0665,14.9071],[74.0429,14.9185],[74.0465,14.9343],[74.0429,14.9482],[74.0535,14.9582],[74.0488,14.9582],[74.0421,14.9788],[74.0343,14.9838],[74.0499,14.9885],[74.0385,14.986],[74.0329,14.999],[74.0268,14.9979],[74.0271,15.0065],[74.0176,15.014],[74.0137,15.0065],[74.0074,15.0179],[73.989,15.0201],[73.9854,15.029],[73.9901,15.0343],[73.9851,15.0463],[73.9804,15.0524],[73.9715,15.0518],[73.9668,15.066],[73.9496,15.0751],[73.9318,15.0779],[73.926,15.0857],[73.9118,15.084],[73.9262,15.0968],[73.9249,15.1046],[73.9174,15.1082],[73.9357,15.1126],[73.9407,15.1215],[73.9351,15.1324],[73.9485,15.146],[73.9168,15.266],[73.8874,15.3488],[73.8721,15.3707],[73.8418,15.3601],[73.8315,15.371],[73.8087,15.3765],[73.8063,15.3926],[73.791,15.394],[73.7829,15.4088],[73.7921,15.4188],[73.8093,15.401],[73.8165,15.4043],[73.8168,15.411],[73.8274,15.4035],[73.8396,15.411],[73.8443,15.4085],[73.8454,15.3999],[73.859,15.3985],[73.8651,15.4029],[73.8768,15.3968],[73.8879,15.4076],[73.8949,15.4074],[73.8968,15.4149],[73.8843,15.4327],[73.8615,15.4285],[73.8599,15.441],[73.849,15.4521],[73.8407,15.4477],[73.8121,15.4557],[73.8037,15.454],[73.8032,15.4499],[73.7876,15.4615],[73.7901,15.4651],[73.7988,15.4601],[73.8046,15.4651],[73.8054,15.4949],[73.7887,15.4999],[73.7871,15.4932],[73.7751,15.4899],[73.7646,15.4946],[73.7663,15.5065],[73.7513,15.5571],[73.741,15.5635],[73.7363,15.586],[73.7312,15.5904],[73.7343,15.5932],[73.7312,15.6085],[73.7451,15.6054],[73.7549,15.6174],[73.746,15.6268],[73.736,15.6143],[73.7226,15.6301],[73.6901,15.7185],[73.6793,15.7224],[73.6919,15.7269],[73.711,15.7202],[73.7276,15.7225],[73.737,15.7173],[73.7487,15.7306],[73.7582,15.7328],[73.7932,15.7237],[73.8204,15.7399],[73.833,15.7378],[73.8388,15.7609],[73.8472,15.7661],[73.8519,15.7784],[73.857,15.7782],[73.8558,15.7833],[73.8655,15.7975],[73.8759,15.7932],[73.8751,15.7829],[73.8799,15.7792]]]]}},{"type":"Feature","id":"Gujarat","properties":{"name":"Gujarat","type":"State","code":""},"geometry":{"type":"MultiPolygon","coordinates":[[[[70.861,20.7529],[70.8576,20.7421],[70.8726,20.7243],[70.8704,20.7187],[70.8653,20.727],[70.8466,20.7229],[70.8403,20.7285],[70.8546,20.7521],[70.861,20.7529]]],[[[72.846,20.7632],[72.8554,20.7596],[72.8576,20.7526],[72.8468,20.754],[72.846,20.7632]]],[[[71.3885,20.8671],[71.3868,20.8635],[71.3885,20.8671]]],[[[71.5163,20.9143],[71.5201,20.9063],[71.5304,20.9035],[71.5071,20.9029],[71.5163,20.9143]]],[[[71.649,20.9779],[71.6443,20.9746],[71.649,20.9779]]],[[[71.6865,20.9965],[71.6874,20.9915],[71.6738,20.9851],[71.674,20.9929],[71.6865,20.9965]]],[[[71.7038,20.9996],[71.7038,20.9951],[71.6954,20.9968],[71.7038,20.9996]]],[[[71.7104,20.9996],[71.714,20.9977],[71.706,20.9974],[71.7104,20.9996]]],[[[72.6476,21.0762],[72.6546,21.0738],[72.6574,21.0651],[72.6479,21.0679],[72.6476,21.0762]]],[[[72.6793,21.0988],[72.6807,21.0954],[72.6793,21.0988]]],[[[72.6721,21.1151],[72.6762,21.0971],[72.6693,21.1049],[72.6721,21.1151]]],[[[72.7021,21.1224],[72.6996,21.1124],[72.6976,21.1168],[72.7021,21.1224]]],[[[72.6765,21.1557],[72.7104,21.1407],[72.6968,21.1188],[72.6988,21.1082],[72.689,21.0899],[72.6757,21.1051],[72.6651,21.1421],[72.6654,21.1493],[72.6765,21.1557]]],[[[72.1029,21.2743],[72.099,21.2654],[72.1029,21.2743]]],[[[72.5879,21.3393],[72.5857,21.3365],[72.5879,21.3393]]],[[[72.5832,21.3654],[72.5788,21.3601],[72.5832,21.3654]]],[[[72.6004,21.3871],[72.5999,21.3779],[72.5876,21.3674],[72.6004,21.3871]]],[[[72.6282,21.4174],[72.6224,21.404],[72.6126,21.3957],[72.6282,21.4174]]],[[[72.636,21.4176],[72.6315,21.4118],[72.636,21.4176]]],[[[72.676,21.4468],[72.6726,21.4401],[72.6637,21.4396],[72.676,21.4468]]],[[[69.7243,21.564],[69.7196,21.554],[69.7243,21.564]]],[[[69.7285,21.6121],[69.7349,21.6096],[69.7401,21.5926],[69.7246,21.609],[69.7285,21.6121]]],[[[72.3532,21.6135],[72.3651,21.5976],[72.3651,21.5879],[72.3587,21.5799],[72.3454,21.6024],[72.3465,21.6096],[72.3532,21.6135]]],[[[72.5846,21.629],[72.5813,21.6262],[72.5846,21.629]]],[[[72.6093,21.6288],[72.6068,21.619],[72.6093,21.6288]]],[[[72.6118,21.6321],[72.6099,21.6296],[72.6118,21.6321]]],[[[72.6171,21.6385],[72.6146,21.6354],[72.6171,21.6385]]],[[[72.5957,21.639],[72.596,21.6301],[72.6115,21.6357],[72.6015,21.6268],[72.599,21.6174],[72.5904,21.6207],[72.5879,21.6301],[72.5957,21.639]]],[[[72.6196,21.6396],[72.6196,21.6396]]],[[[72.6024,21.641],[72.5996,21.6371],[72.5957,21.6407],[72.6024,21.641]]],[[[72.7226,21.666],[72.746,21.6588],[72.751,21.6529],[72.7379,21.6438],[72.736,21.6471],[72.7168,21.6446],[72.7101,21.659],[72.7226,21.666]]],[[[72.2743,21.7496],[72.2826,21.7346],[72.2807,21.7274],[72.2876,21.7074],[72.2676,21.7365],[72.2743,21.7496]]],[[[72.3549,21.9432],[72.3604,21.9246],[72.3476,21.929],[72.3549,21.9432]]],[[[72.214,22.0054],[72.216,22.0021],[72.2104,22.0032],[72.214,22.0054]]],[[[72.4726,22.2082],[72.4679,22.2024],[72.4726,22.2082]]],[[[72.3843,22.2157],[72.3921,22.2104],[72.3843,22.2157]]],[[[72.3707,22.2351],[72.3682,22.224],[72.3765,22.2038],[72.3654,22.2085],[72.3635,22.214],[72.3635,22.2235],[72.3707,22.2351]]],[[[69.3104,22.3063],[69.3118,22.3032],[69.3104,22.3063]]],[[[69.4526,22.3582],[69.4582,22.3521],[69.4374,22.3543],[69.4526,22.3582]]],[[[69.184,22.3676],[69.1854,22.364],[69.184,22.3676]]],[[[69.1954,22.3746],[69.1946,22.3676],[69.1899,22.3693],[69.1954,22.3746]]],[[[69.2132,22.3849],[69.2132,22.3849]]],[[[69.201,22.3863],[69.201,22.3863]]],[[[69.3354,22.389],[69.3404,22.381],[69.3321,22.3726],[69.3226,22.381],[69.3354,22.389]]],[[[69.4832,22.3987],[69.489,22.3929],[69.4846,22.3876],[69.4801,22.3901],[69.4832,22.3987]]],[[[69.2801,22.4179],[69.2782,22.4154],[69.2801,22.4179]]],[[[69.2793,22.4201],[69.2751,22.419],[69.2793,22.4201]]],[[[69.1421,22.4576],[69.1426,22.4529],[69.1421,22.4576]]],[[[69.6276,22.4596],[69.6432,22.4507],[69.6485,22.4382],[69.6449,22.434],[69.6571,22.4282],[69.6365,22.4065],[69.596,22.4246],[69.5882,22.4371],[69.594,22.4457],[69.6276,22.4596]]],[[[69.3021,22.474],[69.3043,22.4696],[69.3246,22.4696],[69.3268,22.4571],[69.3204,22.451],[69.3012,22.4529],[69.2929,22.4593],[69.3021,22.474]]],[[[69.1368,22.4776],[69.1485,22.474],[69.1468,22.4632],[69.1232,22.4685],[69.1107,22.4638],[69.1085,22.4374],[69.0846,22.4212],[69.0851,22.4326],[69.096,22.4413],[69.0935,22.4615],[69.1368,22.4776]]],[[[69.089,22.4907],[69.084,22.4851],[69.089,22.4907]]],[[[69.3243,22.5276],[69.3301,22.5243],[69.3512,22.5265],[69.3635,22.5118],[69.3501,22.504],[69.3346,22.5076],[69.3157,22.5199],[69.3165,22.5249],[69.3243,22.5276]]],[[[69.9449,22.5324],[69.9474,22.5301],[69.9449,22.5324]]],[[[69.4051,22.5326],[69.4032,22.5243],[69.4051,22.5326]]],[[[69.9574,22.536],[69.9524,22.5326],[69.9574,22.536]]],[[[69.9604,22.5438],[69.9635,22.5418],[69.954,22.536],[69.9604,22.5438]]],[[[69.9521,22.5513],[69.9576,22.5451],[69.9532,22.5368],[69.9388,22.5385],[69.9401,22.5488],[69.9521,22.5513]]],[[[69.9187,22.5532],[69.9324,22.5446],[69.9343,22.534],[69.9296,22.5307],[69.936,22.5332],[69.9351,22.5251],[69.9371,22.5318],[69.9421,22.5287],[69.9415,22.5179],[69.9313,22.5201],[69.9157,22.5118],[69.8965,22.5118],[69.8624,22.5271],[69.8674,22.531],[69.8951,22.5229],[69.9013,22.5276],[69.8982,22.5287],[69.9004,22.5462],[69.9101,22.5465],[69.9074,22.5515],[69.9187,22.5532]]],[[[70.0243,22.5532],[70.0199,22.5479],[70.0115,22.5496],[70.0243,22.5532]]],[[[70.0113,22.5538],[69.996,22.5488],[70.0113,22.5538]]],[[[70.0235,22.5585],[70.0246,22.5551],[70.0126,22.554],[70.0235,22.5585]]],[[[70.0396,22.5679],[70.0387,22.5643],[70.0396,22.5679]]],[[[70.0446,22.5724],[70.0421,22.5674],[70.0446,22.5724]]],[[[70.1818,22.5837],[70.1832,22.581],[70.1818,22.5837]]],[[[70.009,22.5932],[70.0249,22.5862],[70.0271,22.5679],[69.9926,22.5482],[69.9638,22.5454],[69.9579,22.5496],[69.9568,22.5607],[69.9651,22.5779],[70.009,22.5932]]],[[[70.1904,22.5999],[70.1904,22.5999]]],[[[69.9485,22.6063],[69.9638,22.599],[69.9532,22.5954],[69.9485,22.6063]]],[[[70.216,22.6468],[70.2204,22.6401],[70.216,22.6468]]],[[[70.2357,22.6846],[70.2385,22.6824],[70.2357,22.6846]]],[[[70.2426,22.6846],[70.239,22.6821],[70.2426,22.6846]]],[[[70.2468,22.6918],[70.2426,22.6868],[70.2468,22.6918]]],[[[70.244,22.7201],[70.2454,22.7118],[70.244,22.7201]]],[[[69.6426,22.7649],[69.6665,22.7507],[69.631,22.7613],[69.6426,22.7649]]],[[[69.6365,22.7799],[69.6376,22.7757],[69.6365,22.7799]]],[[[70.4551,22.9957],[70.451,22.986],[70.4326,22.9788],[70.4551,22.9957]]],[[[70.4415,23.0496],[70.4146,23.0226],[70.4215,23.039],[70.4301,23.0471],[70.4415,23.0496]]],[[[70.4485,23.0521],[70.4343,23.0137],[70.4137,22.9898],[70.4104,22.9996],[70.4143,23.0188],[70.4485,23.0521]]],[[[70.4524,23.0524],[70.4501,23.0501],[70.4524,23.0524]]],[[[70.459,23.0576],[70.4496,23.0432],[70.4574,23.0551],[70.4496,23.0526],[70.459,23.0576]]],[[[70.4521,23.0607],[70.446,23.0582],[70.4521,23.0607]]],[[[70.4696,23.0613],[70.4604,23.0557],[70.4696,23.0613]]],[[[70.4824,23.0654],[70.4788,23.0576],[70.4596,23.0443],[70.4518,23.0265],[70.4463,23.0251],[70.4582,23.0499],[70.4599,23.0465],[70.4629,23.0549],[70.4824,23.0654]]],[[[68.609,23.2313],[68.6135,23.2215],[68.6035,23.2257],[68.604,23.2307],[68.609,23.2313]]],[[[68.5943,23.2621],[68.5976,23.2601],[68.5943,23.2621]]],[[[68.6585,23.2712],[68.6601,23.2679],[68.6585,23.2712]]],[[[68.6287,23.2901],[68.629,23.2854],[68.6287,23.2901]]],[[[68.7051,23.3118],[68.7085,23.3065],[68.6999,23.3093],[68.7051,23.3118]]],[[[68.5582,23.3138],[68.564,23.3007],[68.5704,23.3004],[68.574,23.2943],[68.5724,23.3038],[68.5888,23.2965],[68.5821,23.3101],[68.5957,23.2996],[68.6121,23.2965],[68.6074,23.2949],[68.6121,23.2921],[68.6149,23.2715],[68.6062,23.2735],[68.6071,23.269],[68.6024,23.2682],[68.5999,23.2729],[68.5985,23.2682],[68.5724,23.261],[68.5718,23.2571],[68.5843,23.2538],[68.5729,23.2513],[68.574,23.2451],[68.541,23.2657],[68.5379,23.2729],[68.541,23.2851],[68.5563,23.274],[68.5651,23.2838],[68.5679,23.2812],[68.5532,23.2968],[68.5582,23.3138]]],[[[68.6426,23.314],[68.6462,23.3074],[68.6332,23.3079],[68.6343,23.3138],[68.6426,23.314]]],[[[68.6326,23.3176],[68.6312,23.3121],[68.6326,23.3176]]],[[[68.6399,23.3185],[68.6432,23.3154],[68.6399,23.3185]]],[[[68.5885,23.319],[68.6079,23.3099],[68.6051,23.3149],[68.6093,23.3168],[68.6188,23.2993],[68.5985,23.3021],[68.5943,23.3096],[68.5829,23.3151],[68.5885,23.319]]],[[[68.6318,23.3213],[68.6318,23.3213]]],[[[68.6271,23.3218],[68.6279,23.3115],[68.6271,23.3218]]],[[[68.6268,23.326],[68.629,23.3215],[68.6268,23.326]]],[[[68.5421,23.3415],[68.5415,23.3371],[68.5421,23.3415]]],[[[68.5501,23.3415],[68.5451,23.3388],[68.5501,23.3415]]],[[[68.5568,23.3418],[68.5532,23.3399],[68.5568,23.3418]]],[[[68.506,23.3424],[68.5276,23.3371],[68.5263,23.329],[68.5374,23.3182],[68.5193,23.3171],[68.5024,23.3238],[68.5071,23.3315],[68.5065,23.3354],[68.5029,23.3329],[68.506,23.3424]]],[[[68.5251,23.344],[68.5321,23.3393],[68.5212,23.3426],[68.5251,23.344]]],[[[68.5638,23.3449],[68.5612,23.3418],[68.5638,23.3449]]],[[[68.6315,23.3518],[68.6349,23.3426],[68.6285,23.3487],[68.6315,23.3518]]],[[[68.4732,23.3568],[68.4762,23.3535],[68.4732,23.3568]]],[[[68.5735,23.3604],[68.5757,23.3524],[68.5696,23.3587],[68.5735,23.3604]]],[[[68.5979,23.361],[68.5979,23.361]]],[[[68.589,23.3743],[68.5979,23.364],[68.5951,23.3587],[68.6107,23.3518],[68.6074,23.3646],[68.6179,23.354],[68.6174,23.3276],[68.6165,23.334],[68.6107,23.3326],[68.5999,23.3457],[68.5968,23.3468],[68.6074,23.3318],[68.591,23.3415],[68.584,23.3535],[68.5785,23.3515],[68.5793,23.3601],[68.574,23.361],[68.5679,23.3721],[68.5863,23.3735],[68.5879,23.3685],[68.589,23.3743]]],[[[68.5407,23.3776],[68.5379,23.3751],[68.5407,23.3776]]],[[[68.5029,23.3835],[68.5051,23.3774],[68.5029,23.3835]]],[[[68.5046,23.3846],[68.5049,23.381],[68.5046,23.3846]]],[[[68.5362,23.3854],[68.5429,23.3801],[68.5354,23.3807],[68.5362,23.3854]]],[[[68.5793,23.3854],[68.5874,23.3762],[68.5793,23.3854]]],[[[68.5351,23.3876],[68.5343,23.3713],[68.5304,23.3832],[68.5351,23.3876]]],[[[68.554,23.404],[68.5568,23.4026],[68.554,23.404]]],[[[68.5374,23.4049],[68.5507,23.4024],[68.5593,23.3829],[68.554,23.3832],[68.5563,23.379],[68.5674,23.376],[68.5557,23.3604],[68.5501,23.3713],[68.5551,23.369],[68.5607,23.3754],[68.554,23.3771],[68.5462,23.3968],[68.5437,23.3882],[68.5393,23.3935],[68.5443,23.3974],[68.5413,23.4013],[68.5335,23.3896],[68.5282,23.3907],[68.536,23.3968],[68.5354,23.4015],[68.5382,23.3996],[68.5374,23.4049]]],[[[68.461,23.4051],[68.469,23.4035],[68.461,23.4051]]],[[[68.5235,23.4046],[68.5274,23.3863],[68.5201,23.3954],[68.5235,23.4046]]],[[[68.471,23.4057],[68.476,23.4029],[68.471,23.4057]]],[[[68.4299,23.4071],[68.4324,23.4049],[68.4299,23.4071]]],[[[68.4632,23.409],[68.4646,23.4051],[68.4632,23.409]]],[[[68.409,23.4093],[68.4099,23.4057],[68.409,23.4093]]],[[[68.5576,23.4088],[68.5512,23.4043],[68.5576,23.4088]]],[[[68.4146,23.4099],[68.4235,23.4007],[68.4132,23.4037],[68.4146,23.4099]]],[[[68.4607,23.4126],[68.4579,23.4112],[68.4607,23.4126]]],[[[68.5496,23.4138],[68.5415,23.4054],[68.5496,23.4138]]],[[[68.4004,23.4212],[68.4018,23.416],[68.4004,23.4212]]],[[[68.4021,23.4232],[68.4021,23.4232]]],[[[68.3999,23.4285],[68.3982,23.4218],[68.3999,23.4285]]],[[[68.5018,23.4321],[68.5018,23.4321]]],[[[68.5168,23.4329],[68.5137,23.4304],[68.5168,23.4329]]],[[[68.5007,23.4363],[68.4968,23.4346],[68.5007,23.4363]]],[[[68.5013,23.4438],[68.5007,23.439],[68.5013,23.4438]]],[[[68.5013,23.4535],[68.4968,23.444],[68.5013,23.4535]]],[[[68.5068,23.4565],[68.5249,23.4435],[68.526,23.4365],[68.5135,23.4479],[68.521,23.4371],[68.5171,23.4421],[68.5157,23.4335],[68.5099,23.4388],[68.5115,23.4304],[68.5029,23.4293],[68.5029,23.4479],[68.5068,23.4504],[68.5032,23.456],[68.5068,23.4565]]],[[[68.4079,23.4579],[68.4063,23.4524],[68.4013,23.4538],[68.4079,23.4579]]],[[[68.499,23.476],[68.5001,23.4551],[68.4951,23.474],[68.499,23.476]]],[[[68.4729,23.4804],[68.4854,23.4754],[68.4949,23.456],[68.4846,23.4032],[68.4635,23.4071],[68.4665,23.4118],[68.4582,23.4179],[68.4646,23.4212],[68.4587,23.434],[68.4676,23.4421],[68.4604,23.444],[68.4618,23.4535],[68.4713,23.4535],[68.4746,23.4599],[68.4704,23.454],[68.4676,23.4587],[68.4401,23.4449],[68.4382,23.4354],[68.4304,23.4313],[68.4285,23.4374],[68.4182,23.4399],[68.4201,23.4335],[68.429,23.4315],[68.4212,23.4201],[68.4199,23.4293],[68.4129,23.4315],[68.4121,23.4435],[68.4249,23.4476],[68.4293,23.4401],[68.4349,23.4404],[68.4326,23.4501],[68.4532,23.4626],[68.4449,23.4618],[68.4451,23.4679],[68.4601,23.4685],[68.4613,23.4763],[68.4571,23.4788],[68.4729,23.4804]]],[[[68.4985,23.489],[68.496,23.4774],[68.4871,23.4735],[68.4821,23.4779],[68.4871,23.4857],[68.4985,23.489]]],[[[68.5065,23.4926],[68.509,23.4904],[68.5065,23.4926]]],[[[68.511,23.4926],[68.511,23.4926]]],[[[68.4868,23.4954],[68.4876,23.4865],[68.4868,23.4954]]],[[[68.4665,23.4979],[68.4729,23.491],[68.4713,23.4804],[68.4596,23.4796],[68.4587,23.4874],[68.4649,23.489],[68.4665,23.4979]]],[[[68.4374,23.5004],[68.4374,23.5004]]],[[[68.4807,23.5013],[68.4868,23.486],[68.4796,23.4779],[68.4737,23.4818],[68.4762,23.4862],[68.4846,23.4851],[68.4843,23.4907],[68.4749,23.4865],[68.4729,23.494],[68.4815,23.4915],[68.4807,23.5013]]],[[[68.4679,23.524],[68.4704,23.5188],[68.4643,23.5154],[68.4679,23.524]]],[[[68.4751,23.5288],[68.4715,23.5207],[68.4688,23.5246],[68.4751,23.5288]]],[[[68.4735,23.5371],[68.4749,23.5304],[68.4735,23.5371]]],[[[68.4824,23.5504],[68.4821,23.5471],[68.4824,23.5504]]],[[[68.4793,23.5554],[68.476,23.539],[68.4532,23.5287],[68.4618,23.5338],[68.4535,23.5368],[68.4574,23.5426],[68.4793,23.5554]]],[[[68.2235,23.5863],[68.2282,23.5843],[68.2235,23.5863]]],[[[68.2551,23.5901],[68.2579,23.5851],[68.2535,23.5821],[68.2507,23.5874],[68.2449,23.5871],[68.2551,23.5901]]],[[[68.2162,23.5912],[68.2171,23.5863],[68.2162,23.5912]]],[[[68.4821,23.5968],[68.4854,23.5751],[68.4799,23.5679],[68.4812,23.5613],[68.4735,23.5629],[68.4682,23.5529],[68.4618,23.554],[68.4607,23.5487],[68.446,23.5401],[68.4382,23.5238],[68.4335,23.5232],[68.4304,23.5077],[68.4301,23.5429],[68.4354,23.5468],[68.4354,23.5571],[68.4482,23.5657],[68.4535,23.5615],[68.4557,23.5724],[68.4729,23.5782],[68.4696,23.5829],[68.4624,23.5815],[68.4679,23.5915],[68.4796,23.5899],[68.4821,23.5968]]],[[[68.4585,23.6004],[68.4657,23.5985],[68.4676,23.5918],[68.4621,23.5768],[68.4512,23.5732],[68.4443,23.5782],[68.4532,23.5779],[68.4571,23.5876],[68.4526,23.5885],[68.4524,23.5954],[68.4585,23.6004]]],[[[68.4821,23.6065],[68.4865,23.6032],[68.4801,23.5982],[68.4821,23.6065]]],[[[68.4563,23.6249],[68.466,23.6215],[68.4665,23.601],[68.4518,23.6029],[68.4457,23.5885],[68.4404,23.5865],[68.441,23.6035],[68.4346,23.6162],[68.4563,23.6249]]],[[[68.4846,23.6279],[68.4832,23.6215],[68.4885,23.6257],[68.491,23.6221],[68.491,23.6043],[68.4804,23.6074],[68.4799,23.591],[68.4682,23.5926],[68.4696,23.6162],[68.4796,23.6201],[68.4846,23.6279]]],[[[68.4779,23.7224],[68.4824,23.7204],[68.4726,23.7146],[68.4779,23.7224]]],[[[68.4496,23.7323],[68.4496,23.7323]]],[[[68.4674,23.7399],[68.4876,23.729],[68.4593,23.7249],[68.4587,23.7368],[68.4674,23.7399]]],[[[68.4868,23.746],[68.4818,23.7362],[68.4868,23.746]]],[[[68.2165,23.7793],[68.224,23.764],[68.2176,23.7557],[68.2165,23.7793]]],[[[68.3493,23.8001],[68.3468,23.7801],[68.3404,23.7771],[68.3418,23.7893],[68.3493,23.8001]]],[[[68.3585,23.8051],[68.3776,23.7915],[68.3979,23.7849],[68.426,23.796],[68.4182,23.7626],[68.3993,23.751],[68.4174,23.7604],[68.4185,23.7243],[68.3904,23.6543],[68.3754,23.6432],[68.3896,23.686],[68.3746,23.6393],[68.3479,23.616],[68.3512,23.6049],[68.3468,23.5982],[68.3304,23.589],[68.3146,23.5899],[68.3149,23.5832],[68.3085,23.5829],[68.3043,23.5965],[68.2996,23.5879],[68.3076,23.584],[68.2949,23.5788],[68.2807,23.5824],[68.2743,23.5918],[68.279,23.5971],[68.2801,23.5888],[68.2832,23.6007],[68.2926,23.6001],[68.2813,23.6063],[68.2882,23.606],[68.2857,23.611],[68.2813,23.614],[68.2779,23.6099],[68.2729,23.6179],[68.2779,23.6313],[68.2865,23.6274],[68.3046,23.6301],[68.3138,23.6224],[68.3068,23.6307],[68.2768,23.6324],[68.2671,23.6201],[68.2696,23.6099],[68.2643,23.6026],[68.2557,23.6004],[68.2421,23.6063],[68.2396,23.6001],[68.2487,23.5938],[68.2562,23.5957],[68.2501,23.5907],[68.2368,23.5957],[68.2332,23.5871],[68.221,23.5901],[68.226,23.6068],[68.2165,23.6063],[68.2146,23.6007],[68.2054,23.6021],[68.2035,23.5946],[68.1971,23.5971],[68.194,23.6068],[68.1874,23.611],[68.1862,23.6243],[68.2046,23.6476],[68.2101,23.6404],[68.2232,23.6471],[68.2293,23.6415],[68.256,23.6451],[68.2601,23.6399],[68.2582,23.6449],[68.3118,23.6501],[68.2899,23.6482],[68.2804,23.6521],[68.2312,23.6429],[68.2382,23.6479],[68.2696,23.6496],[68.2821,23.6707],[68.2924,23.6785],[68.3063,23.6813],[68.3015,23.6796],[68.2974,23.684],[68.3099,23.6979],[68.3185,23.7182],[68.3296,23.7237],[68.334,23.711],[68.3304,23.7224],[68.3379,23.7296],[68.3393,23.7426],[68.3499,23.7318],[68.3471,23.741],[68.3518,23.7429],[68.341,23.7449],[68.3432,23.7524],[68.3379,23.7521],[68.3349,23.7588],[68.3487,23.7815],[68.3504,23.8007],[68.3585,23.8051]]],[[[68.6051,23.8096],[68.6079,23.8057],[68.6018,23.7962],[68.5951,23.7968],[68.5935,23.8035],[68.6051,23.8096]]],[[[68.5965,23.8126],[68.5943,23.8101],[68.5965,23.8126]]],[[[68.3079,23.8238],[68.3224,23.8049],[68.314,23.7793],[68.3243,23.7343],[68.2913,23.7276],[68.2862,23.7337],[68.2946,23.7413],[68.2857,23.7546],[68.2932,23.7404],[68.2849,23.7321],[68.2946,23.7232],[68.2832,23.7099],[68.2721,23.7076],[68.274,23.7013],[68.2574,23.716],[68.266,23.7296],[68.2676,23.7724],[68.2754,23.7951],[68.2982,23.8037],[68.2971,23.8121],[68.2901,23.8168],[68.3079,23.8238]]],[[[68.4965,23.831],[68.5199,23.8179],[68.5229,23.8024],[68.5124,23.7888],[68.4985,23.7946],[68.5126,23.7874],[68.5224,23.7754],[68.5168,23.7546],[68.5101,23.751],[68.4896,23.7596],[68.5074,23.7485],[68.4949,23.7374],[68.4876,23.7371],[68.4882,23.7485],[68.4715,23.7551],[68.4654,23.7754],[68.464,23.7663],[68.4707,23.7524],[68.4785,23.7476],[68.4768,23.7407],[68.4587,23.7435],[68.4374,23.7393],[68.4565,23.774],[68.4479,23.8065],[68.4554,23.8074],[68.4576,23.8174],[68.4965,23.831]]],[[[68.7071,23.8513],[68.7104,23.8488],[68.7026,23.8504],[68.7071,23.8513]]],[[[68.6993,23.8532],[68.6949,23.8493],[68.6993,23.8532]]],[[[68.5332,23.8738],[68.5349,23.8649],[68.524,23.8585],[68.5332,23.8738]]],[[[68.3957,23.8782],[68.4207,23.8685],[68.4287,23.846],[68.4393,23.839],[68.4265,23.8104],[68.4179,23.8051],[68.4101,23.809],[68.4115,23.821],[68.4065,23.8118],[68.416,23.8021],[68.4054,23.7932],[68.3918,23.809],[68.3899,23.8321],[68.3796,23.8382],[68.3893,23.8304],[68.3901,23.8096],[68.4013,23.7901],[68.3788,23.7954],[68.3696,23.8096],[68.3551,23.811],[68.3385,23.801],[68.3301,23.7874],[68.3251,23.7979],[68.3474,23.8196],[68.3443,23.8393],[68.3771,23.8579],[68.3737,23.8601],[68.3779,23.8743],[68.3957,23.8782]]],[[[68.2482,23.8804],[68.2549,23.8751],[68.2518,23.8624],[68.239,23.8529],[68.234,23.8429],[68.216,23.8476],[68.2162,23.8671],[68.2482,23.8804]]],[[[68.4493,23.9385],[68.4587,23.9307],[68.444,23.9193],[68.4518,23.916],[68.4443,23.9132],[68.4515,23.9135],[68.4504,23.9054],[68.4429,23.9082],[68.4504,23.9046],[68.4468,23.8988],[68.4521,23.8818],[68.4437,23.8785],[68.4421,23.8704],[68.426,23.8646],[68.4196,23.871],[68.4207,23.8771],[68.4107,23.8854],[68.4293,23.896],[68.4224,23.8949],[68.4085,23.8851],[68.4179,23.8768],[68.4171,23.8724],[68.3935,23.8804],[68.3885,23.876],[68.3774,23.8765],[68.3724,23.8596],[68.3501,23.846],[68.3568,23.8657],[68.3551,23.8879],[68.3585,23.8932],[68.3676,23.8907],[68.3579,23.8938],[68.3532,23.8837],[68.3529,23.9007],[68.4051,23.9124],[68.4204,23.9212],[68.4279,23.9338],[68.4493,23.9385]]],[[[68.5354,23.946],[68.5424,23.9338],[68.5582,23.931],[68.5585,23.9232],[68.5826,23.9229],[68.5888,23.9168],[68.5671,23.9035],[68.5646,23.8938],[68.5468,23.8729],[68.5371,23.8674],[68.5368,23.8754],[68.5326,23.8763],[68.5221,23.8563],[68.5171,23.8565],[68.5004,23.8665],[68.5021,23.8754],[68.4971,23.8671],[68.491,23.8663],[68.486,23.8899],[68.5121,23.9032],[68.5257,23.8926],[68.514,23.9046],[68.5287,23.9151],[68.5318,23.9235],[68.5376,23.9176],[68.5254,23.9401],[68.5354,23.946]]],[[[68.5257,23.9495],[68.5229,23.9454],[68.5146,23.9493],[68.5257,23.9495]]],[[[68.4821,23.9926],[68.5024,23.9785],[68.4965,23.9557],[68.5026,23.946],[68.5188,23.9407],[68.5057,23.9418],[68.5185,23.9357],[68.5185,23.9243],[68.5132,23.9198],[68.5101,23.9235],[68.511,23.9168],[68.5049,23.9088],[68.4876,23.9013],[68.4804,23.8904],[68.4676,23.8949],[68.4796,23.889],[68.4729,23.8629],[68.4435,23.8485],[68.4318,23.8526],[68.4282,23.8618],[68.4399,23.8665],[68.4454,23.8763],[68.4532,23.8799],[68.4504,23.8935],[68.4582,23.9146],[68.4543,23.9121],[68.4512,23.9199],[68.4629,23.9321],[68.4488,23.9401],[68.4418,23.9363],[68.4282,23.9379],[68.4415,23.9626],[68.449,23.9596],[68.4426,23.964],[68.4476,23.9807],[68.4618,23.9918],[68.4821,23.9926]]],[[[68.4301,23.9954],[68.4368,23.9876],[68.4337,23.964],[68.4154,23.9301],[68.3871,23.9143],[68.3771,23.9151],[68.3763,23.9204],[68.3765,23.9149],[68.3565,23.9115],[68.3449,23.9013],[68.3424,23.8899],[68.3487,23.8651],[68.3363,23.8388],[68.3374,23.819],[68.321,23.8071],[68.3146,23.824],[68.3037,23.8246],[68.2887,23.8174],[68.2957,23.811],[68.2957,23.8043],[68.2743,23.7974],[68.2704,23.7857],[68.2657,23.7929],[68.2699,23.7818],[68.2621,23.7601],[68.266,23.7463],[68.2613,23.726],[68.254,23.7188],[68.2668,23.6918],[68.256,23.6796],[68.2379,23.6813],[68.2268,23.6901],[68.2293,23.7029],[68.2199,23.6996],[68.2076,23.7068],[68.1926,23.731],[68.2118,23.7635],[68.214,23.7551],[68.2196,23.7549],[68.226,23.7626],[68.2246,23.7718],[68.2343,23.7749],[68.2326,23.7821],[68.231,23.7754],[68.2243,23.7735],[68.2179,23.7813],[68.2093,23.811],[68.2129,23.8346],[68.2346,23.836],[68.2454,23.8538],[68.2496,23.8465],[68.2571,23.8446],[68.2604,23.8249],[68.261,23.8374],[68.2774,23.8343],[68.2874,23.8393],[68.2832,23.8418],[68.2768,23.8357],[68.2626,23.8382],[68.2487,23.8538],[68.2593,23.8718],[68.2804,23.8679],[68.2932,23.8729],[68.3051,23.8657],[68.3112,23.8776],[68.3176,23.8793],[68.3093,23.8788],[68.3037,23.8671],[68.2932,23.8751],[68.2818,23.8701],[68.259,23.8751],[68.2615,23.8868],[68.2785,23.9024],[68.2771,23.9149],[68.289,23.9218],[68.3215,23.9146],[68.3346,23.9176],[68.346,23.9326],[68.3462,23.9604],[68.3596,23.9774],[68.3754,23.9846],[68.3851,23.9662],[68.396,23.9654],[68.421,23.9918],[68.4301,23.9954]]],[[[72.1019,24.6433],[72.121,24.632],[72.1507,24.6341],[72.1617,24.6158],[72.1859,24.6094],[72.2014,24.6162],[72.2106,24.6126],[72.2083,24.6172],[72.23,24.6329],[72.2489,24.6208],[72.2748,24.6222],[72.2937,24.6132],[72.3062,24.615],[72.3151,24.6089],[72.331,24.6119],[72.3402,24.623],[72.3538,24.6181],[72.3422,24.5935],[72.326,24.5869],[72.314,24.5854],[72.3003,24.6002],[72.2931,24.5971],[72.2793,24.6],[72.251,24.5802],[72.2717,24.5502],[72.29,24.5583],[72.2951,24.5384],[72.337,24.5441],[72.3349,24.5587],[72.3579,24.5525],[72.3655,24.5393],[72.3739,24.5374],[72.3749,24.53],[72.3709,24.5288],[72.3863,24.5005],[72.4211,24.5081],[72.4425,24.5043],[72.4482,24.4933],[72.4386,24.4791],[72.4367,24.4605],[72.4562,24.4381],[72.4647,24.4071],[72.4874,24.4054],[72.5077,24.4099],[72.51,24.4183],[72.5006,24.4503],[72.5117,24.4474],[72.5139,24.4646],[72.5446,24.5069],[72.5742,24.4881],[72.5885,24.4725],[72.6586,24.4564],[72.693,24.4602],[72.6973,24.4572],[72.6926,24.4414],[72.6935,24.4193],[72.7066,24.3913],[72.7325,24.3613],[72.7487,24.3575],[72.8153,24.3582],[72.8292,24.365],[72.8681,24.3658],[72.9006,24.3514],[72.9239,24.3263],[72.9338,24.3362],[72.9915,24.364],[72.9813,24.3801],[72.9633,24.3837],[72.9642,24.3922],[72.9906,24.4209],[72.981,24.4511],[73.0003,24.4706],[73.0128,24.4824],[73.0219,24.4651],[73.051,24.4653],[73.0838,24.4902],[73.0944,24.4947],[73.0989,24.4915],[73.0985,24.4726],[73.1072,24.4568],[73.1083,24.4263],[73.1062,24.4203],[73.093,24.4131],[73.085,24.3945],[73.0983,24.3855],[73.1112,24.3868],[73.1274,24.3688],[73.17,24.3507],[73.1904,24.3558],[73.211,24.3754],[73.2315,24.3647],[73.2164,24.3505],[73.2111,24.3342],[73.2014,24.3341],[73.1929,24.3436],[73.187,24.3349],[73.1806,24.3015],[73.1512,24.3108],[73.145,24.3079],[73.1389,24.2801],[73.1161,24.2626],[73.1009,24.2377],[73.1112,24.2311],[73.0917,24.2209],[73.0872,24.2008],[73.082,24.1967],[73.0827,24.185],[73.1165,24.1529],[73.1142,24.1386],[73.1234,24.1403],[73.1717,24.1113],[73.1939,24.1052],[73.1976,24.1108],[73.2238,24.0982],[73.1989,24.0515],[73.2006,24.0452],[73.2293,24.0281],[73.2458,24.0107],[73.2564,24.0132],[73.2753,24.028],[73.291,24.0274],[73.3068,24.0515],[73.3266,24.0625],[73.3325,24.0737],[73.3352,24.1151],[73.3608,24.1141],[73.3735,24.1281],[73.3696,24.088],[73.3966,24.0725],[73.4138,24.0511],[73.4106,23.9983],[73.4051,23.9905],[73.4196,23.9827],[73.4204,23.9364],[73.4247,23.9311],[73.4078,23.9161],[73.3961,23.9168],[73.3621,23.8619],[73.3598,23.8546],[73.3695,23.8386],[73.3727,23.8219],[73.3626,23.7874],[73.3759,23.7667],[73.3898,23.7693],[73.4,23.784],[73.4205,23.7793],[73.4322,23.7621],[73.4508,23.7526],[73.4549,23.7397],[73.4766,23.721],[73.4793,23.709],[73.5085,23.7033],[73.5109,23.6734],[73.5072,23.6577],[73.5005,23.6507],[73.5116,23.6451],[73.5011,23.6338],[73.5135,23.6168],[73.5267,23.6106],[73.5322,23.6135],[73.5707,23.6535],[73.5773,23.6554],[73.619,23.6514],[73.6423,23.6313],[73.6607,23.6229],[73.65,23.6077],[73.6512,23.5809],[73.6383,23.5626],[73.6371,23.548],[73.637,23.5311],[73.6573,23.5162],[73.6584,23.5041],[73.6438,23.4968],[73.6328,23.4524],[73.6532,23.4405],[73.6819,23.4571],[73.7042,23.4558],[73.7172,23.4188],[73.7261,23.4127],[73.7647,23.4586],[73.7831,23.4346],[73.8321,23.4468],[73.8365,23.4307],[73.8668,23.3958],[73.8794,23.3681],[73.8949,23.3526],[73.8943,23.3371],[73.9389,23.3414],[73.9473,23.3735],[73.9625,23.3814],[73.9789,23.3678],[73.9908,23.3376],[74.0327,23.3324],[74.0301,23.3199],[74.0376,23.3057],[74.0477,23.3109],[74.0497,23.3071],[74.0445,23.2961],[74.0897,23.298],[74.1066,23.2941],[74.1139,23.2773],[74.1299,23.2727],[74.1361,23.2647],[74.1395,23.2268],[74.1247,23.2066],[74.1225,23.1916],[74.127,23.1789],[74.1457,23.1752],[74.1552,23.1578],[74.183,23.1522],[74.1891,23.1579],[74.1895,23.1718],[74.2075,23.1921],[74.237,23.1827],[74.246,23.1883],[74.2498,23.1784],[74.2671,23.166],[74.2776,23.134],[74.2881,23.1187],[74.282,23.1064],[74.2825,23.095],[74.3102,23.0795],[74.3228,23.0627],[74.3277,23.0427],[74.3492,23.0302],[74.3554,23.0031],[74.3708,22.9772],[74.3571,22.9772],[74.3416,22.9647],[74.36,22.9422],[74.362,22.9331],[74.3816,22.9099],[74.4004,22.8994],[74.4187,22.9184],[74.4319,22.9226],[74.4386,22.9177],[74.4515,22.924],[74.4628,22.9135],[74.4789,22.8586],[74.4649,22.8151],[74.4392,22.8094],[74.4392,22.7856],[74.4031,22.7307],[74.3969,22.6921],[74.3849,22.6696],[74.3811,22.6386],[74.364,22.6365],[74.3281,22.6442],[74.3254,22.6386],[74.3172,22.6365],[74.2782,22.6477],[74.2736,22.6406],[74.2654,22.6448],[74.2564,22.6357],[74.2576,22.6244],[74.2499,22.623],[74.2437,22.6139],[74.2367,22.6139],[74.2262,22.585],[74.2185,22.5815],[74.2138,22.5674],[74.1901,22.5674],[74.1952,22.5569],[74.1587,22.5343],[74.1533,22.5174],[74.1335,22.5188],[74.1186,22.5398],[74.1058,22.5377],[74.0781,22.5516],[74.0446,22.5421],[74.0408,22.5302],[74.0436,22.5168],[74.0347,22.5084],[74.0371,22.4915],[74.0457,22.4929],[74.0588,22.5105],[74.0853,22.5085],[74.0904,22.4826],[74.0889,22.4797],[74.0803,22.486],[74.0781,22.4656],[74.1033,22.4678],[74.1057,22.4559],[74.1007,22.4453],[74.1051,22.4334],[74.123,22.4208],[74.1304,22.4215],[74.1311,22.4363],[74.1442,22.4567],[74.1563,22.4567],[74.156,22.4399],[74.1611,22.4322],[74.1708,22.4336],[74.1727,22.442],[74.1867,22.4442],[74.1827,22.4645],[74.1908,22.4779],[74.2025,22.4723],[74.2045,22.4667],[74.2046,22.4372],[74.2163,22.4344],[74.2186,22.4428],[74.254,22.4331],[74.2641,22.4246],[74.2712,22.405],[74.2942,22.3945],[74.2739,22.393],[74.258,22.4],[74.2561,22.386],[74.246,22.3832],[74.2456,22.3775],[74.2254,22.3782],[74.227,22.3585],[74.2134,22.3592],[74.2068,22.3676],[74.2022,22.343],[74.1948,22.3493],[74.1957,22.3254],[74.1911,22.3219],[74.1343,22.3323],[74.1291,22.3527],[74.1245,22.3583],[74.1171,22.3576],[74.112,22.3716],[74.0999,22.373],[74.0953,22.3624],[74.072,22.3602],[74.076,22.3413],[74.0683,22.3307],[74.0664,22.3054],[74.0591,22.3054],[74.0592,22.2857],[74.0646,22.2759],[74.0783,22.2682],[74.0807,22.25],[74.0916,22.2437],[74.0745,22.2345],[74.0758,22.2219],[74.1076,22.2206],[74.1228,22.2129],[74.1249,22.1722],[74.135,22.1617],[74.1266,22.1321],[74.1313,22.1244],[74.1303,22.0977],[74.1547,22.1055],[74.1702,22.1013],[74.1807,22.0866],[74.1676,22.0824],[74.1618,22.0711],[74.163,22.0606],[74.1378,22.0535],[74.1452,22.0437],[74.1251,22.0359],[74.1166,22.0246],[74.0977,22.0155],[74.1003,22.0016],[74.105,21.9989],[74.1538,21.9864],[74.1532,21.9756],[74.1437,21.9722],[74.1489,21.9607],[74.146,21.9541],[74.0467,21.9228],[74.023,21.906],[73.9364,21.8632],[73.9219,21.8566],[73.8995,21.8545],[73.8796,21.8386],[73.8415,21.8385],[73.8162,21.8286],[73.8105,21.8233],[73.8136,21.8101],[73.8321,21.8108],[73.8389,21.8002],[73.8357,21.7935],[73.845,21.7907],[73.8384,21.7841],[73.8413,21.7687],[73.8312,21.7629],[73.8464,21.742],[73.8902,21.7106],[73.8964,21.7003],[73.8981,21.6673],[73.8856,21.6451],[73.8703,21.6388],[73.8603,21.6418],[73.8452,21.6332],[73.829,21.6398],[73.8001,21.6346],[73.7876,21.6251],[73.8068,21.6024],[73.8232,21.6007],[73.845,21.5216],[73.8608,21.4958],[73.8768,21.5012],[73.8826,21.5098],[73.8866,21.5047],[73.9036,21.5088],[73.91,21.5133],[73.9105,21.5202],[73.9338,21.5236],[73.9394,21.5101],[73.9573,21.5165],[73.9663,21.5391],[73.9745,21.5241],[73.9857,21.5214],[73.9835,21.542],[74.0053,21.5408],[74.0256,21.5526],[74.0472,21.5497],[74.0682,21.5594],[74.1352,21.5569],[74.1458,21.5503],[74.1556,21.5521],[74.1639,21.5599],[74.1829,21.5616],[74.1997,21.531],[74.2052,21.5292],[74.2278,21.5383],[74.2392,21.5503],[74.2558,21.5361],[74.2701,21.5356],[74.2765,21.5478],[74.2917,21.5588],[74.3035,21.5598],[74.3091,21.5673],[74.3158,21.5432],[74.3355,21.5402],[74.3277,21.4958],[74.3134,21.4896],[74.3078,21.4801],[74.2684,21.4747],[74.2632,21.4657],[74.2556,21.4633],[74.2458,21.4637],[74.2387,21.4784],[74.231,21.4798],[74.2237,21.4773],[74.2226,21.459],[74.2009,21.4597],[74.1855,21.467],[74.1783,21.4609],[74.1693,21.4634],[74.1565,21.4531],[74.1447,21.4547],[74.1408,21.4625],[74.1309,21.4637],[74.1233,21.4617],[74.1225,21.4507],[74.111,21.4481],[74.1037,21.4539],[74.0781,21.4578],[74.077,21.4705],[74.0672,21.4819],[74.0485,21.4194],[74.0158,21.418],[73.9687,21.3921],[73.9528,21.4024],[73.957,21.3445],[73.9485,21.2976],[73.892,21.2624],[73.8584,21.27],[73.8321,21.2675],[73.8363,21.2423],[73.8201,21.2219],[73.8188,21.2039],[73.8213,21.1953],[73.8359,21.1952],[73.8225,21.1719],[73.8121,21.1721],[73.7963,21.1817],[73.7837,21.1651],[73.7416,21.1671],[73.7408,21.1604],[73.748,21.1515],[73.7367,21.1383],[73.7171,21.1417],[73.7132,21.1505],[73.6813,21.1521],[73.6364,21.1327],[73.6375,21.1531],[73.6197,21.1579],[73.6132,21.1761],[73.6069,21.1785],[73.5883,21.1679],[73.5888,21.1542],[73.6115,21.1545],[73.6142,21.147],[73.6291,21.1417],[73.6236,21.138],[73.6287,21.1202],[73.6577,21.1211],[73.6599,21.1084],[73.6789,21.1093],[73.6934,21.101],[73.7106,21.119],[73.709,21.1123],[73.7148,21.1072],[73.7389,21.1013],[73.7526,21.1141],[73.7391,21.0948],[73.7441,21.0817],[73.7422,21.0555],[73.7476,21.04],[73.7661,21.0401],[73.7756,21.0276],[73.7694,21.0145],[73.7749,21.0105],[73.7847,21.0196],[73.8077,21.0226],[73.8164,20.9961],[73.8468,20.994],[73.8501,21.0014],[73.8792,20.9865],[73.9064,20.9831],[73.9154,20.9648],[73.9018,20.9617],[73.895,20.9401],[73.8963,20.933],[73.9168,20.9151],[73.9273,20.8991],[73.9311,20.8484],[73.9451,20.8401],[73.9476,20.8251],[73.9402,20.8089],[73.9383,20.7608],[73.9472,20.7608],[73.9452,20.7493],[73.9495,20.7423],[73.9209,20.7235],[73.9088,20.7252],[73.9038,20.7306],[73.8856,20.7296],[73.8636,20.6943],[73.8428,20.7021],[73.8226,20.6938],[73.8254,20.6736],[73.8415,20.6751],[73.8454,20.6671],[73.8464,20.6235],[73.8383,20.6158],[73.8254,20.614],[73.806,20.6015],[73.8024,20.6058],[73.7871,20.6023],[73.7482,20.5674],[73.7377,20.574],[73.701,20.5784],[73.6707,20.5623],[73.6509,20.5764],[73.6368,20.5793],[73.6259,20.6211],[73.6073,20.6363],[73.5742,20.6511],[73.5629,20.6474],[73.5384,20.6739],[73.5252,20.6671],[73.5178,20.6701],[73.4984,20.6534],[73.4874,20.6756],[73.4972,20.681],[73.4973,20.686],[73.4826,20.7172],[73.4752,20.7217],[73.4537,20.7105],[73.4473,20.7011],[73.4565,20.6934],[73.4545,20.6861],[73.4436,20.678],[73.4399,20.6648],[73.4036,20.6524],[73.4027,20.6426],[73.4147,20.6357],[73.416,20.6262],[73.4308,20.6205],[73.4404,20.5951],[73.4548,20.5946],[73.4808,20.5836],[73.4858,20.5641],[73.4818,20.5434],[73.5007,20.5402],[73.4723,20.5141],[73.4759,20.495],[73.449,20.4667],[73.4308,20.4288],[73.4297,20.4144],[73.4163,20.4107],[73.4158,20.4062],[73.4088,20.4042],[73.4076,20.3963],[73.3955,20.398],[73.3914,20.3902],[73.3916,20.3729],[73.4077,20.3839],[73.4148,20.3816],[73.4234,20.3521],[73.4261,20.3159],[73.4369,20.2821],[73.4246,20.2768],[73.4204,20.257],[73.4299,20.2062],[73.4268,20.2016],[73.4092,20.2005],[73.4028,20.195],[73.3981,20.196],[73.3953,20.2092],[73.3837,20.2024],[73.3763,20.2053],[73.3743,20.1927],[73.3648,20.201],[73.3676,20.2134],[73.3618,20.212],[73.3529,20.1985],[73.3112,20.2072],[73.2941,20.1939],[73.2907,20.1774],[73.2936,20.1539],[73.2685,20.1393],[73.2595,20.1246],[73.2381,20.1281],[73.2355,20.141],[73.2305,20.1377],[73.2267,20.1226],[73.2215,20.1208],[73.2007,20.1297],[73.1961,20.1561],[73.1992,20.1616],[73.2221,20.1714],[73.2292,20.1843],[73.2099,20.1974],[73.1811,20.2024],[73.1802,20.2086],[73.169,20.1997],[73.1458,20.207],[73.1422,20.2044],[73.1524,20.1761],[73.147,20.1711],[73.1358,20.1723],[73.1261,20.1636],[73.128,20.1571],[73.1051,20.16],[73.0962,20.1742],[73.0899,20.1704],[73.0865,20.157],[73.0724,20.1635],[73.0744,20.1925],[73.0642,20.2032],[73.0769,20.2298],[73.0875,20.234],[73.1019,20.2289],[73.1105,20.2321],[73.1085,20.2386],[73.1246,20.2567],[73.1368,20.2605],[73.147,20.2811],[73.1536,20.277],[73.1582,20.2905],[73.1691,20.2823],[73.1789,20.2865],[73.1771,20.3123],[73.1707,20.3105],[73.1614,20.3172],[73.1418,20.3175],[73.1343,20.3053],[73.1129,20.3049],[73.122,20.3329],[73.1074,20.3607],[73.1025,20.3597],[73.0992,20.3399],[73.0909,20.3268],[73.0753,20.3296],[73.0505,20.323],[73.0442,20.2911],[73.0265,20.2941],[73.0247,20.3128],[73.0198,20.3174],[73.0205,20.2909],[72.9905,20.2921],[72.9895,20.2775],[72.9841,20.2717],[72.9745,20.2718],[72.946,20.2934],[72.9246,20.2787],[72.9238,20.2682],[72.9408,20.2468],[72.9696,20.2339],[72.9754,20.2192],[72.9692,20.2109],[72.9284,20.2234],[72.8745,20.2258],[72.872,20.2082],[72.8503,20.2079],[72.8441,20.1978],[72.8497,20.1893],[72.8355,20.1877],[72.8288,20.1566],[72.8353,20.1446],[72.8159,20.1533],[72.8021,20.1485],[72.8052,20.127],[72.8018,20.125],[72.7376,20.1365],[72.7482,20.2015],[72.7404,20.2429],[72.7532,20.2649],[72.7557,20.2921],[72.7621,20.3001],[72.7746,20.3038],[72.7757,20.3335],[72.789,20.3499],[72.8129,20.3565],[72.8215,20.3711],[72.8313,20.3687],[72.8451,20.4071],[72.8608,20.4033],[72.8755,20.381],[72.8689,20.4059],[72.8392,20.4185],[72.8366,20.4284],[72.8443,20.4484],[72.8659,20.4675],[72.8601,20.4721],[72.8676,20.4885],[72.8849,20.4999],[72.886,20.5296],[72.8918,20.5313],[72.8851,20.5462],[72.8976,20.5743],[72.8863,20.631],[72.8924,20.6332],[72.8865,20.6362],[72.886,20.6449],[72.8821,20.6421],[72.8754,20.6513],[72.851,20.7415],[72.8526,20.7449],[72.8601,20.7351],[72.8701,20.7326],[72.8899,20.739],[72.8896,20.7482],[72.8843,20.7421],[72.8668,20.7482],[72.8593,20.7643],[72.8465,20.7687],[72.8346,20.7818],[72.8388,20.7988],[72.8507,20.799],[72.8468,20.8038],[72.8346,20.8049],[72.8257,20.8143],[72.7918,20.8965],[72.7854,20.9232],[72.7885,20.9226],[72.7876,20.9318],[72.794,20.9315],[72.7932,20.9379],[72.7885,20.9388],[72.7937,20.9451],[72.7721,20.9363],[72.7712,20.9204],[72.7768,20.9149],[72.7685,20.9193],[72.7521,20.9465],[72.7379,20.9843],[72.7232,21.049],[72.7265,21.0535],[72.7357,21.0474],[72.7607,21.0518],[72.7704,21.0668],[72.751,21.0621],[72.7043,21.0749],[72.7001,21.101],[72.7054,21.1074],[72.7076,21.1304],[72.7207,21.1432],[72.6813,21.1585],[72.6671,21.1554],[72.6599,21.1388],[72.659,21.0879],[72.6515,21.0768],[72.6401,21.081],[72.6268,21.0765],[72.6343,21.0821],[72.6246,21.0918],[72.6268,21.1024],[72.6229,21.1132],[72.6274,21.1199],[72.6235,21.1199],[72.6251,21.1396],[72.6212,21.1418],[72.6176,21.1635],[72.6185,21.206],[72.624,21.2121],[72.6201,21.2129],[72.6185,21.2226],[72.6304,21.2243],[72.6393,21.2171],[72.6468,21.2174],[72.6524,21.2201],[72.6532,21.2268],[72.6465,21.2196],[72.6221,21.2335],[72.6096,21.2299],[72.5971,21.2501],[72.5965,21.2718],[72.6049,21.2774],[72.5874,21.2757],[72.5893,21.2824],[72.5985,21.2799],[72.5885,21.2857],[72.594,21.3135],[72.6087,21.3263],[72.6226,21.346],[72.6235,21.3549],[72.6354,21.3624],[72.6379,21.3735],[72.6479,21.3724],[72.6435,21.3585],[72.6496,21.3682],[72.6474,21.3757],[72.6396,21.376],[72.6312,21.3651],[72.6232,21.3651],[72.6251,21.381],[72.651,21.4063],[72.6637,21.4263],[72.6796,21.4332],[72.6968,21.4646],[72.6901,21.4632],[72.6799,21.4476],[72.6693,21.4471],[72.6451,21.4338],[72.6432,21.4413],[72.6563,21.4649],[72.6521,21.4654],[72.6649,21.4779],[72.6712,21.5118],[72.6821,21.516],[72.671,21.5146],[72.674,21.5204],[72.6865,21.5285],[72.704,21.5276],[72.7329,21.5365],[72.7407,21.5418],[72.7424,21.5501],[72.7349,21.5563],[72.7332,21.5521],[72.7401,21.5499],[72.7371,21.5404],[72.706,21.5321],[72.6912,21.5349],[72.6832,21.5429],[72.6549,21.5246],[72.6371,21.496],[72.6257,21.4924],[72.6263,21.506],[72.6212,21.5065],[72.6121,21.524],[72.6207,21.5304],[72.6085,21.5293],[72.6104,21.5421],[72.6051,21.5368],[72.6032,21.5499],[72.601,21.5424],[72.5982,21.5443],[72.6012,21.5543],[72.5974,21.5524],[72.6032,21.5596],[72.6093,21.5521],[72.6057,21.5788],[72.6207,21.5963],[72.6293,21.6177],[72.6479,21.6171],[72.6579,21.6276],[72.6751,21.629],[72.701,21.6518],[72.7204,21.639],[72.7474,21.6424],[72.7521,21.6501],[72.7874,21.6451],[72.809,21.6518],[72.8351,21.6679],[72.8324,21.6732],[72.7982,21.6615],[72.7799,21.6632],[72.7618,21.6693],[72.7465,21.686],[72.7363,21.6896],[72.7113,21.6785],[72.6696,21.6832],[72.656,21.6771],[72.6004,21.6815],[72.5654,21.6646],[72.5618,21.6585],[72.5474,21.6585],[72.5376,21.6643],[72.5324,21.6751],[72.524,21.6801],[72.5218,21.6899],[72.5079,21.6904],[72.5218,21.6915],[72.5204,21.7001],[72.5074,21.7013],[72.5188,21.7021],[72.5179,21.7146],[72.5215,21.7065],[72.5218,21.7162],[72.5404,21.7357],[72.5521,21.7924],[72.5699,21.8243],[72.5346,21.8474],[72.5232,21.8496],[72.5254,21.8579],[72.5176,21.8574],[72.5168,21.8893],[72.5076,21.8979],[72.5049,21.9096],[72.5024,21.9551],[72.5079,21.9974],[72.5476,22.1507],[72.5676,22.186],[72.5821,22.201],[72.6137,22.2174],[72.6474,22.2171],[72.7001,22.1843],[72.7149,22.1851],[72.7446,22.174],[72.7576,22.174],[72.7774,22.199],[72.7951,22.2324],[72.8087,22.246],[72.8174,22.2479],[72.8262,22.2407],[72.8493,22.236],[72.8629,22.226],[72.8779,22.2238],[72.8863,22.2307],[72.901,22.2329],[72.9104,22.2432],[72.9196,22.2607],[72.916,22.2782],[72.9093,22.2588],[72.8893,22.244],[72.8651,22.2435],[72.8529,22.2813],[72.8438,22.2824],[72.7632,22.2332],[72.7521,22.231],[72.6879,22.2385],[72.659,22.2685],[72.6563,22.279],[72.6354,22.2846],[72.5965,22.2738],[72.5599,22.246],[72.5615,22.2576],[72.5574,22.2593],[72.5413,22.2432],[72.5418,22.2488],[72.5332,22.2463],[72.5376,22.2504],[72.5335,22.2527],[72.541,22.2571],[72.5349,22.2604],[72.5374,22.2738],[72.5537,22.2782],[72.5426,22.281],[72.5254,22.2685],[72.5243,22.2454],[72.5057,22.229],[72.504,22.2204],[72.486,22.1974],[72.4737,22.2013],[72.4851,22.2226],[72.4788,22.2285],[72.4912,22.2301],[72.4926,22.2371],[72.4776,22.2351],[72.4924,22.2388],[72.4929,22.2482],[72.4707,22.2388],[72.4351,22.3013],[72.406,22.3101],[72.3974,22.3071],[72.3887,22.3104],[72.404,22.3307],[72.4126,22.3535],[72.4124,22.3585],[72.399,22.3688],[72.3938,22.3826],[72.3762,22.3851],[72.3612,22.3749],[72.3621,22.3715],[72.3824,22.3754],[72.4043,22.3524],[72.379,22.336],[72.3724,22.3165],[72.3832,22.2999],[72.414,22.2971],[72.4165,22.2274],[72.4115,22.2271],[72.411,22.2151],[72.4054,22.2138],[72.3996,22.1993],[72.3924,22.2135],[72.3776,22.2257],[72.3757,22.236],[72.3835,22.2457],[72.3799,22.2574],[72.3562,22.2712],[72.3568,22.2632],[72.3632,22.2604],[72.371,22.2451],[72.3601,22.2251],[72.3621,22.2051],[72.3863,22.1893],[72.3915,22.1679],[72.3865,22.1724],[72.3871,22.1599],[72.384,22.156],[72.3774,22.1585],[72.376,22.1499],[72.3721,22.1718],[72.359,22.1726],[72.3637,22.189],[72.3576,22.1929],[72.3599,22.1865],[72.3518,22.1821],[72.3535,22.1651],[72.344,22.1685],[72.3538,22.1613],[72.3568,22.1501],[72.3504,22.1465],[72.3501,22.1268],[72.3435,22.1249],[72.3396,22.1388],[72.3162,22.1465],[72.3171,22.1821],[72.2999,22.1926],[72.2943,22.2024],[72.3001,22.186],[72.3126,22.1807],[72.3104,22.1446],[72.3238,22.1301],[72.3201,22.1288],[72.3232,22.1226],[72.3112,22.1115],[72.3154,22.0996],[72.2799,21.9643],[72.271,21.9676],[72.279,21.9549],[72.2785,21.9321],[72.2751,21.9299],[72.2693,21.9346],[72.2632,21.9465],[72.2615,21.981],[72.2518,21.9874],[72.2607,22.0193],[72.2451,22.0329],[72.2415,22.0496],[72.2865,22.0743],[72.294,22.0632],[72.2982,22.0638],[72.304,22.0721],[72.304,22.0768],[72.2952,22.0807],[72.3026,22.089],[72.3001,22.1087],[72.2865,22.0996],[72.2849,22.0926],[72.2774,22.0907],[72.2768,22.0982],[72.2654,22.1054],[72.2749,22.0974],[72.2782,22.0804],[72.2332,22.0538],[72.2299,22.0424],[72.2326,22.0176],[72.2232,22.021],[72.2165,22.0118],[72.2096,22.0104],[72.196,22.0226],[72.186,22.0196],[72.1821,22.0351],[72.1724,22.0415],[72.181,22.0332],[72.1799,22.019],[72.1971,22.0168],[72.2004,22.0043],[72.2137,21.999],[72.231,22.0076],[72.2213,21.9565],[72.2087,21.9543],[72.1907,21.9424],[72.174,21.9588],[72.1637,21.9601],[72.1563,21.9757],[72.1465,21.9835],[72.161,21.9618],[72.1471,21.9549],[72.1671,21.9549],[72.1901,21.9371],[72.2196,21.9482],[72.2532,21.8974],[72.2582,21.8824],[72.2549,21.8568],[72.2601,21.7843],[72.271,21.7515],[72.2646,21.7404],[72.2526,21.761],[72.2471,21.791],[72.2188,21.8018],[72.2032,21.8249],[72.1893,21.8282],[72.1829,21.8238],[72.1949,21.8271],[72.2051,21.8224],[72.2154,21.8021],[72.2412,21.7874],[72.2471,21.7512],[72.2829,21.684],[72.2854,21.6649],[72.3026,21.644],[72.306,21.6285],[72.269,21.5738],[72.2538,21.5012],[72.2232,21.4387],[72.201,21.4126],[72.1765,21.3965],[72.1668,21.3765],[72.1215,21.3254],[72.109,21.3015],[72.109,21.2829],[72.1018,21.2779],[72.0904,21.289],[72.0863,21.3043],[72.0826,21.2954],[72.0762,21.3026],[72.0813,21.2935],[72.0751,21.2888],[72.0829,21.2915],[72.0888,21.2773],[72.0974,21.2771],[72.0982,21.264],[72.0851,21.2493],[72.0815,21.2518],[72.0818,21.2465],[72.091,21.2265],[72.1124,21.2226],[72.1051,21.2154],[72.1143,21.2118],[72.1104,21.2054],[72.1154,21.2021],[72.1137,21.1965],[72.0871,21.1904],[72.0749,21.1793],[72.064,21.1774],[72.0629,21.1726],[72.0557,21.174],[72.0465,21.159],[72.0415,21.1626],[72.0263,21.154],[72.0182,21.1543],[72.0099,21.1457],[72.0113,21.1351],[72.0076,21.1326],[71.9968,21.1474],[71.9996,21.1535],[72.0085,21.1562],[72.0062,21.1613],[72.0146,21.166],[72.0121,21.1707],[72.0238,21.1799],[72.0182,21.1882],[72.0107,21.186],[72.004,21.181],[72.0037,21.169],[71.9974,21.1649],[71.9932,21.1696],[71.9951,21.161],[71.9857,21.1568],[71.991,21.1526],[71.9915,21.1426],[71.9785,21.1354],[71.9857,21.1332],[71.974,21.129],[71.9768,21.121],[71.9643,21.1204],[71.9665,21.1232],[71.9601,21.1246],[71.9262,21.111],[71.8993,21.1093],[71.879,21.0896],[71.8696,21.0901],[71.8493,21.0765],[71.8426,21.0779],[71.8274,21.069],[71.8199,21.0721],[71.7968,21.0579],[71.8068,21.0379],[71.7918,21.0357],[71.7913,21.0396],[71.7782,21.0399],[71.7857,21.0318],[71.7651,21.0263],[71.764,21.0212],[71.7526,21.0229],[71.7393,21.0174],[71.7357,21.0207],[71.7288,21.0135],[71.7274,21.0212],[71.7193,21.0215],[71.6821,21.0043],[71.6796,20.9974],[71.6518,20.9971],[71.6385,20.9899],[71.636,20.9732],[71.621,20.9676],[71.6168,20.969],[71.6182,20.9746],[71.6126,20.9757],[71.6118,20.9674],[71.6035,20.9643],[71.5974,20.9674],[71.5921,20.9604],[71.581,20.959],[71.5796,20.954],[71.5457,20.9507],[71.534,20.9432],[71.5149,20.9482],[71.5065,20.9321],[71.5149,20.9212],[71.5082,20.9162],[71.4882,20.9149],[71.4851,20.9107],[71.4951,20.9076],[71.4826,20.9065],[71.4774,20.8901],[71.4626,20.881],[71.4485,20.8815],[71.4396,20.8693],[71.396,20.8651],[71.3887,20.8663],[71.391,20.8701],[71.3863,20.876],[71.3779,20.874],[71.3757,20.8707],[71.3818,20.8599],[71.3879,20.8604],[71.3846,20.8571],[71.3226,20.8463],[71.2962,20.8354],[71.2918,20.8288],[71.2801,20.8282],[71.2579,20.8157],[71.2388,20.8115],[71.2326,20.804],[71.209,20.8021],[71.2021,20.7885],[71.1557,20.7785],[71.1482,20.7657],[71.1568,20.7624],[71.1549,20.7593],[71.1235,20.754],[71.1154,20.7607],[71.0899,20.7574],[71.0751,20.7454],[71.0815,20.7385],[71.0504,20.731],[71.0349,20.7393],[71.011,20.7399],[70.994,20.7324],[70.9868,20.7221],[70.9837,20.7263],[70.999,20.7424],[70.9874,20.7457],[70.9715,20.7385],[70.961,20.741],[70.9546,20.7349],[70.9621,20.7351],[70.962,20.7292],[70.934,20.736],[70.8997,20.7239],[70.8921,20.7082],[70.884,20.7138],[70.8735,20.7099],[70.8737,20.7188],[70.8829,20.729],[70.9204,20.7368],[70.9137,20.7376],[70.9179,20.7438],[70.9112,20.7374],[70.8737,20.7271],[70.8635,20.7399],[70.8632,20.7549],[70.8546,20.7532],[70.8436,20.7604],[70.849,20.7656],[70.8673,20.7646],[70.8629,20.7818],[70.8674,20.7951],[70.8765,20.7888],[70.8939,20.7947],[70.8962,20.8248],[70.8833,20.8353],[70.8417,20.8324],[70.8362,20.8478],[70.817,20.8512],[70.8197,20.8577],[70.8405,20.8578],[70.8751,20.8689],[70.9002,20.8857],[70.9016,20.9033],[70.887,20.9452],[70.8802,20.9554],[70.855,20.9613],[70.846,20.9706],[70.8328,20.9685],[70.8215,20.9597],[70.8079,20.9644],[70.8033,20.9602],[70.7892,20.9599],[70.7768,20.9685],[70.771,20.9609],[70.7623,20.9656],[70.7465,20.989],[70.7355,20.9898],[70.7405,20.974],[70.7219,20.9442],[70.7176,20.9121],[70.6942,20.883],[70.679,20.844],[70.6763,20.8188],[70.6848,20.7918],[70.6752,20.7705],[70.6776,20.7648],[70.6626,20.7615],[70.6663,20.7524],[70.6565,20.7601],[70.6571,20.7646],[70.6146,20.7699],[70.6074,20.7774],[70.5854,20.7815],[70.571,20.7929],[70.5621,20.7926],[70.5535,20.8035],[70.5418,20.8015],[70.5107,20.821],[70.4887,20.8282],[70.4874,20.8343],[70.4765,20.8404],[70.469,20.8382],[70.4426,20.8543],[70.439,20.8526],[70.4112,20.8776],[70.4143,20.8824],[70.4196,20.8815],[70.4171,20.8871],[70.4168,20.8832],[70.4065,20.8826],[70.3935,20.8943],[70.371,20.9026],[70.3737,20.8949],[70.3512,20.9101],[70.3471,20.9151],[70.3512,20.9207],[70.3471,20.9215],[70.3451,20.9157],[70.3204,20.9276],[70.2515,20.979],[70.2396,20.9926],[70.2476,21.0004],[70.2382,20.9938],[70.2404,20.9996],[70.236,20.9962],[70.2262,20.999],[70.1421,21.0693],[70.1379,21.0779],[70.1401,21.0821],[70.1462,21.0807],[70.136,21.0857],[70.1329,21.0796],[70.1049,21.1057],[70.099,21.1051],[70.0321,21.174],[70.0382,21.1835],[70.0285,21.1788],[70.0088,21.1965],[69.7782,21.4579],[69.7876,21.4515],[69.7999,21.4521],[69.8046,21.4549],[69.801,21.4571],[69.8051,21.4638],[69.7957,21.4526],[69.7851,21.4538],[69.7782,21.4629],[69.7751,21.4599],[69.7129,21.5285],[69.711,21.5324],[69.7296,21.5421],[69.7265,21.5565],[69.7374,21.5624],[69.7493,21.5613],[69.7479,21.5749],[69.7643,21.5788],[69.7637,21.596],[69.7557,21.5938],[69.7518,21.6185],[69.7465,21.6221],[69.7438,21.636],[69.7371,21.6404],[69.7376,21.6504],[69.7315,21.6415],[69.7265,21.6415],[69.7307,21.6365],[69.7254,21.6324],[69.7149,21.6401],[69.7174,21.6332],[69.7135,21.6321],[69.7051,21.6474],[69.6862,21.6365],[69.6757,21.6388],[69.6915,21.6296],[69.7174,21.6026],[69.7162,21.599],[69.7015,21.6015],[69.6968,21.5929],[69.6932,21.6024],[69.7012,21.6032],[69.6918,21.6143],[69.6699,21.6257],[69.661,21.6246],[69.6326,21.6429],[69.6499,21.6268],[69.6671,21.6199],[69.686,21.5957],[69.7074,21.5882],[69.7235,21.5724],[69.7154,21.554],[69.7201,21.5435],[69.7107,21.5393],[69.6885,21.5501],[69.6021,21.6374],[69.5899,21.6374],[69.5932,21.6293],[69.5876,21.621],[69.591,21.6354],[69.5604,21.6554],[69.4707,21.741],[69.4321,21.7676],[69.376,21.8263],[69.3518,21.839],[69.2832,21.8946],[69.209,21.9665],[69.1974,21.9807],[69.2015,21.9846],[69.1904,21.986],[69.0863,22.1013],[69.0551,22.1285],[68.9812,22.2115],[68.969,22.2318],[68.9574,22.2377],[68.9526,22.2513],[68.9579,22.2579],[68.936,22.3101],[68.9426,22.3329],[68.9549,22.3346],[68.959,22.3518],[68.9568,22.3665],[68.9846,22.4143],[69.0065,22.4388],[69.0599,22.4674],[69.0674,22.4801],[69.0793,22.4793],[69.0854,22.4724],[69.0768,22.4646],[69.0735,22.4521],[69.0671,22.4518],[69.0437,22.4326],[69.0551,22.4104],[69.0693,22.3957],[69.0915,22.3946],[69.0985,22.3987],[69.0987,22.4082],[69.1026,22.4101],[69.1099,22.4101],[69.129,22.3979],[69.1307,22.4029],[69.1485,22.4026],[69.156,22.4121],[69.1699,22.4143],[69.1732,22.4182],[69.1693,22.4201],[69.1757,22.4243],[69.1829,22.421],[69.194,22.4237],[69.1937,22.4082],[69.2043,22.4018],[69.1979,22.3976],[69.1982,22.3876],[69.1882,22.386],[69.1787,22.3779],[69.1832,22.3729],[69.1735,22.3626],[69.1726,22.3576],[69.1779,22.3563],[69.1762,22.3476],[69.1676,22.3451],[69.1682,22.3265],[69.1579,22.3129],[69.1712,22.2926],[69.2026,22.2665],[69.2326,22.2579],[69.2421,22.2649],[69.2504,22.261],[69.249,22.2671],[69.2838,22.2721],[69.2951,22.2799],[69.2924,22.2863],[69.2962,22.2835],[69.2979,22.2876],[69.3199,22.2912],[69.3249,22.2954],[69.324,22.3038],[69.3313,22.3029],[69.3363,22.3082],[69.3379,22.3168],[69.3304,22.3276],[69.3343,22.3304],[69.3665,22.3221],[69.3646,22.3165],[69.3832,22.3224],[69.3863,22.3185],[69.3968,22.321],[69.4026,22.316],[69.4193,22.3157],[69.4543,22.3357],[69.4674,22.3301],[69.4885,22.3379],[69.4901,22.3557],[69.499,22.366],[69.516,22.3746],[69.5238,22.3857],[69.516,22.3951],[69.5151,22.4168],[69.504,22.4237],[69.4982,22.4357],[69.5071,22.4237],[69.5229,22.4265],[69.5329,22.419],[69.5362,22.4099],[69.5507,22.4049],[69.5532,22.3987],[69.5488,22.394],[69.556,22.3885],[69.5574,22.3754],[69.5504,22.3724],[69.5599,22.3668],[69.5618,22.3557],[69.5757,22.3685],[69.5829,22.3615],[69.5912,22.361],[69.5907,22.354],[69.5801,22.3474],[69.5788,22.3382],[69.5718,22.3343],[69.5757,22.319],[69.5729,22.3332],[69.5801,22.3376],[69.5818,22.3463],[69.5943,22.3524],[69.6021,22.3471],[69.6049,22.3513],[69.6074,22.3385],[69.609,22.3493],[69.6124,22.3404],[69.6068,22.3257],[69.6174,22.3463],[69.6179,22.3685],[69.6432,22.356],[69.6546,22.359],[69.656,22.3768],[69.664,22.3938],[69.6993,22.396],[69.6924,22.4199],[69.7021,22.4338],[69.6979,22.4429],[69.6718,22.4393],[69.6718,22.4507],[69.6749,22.4421],[69.6882,22.4443],[69.701,22.4574],[69.6999,22.4479],[69.7035,22.4471],[69.7099,22.4571],[69.7251,22.4646],[69.7224,22.4688],[69.7282,22.4738],[69.7404,22.459],[69.7401,22.449],[69.7349,22.4438],[69.7424,22.4396],[69.7446,22.4307],[69.7557,22.4262],[69.7596,22.4415],[69.7621,22.4321],[69.779,22.4126],[69.7976,22.3999],[69.811,22.4085],[69.829,22.4449],[69.806,22.4574],[69.7971,22.4571],[69.8051,22.4587],[69.8213,22.4521],[69.8276,22.4582],[69.8285,22.4515],[69.8326,22.451],[69.834,22.4746],[69.836,22.4579],[69.8415,22.4929],[69.8343,22.5007],[69.8432,22.4949],[69.8363,22.454],[69.8418,22.456],[69.8701,22.4465],[69.9004,22.4679],[69.914,22.4562],[69.9096,22.4671],[69.9126,22.4882],[69.9349,22.5126],[69.9407,22.5135],[69.9551,22.504],[69.9574,22.4954],[69.9554,22.5046],[69.959,22.5093],[69.9449,22.5149],[69.946,22.5285],[69.9735,22.5407],[69.9835,22.5421],[69.9832,22.5351],[69.9857,22.5415],[69.9762,22.5432],[69.9987,22.5474],[70.004,22.5443],[70.0268,22.551],[70.0235,22.5396],[70.034,22.5571],[70.0401,22.559],[70.039,22.5629],[70.0646,22.5468],[70.0726,22.5501],[70.0857,22.5449],[70.1218,22.5457],[70.1474,22.5535],[70.1629,22.5515],[70.1718,22.5579],[70.1882,22.5854],[70.1943,22.5829],[70.1943,22.6038],[70.2032,22.6054],[70.1951,22.6107],[70.1976,22.6171],[70.2085,22.6218],[70.2082,22.6254],[70.2115,22.6232],[70.2115,22.6299],[70.2199,22.6296],[70.2201,22.6346],[70.2138,22.634],[70.2179,22.6365],[70.2162,22.6415],[70.2193,22.6374],[70.226,22.6399],[70.2307,22.6496],[70.2351,22.6499],[70.229,22.6574],[70.2346,22.6551],[70.2349,22.6599],[70.2429,22.6626],[70.2407,22.6685],[70.2468,22.6718],[70.2387,22.6782],[70.2418,22.6818],[70.2454,22.6793],[70.2532,22.6929],[70.2518,22.6963],[70.239,22.696],[70.2385,22.7018],[70.2465,22.7115],[70.2493,22.7049],[70.2551,22.7065],[70.2535,22.7199],[70.2588,22.7265],[70.251,22.7246],[70.2557,22.729],[70.2529,22.7335],[70.2585,22.7301],[70.2646,22.7382],[70.276,22.7313],[70.2887,22.746],[70.2826,22.7488],[70.2935,22.7488],[70.2982,22.7574],[70.3032,22.7576],[70.3018,22.7668],[70.3054,22.7668],[70.3004,22.7707],[70.3071,22.7785],[70.3004,22.7782],[70.3129,22.7857],[70.3093,22.796],[70.3199,22.7965],[70.3163,22.7987],[70.3185,22.8054],[70.3215,22.8079],[70.3238,22.8032],[70.324,22.8101],[70.3374,22.8246],[70.339,22.8435],[70.3537,22.8707],[70.3851,22.9099],[70.4096,22.9207],[70.4135,22.9182],[70.4126,22.9229],[70.4235,22.9326],[70.4304,22.9579],[70.4426,22.9749],[70.4376,22.9751],[70.4543,22.9851],[70.4713,23.0118],[70.4935,23.0751],[70.4846,23.0774],[70.476,23.0696],[70.4374,23.0624],[70.4004,23.0299],[70.3962,23.0254],[70.3938,23.0015],[70.3826,22.9979],[70.3946,22.9954],[70.3935,22.9632],[70.3868,22.9482],[70.3476,22.9304],[70.3101,22.9415],[70.3074,22.9513],[70.291,22.9449],[70.2793,22.9488],[70.2376,22.9796],[70.2293,22.9771],[70.2271,22.966],[70.2062,22.9801],[70.1979,22.9985],[70.189,22.9976],[70.1862,22.9918],[70.1979,22.994],[70.2007,22.9815],[70.2243,22.9632],[70.2199,22.9565],[70.1979,22.9501],[70.1735,22.9507],[70.1618,22.9426],[70.1324,22.961],[70.1232,22.9607],[70.1204,22.9685],[70.134,22.9849],[70.129,22.9921],[70.1435,23.009],[70.1532,23.0296],[70.1299,23.0007],[70.1232,22.9821],[70.1126,22.9735],[70.111,22.9601],[70.1265,22.9465],[70.1096,22.9524],[70.1012,22.9418],[70.091,22.9526],[70.0999,22.9382],[70.1113,22.9496],[70.139,22.9413],[70.1385,22.9318],[70.1321,22.9246],[70.106,22.909],[70.0546,22.9043],[70.0326,22.8954],[70.024,22.9015],[70.0074,22.8993],[69.996,22.9029],[69.9371,22.8932],[69.934,22.8851],[69.9057,22.8662],[69.8668,22.8729],[69.8574,22.8696],[69.8621,22.8585],[69.8538,22.8682],[69.8168,22.8521],[69.7985,22.8507],[69.7732,22.8335],[69.7746,22.8307],[69.7526,22.8199],[69.7446,22.8035],[69.7468,22.7938],[69.7201,22.7624],[69.714,22.7515],[69.7162,22.7413],[69.7085,22.7388],[69.7068,22.7307],[69.7101,22.7299],[69.7051,22.7279],[69.706,22.7404],[69.6929,22.7429],[69.6735,22.7571],[69.6626,22.7565],[69.6668,22.7774],[69.6593,22.7565],[69.6432,22.7657],[69.6338,22.7954],[69.6346,22.7774],[69.6413,22.7665],[69.6296,22.7635],[69.6093,22.7671],[69.6085,22.7615],[69.601,22.759],[69.5632,22.7737],[69.5526,22.7857],[69.5551,22.7924],[69.5446,22.7857],[69.516,22.791],[69.4846,22.7879],[69.494,22.7815],[69.4696,22.7737],[69.4465,22.7801],[69.3913,22.8135],[69.3613,22.8226],[69.3521,22.8176],[69.3557,22.8288],[69.3485,22.8204],[69.3143,22.8326],[69.2668,22.824],[69.2307,22.8346],[69.2285,22.8424],[69.2232,22.836],[69.1907,22.8412],[69.1612,22.8604],[69.129,22.874],[69.0446,22.9296],[68.9704,22.9638],[68.9118,22.9993],[68.901,23.011],[68.9037,23.0054],[68.8374,23.0426],[68.8165,23.0568],[68.8235,23.0546],[68.8143,23.0593],[68.8146,23.0674],[68.8149,23.0632],[68.8082,23.0607],[68.7593,23.0804],[68.7135,23.1185],[68.659,23.1499],[68.6312,23.1774],[68.646,23.1674],[68.6554,23.1537],[68.6815,23.1418],[68.6668,23.1529],[68.656,23.1551],[68.639,23.1821],[68.6265,23.1857],[68.5915,23.214],[68.584,23.2249],[68.5854,23.2346],[68.599,23.2404],[68.6012,23.2185],[68.609,23.221],[68.6307,23.2132],[68.6287,23.2176],[68.6399,23.2224],[68.629,23.2249],[68.624,23.2207],[68.6237,23.2263],[68.621,23.2224],[68.6188,23.2251],[68.619,23.2199],[68.6038,23.2429],[68.6307,23.2432],[68.6282,23.2471],[68.6404,23.2446],[68.6432,23.2474],[68.6393,23.2499],[68.6457,23.251],[68.6476,23.2574],[68.6718,23.2701],[68.6563,23.2721],[68.6407,23.2665],[68.6301,23.2957],[68.6568,23.2949],[68.6843,23.3004],[68.696,23.3074],[68.724,23.2954],[68.7351,23.3085],[68.7482,23.304],[68.7582,23.3304],[68.7468,23.3057],[68.7343,23.309],[68.724,23.2971],[68.714,23.2999],[68.7135,23.3043],[68.7185,23.3046],[68.7135,23.3054],[68.7085,23.3149],[68.6924,23.3085],[68.6765,23.3085],[68.6774,23.3051],[68.6751,23.3082],[68.6738,23.3038],[68.6588,23.3035],[68.6607,23.3199],[68.6687,23.3254],[68.659,23.3232],[68.6568,23.3032],[68.6501,23.3043],[68.6446,23.3226],[68.6357,23.3165],[68.6326,23.324],[68.6376,23.3313],[68.6335,23.3293],[68.6338,23.3346],[68.6246,23.339],[68.6257,23.3463],[68.6338,23.3393],[68.6371,23.3463],[68.6324,23.3524],[68.6254,23.354],[68.6229,23.3504],[68.6224,23.3571],[68.6146,23.359],[68.6132,23.3651],[68.6196,23.3654],[68.6087,23.3707],[68.6032,23.3771],[68.606,23.381],[68.596,23.3821],[68.6057,23.3635],[68.6024,23.3593],[68.581,23.3899],[68.5785,23.386],[68.5729,23.3918],[68.5682,23.3882],[68.5774,23.3832],[68.5796,23.376],[68.5707,23.3751],[68.5587,23.3868],[68.5579,23.3951],[68.5629,23.391],[68.5646,23.4001],[68.5607,23.4188],[68.5551,23.4201],[68.5521,23.4151],[68.5437,23.4204],[68.5501,23.4232],[68.5357,23.4212],[68.5326,23.4335],[68.5379,23.4243],[68.541,23.4257],[68.5163,23.4751],[68.5124,23.4679],[68.5174,23.4682],[68.5188,23.4551],[68.521,23.4593],[68.5249,23.4554],[68.5232,23.4465],[68.5154,23.4579],[68.5129,23.4529],[68.5132,23.4574],[68.5104,23.4551],[68.5024,23.4654],[68.5049,23.4676],[68.5085,23.4626],[68.5121,23.466],[68.5115,23.4738],[68.5046,23.4715],[68.5004,23.476],[68.5024,23.4918],[68.5129,23.4849],[68.5188,23.4896],[68.5129,23.4876],[68.5146,23.4929],[68.499,23.494],[68.5038,23.506],[68.5001,23.4985],[68.4918,23.501],[68.499,23.5151],[68.4946,23.5165],[68.4957,23.5249],[68.484,23.5493],[68.4974,23.5474],[68.4938,23.5493],[68.4865,23.5929],[68.4949,23.6076],[68.4887,23.6324],[68.499,23.6443],[68.4968,23.6529],[68.5174,23.6607],[68.5232,23.6513],[68.5287,23.6596],[68.5385,23.6615],[68.5299,23.6621],[68.524,23.6532],[68.5201,23.6546],[68.5174,23.6635],[68.5263,23.6763],[68.5249,23.6907],[68.5357,23.6893],[68.5462,23.6968],[68.559,23.7196],[68.5713,23.7249],[68.5776,23.7201],[68.5804,23.7288],[68.5954,23.7301],[68.6035,23.7488],[68.6326,23.7579],[68.6507,23.7938],[68.6663,23.8085],[68.6754,23.811],[68.6779,23.8076],[68.6774,23.8143],[68.6874,23.8218],[68.7185,23.826],[68.7426,23.8371],[68.7432,23.8438],[68.7276,23.831],[68.7221,23.8318],[68.7371,23.8432],[68.7257,23.8463],[68.729,23.8549],[68.7468,23.8599],[68.7462,23.8663],[68.7613,23.8749],[68.7162,23.8574],[68.6837,23.8618],[68.6601,23.8585],[68.6657,23.8518],[68.6554,23.846],[68.6482,23.8479],[68.6499,23.844],[68.6449,23.8463],[68.6468,23.8396],[68.6374,23.836],[68.6049,23.8382],[68.6001,23.8454],[68.6038,23.8501],[68.5987,23.8474],[68.6001,23.8396],[68.5879,23.8363],[68.5762,23.8235],[68.5646,23.7979],[68.5349,23.7568],[68.5251,23.759],[68.5263,23.7735],[68.5154,23.7854],[68.5179,23.7954],[68.5313,23.8004],[68.5374,23.8151],[68.531,23.8021],[68.526,23.8021],[68.5229,23.8171],[68.5151,23.8249],[68.5343,23.8279],[68.5474,23.8365],[68.5729,23.881],[68.6135,23.9032],[68.6385,23.8949],[68.636,23.8974],[68.6632,23.9174],[68.6601,23.9221],[68.6382,23.9032],[68.6199,23.9065],[68.6176,23.9129],[68.6224,23.9274],[68.6143,23.9226],[68.6093,23.9338],[68.596,23.9418],[68.5874,23.9407],[68.5885,23.9224],[68.5587,23.924],[68.5593,23.9318],[68.5437,23.9351],[68.5374,23.9468],[68.5468,23.9632],[68.7492,23.962],[68.7509,24],[68.7596,24.0358],[68.7641,24.2841],[68.7727,24.2941],[68.8264,24.3084],[68.8321,24.2993],[68.8359,24.2499],[68.8477,24.2084],[68.864,24.2052],[68.8696,24.209],[68.8724,24.2007],[68.8875,24.1959],[68.8979,24.1989],[68.9041,24.2092],[68.922,24.2587],[68.9472,24.2766],[68.9706,24.2375],[68.9863,24.2263],[69.0005,24.2259],[69.0929,24.2691],[69.1998,24.2352],[69.2749,24.2688],[69.3103,24.2767],[69.3619,24.2662],[69.4316,24.2737],[69.5012,24.255],[69.6007,24.2778],[69.6812,24.2051],[69.7246,24.1751],[69.8703,24.1647],[70.0006,24.1664],[70.0241,24.1694],[70.0593,24.1928],[70.0883,24.2352],[70.1101,24.2849],[70.119,24.2907],[70.2371,24.3173],[70.3256,24.3474],[70.3703,24.3535],[70.4596,24.387],[70.5749,24.4203],[70.6119,24.4005],[70.592,24.3586],[70.5721,24.3445],[70.5812,24.316],[70.5874,24.3101],[70.5723,24.2936],[70.5878,24.2854],[70.5724,24.2649],[70.5742,24.2523],[70.5936,24.2403],[70.6138,24.2394],[70.6553,24.2251],[70.7258,24.2209],[70.8058,24.2227],[70.8372,24.2345],[70.8537,24.2474],[70.8941,24.2571],[70.9011,24.2627],[70.8871,24.2724],[70.8851,24.2908],[70.9154,24.3095],[70.9597,24.3462],[70.9741,24.3483],[70.9984,24.3606],[71.013,24.3469],[71.0472,24.3473],[71.0664,24.3557],[71.0883,24.3815],[71.1221,24.3909],[71.1318,24.4018],[71.1341,24.4138],[71.119,24.431],[71.0931,24.4359],[71.0286,24.4334],[71.0076,24.4422],[71.0153,24.5228],[70.9983,24.5413],[71.0034,24.5665],[70.9986,24.5847],[71.0006,24.5992],[71.0205,24.6305],[71.0608,24.6464],[71.1071,24.6807],[71.1193,24.6687],[71.1467,24.658],[71.2977,24.6076],[71.3216,24.6403],[71.351,24.6532],[71.3567,24.6541],[71.3677,24.6273],[71.3831,24.6217],[71.3898,24.6282],[71.3996,24.627],[71.407,24.6347],[71.4223,24.6381],[71.4515,24.6588],[71.4742,24.6632],[71.4883,24.6739],[71.537,24.6789],[71.5514,24.6706],[71.5831,24.6765],[71.5978,24.6639],[71.6166,24.6707],[71.6406,24.6561],[71.6503,24.6399],[71.6616,24.6333],[71.7163,24.6543],[71.7458,24.6543],[71.799,24.6705],[71.8091,24.6659],[71.8151,24.6547],[71.8174,24.6459],[71.8118,24.6218],[71.8214,24.6166],[71.8466,24.6149],[71.8584,24.6042],[71.8687,24.6235],[71.8628,24.6548],[71.8765,24.6752],[71.8938,24.6658],[71.9201,24.6674],[71.926,24.6587],[71.9172,24.6509],[71.9188,24.6462],[71.9345,24.6269],[71.9442,24.6268],[71.9932,24.6531],[71.9899,24.667],[72.0011,24.683],[72.0409,24.6955],[72.0525,24.7058],[72.0853,24.697],[72.0923,24.6748],[72.0824,24.6685],[72.0849,24.6528],[72.1019,24.6433]]]]}},{"type":"Feature","id":"Haryana","properties":{"name":"Haryana","type":"State","code":""},"geometry":{"type":"Polygon","coordinates":[[[76.8372,30.8789],[76.8524,30.8707],[76.9022,30.8972],[76.9266,30.8544],[76.9275,30.8374],[76.9428,30.8292],[76.9538,30.8112],[76.9686,30.808],[76.9791,30.7988],[76.9885,30.815],[76.9927,30.8183],[76.998,30.8143],[77,30.789],[76.9886,30.7771],[77.0045,30.7664],[77.0047,30.7525],[77.0131,30.7422],[77.0283,30.7434],[77.0337,30.7554],[77.055,30.7467],[77.0768,30.7448],[77.1023,30.7308],[77.0999,30.7223],[77.1174,30.7179],[77.1251,30.7071],[77.1535,30.6887],[77.1502,30.6846],[77.1552,30.6681],[77.1527,30.6542],[77.1624,30.6387],[77.1575,30.5996],[77.1398,30.5832],[77.1115,30.5673],[77.1311,30.5415],[77.1853,30.5259],[77.1997,30.5066],[77.199,30.4845],[77.2026,30.4803],[77.2268,30.4886],[77.2518,30.4844],[77.2636,30.4667],[77.3107,30.4536],[77.3263,30.4632],[77.3461,30.4619],[77.3568,30.4421],[77.3804,30.4461],[77.3819,30.4393],[77.3941,30.4343],[77.3955,30.4209],[77.4006,30.4188],[77.4457,30.4657],[77.4505,30.4652],[77.4563,30.4582],[77.4533,30.4404],[77.4397,30.4244],[77.4159,30.4128],[77.4164,30.4084],[77.435,30.4037],[77.461,30.4054],[77.4826,30.4152],[77.4868,30.4126],[77.4929,30.433],[77.5099,30.4488],[77.5258,30.4171],[77.5429,30.3972],[77.5653,30.3849],[77.5844,30.3814],[77.592,30.3709],[77.5699,30.3371],[77.575,30.3261],[77.5704,30.3112],[77.5268,30.2823],[77.5198,30.2601],[77.496,30.2336],[77.4733,30.1886],[77.456,30.181],[77.4468,30.1686],[77.4235,30.1685],[77.4153,30.1567],[77.4108,30.1459],[77.4178,30.1412],[77.4155,30.1335],[77.4087,30.1232],[77.398,30.1187],[77.4006,30.1133],[77.4142,30.1111],[77.4144,30.1071],[77.3967,30.0958],[77.3685,30.0916],[77.3317,30.0645],[77.2861,30.0575],[77.2704,30.0483],[77.2731,30.034],[77.2632,30.0022],[77.2505,29.9885],[77.2355,29.9812],[77.2296,29.9619],[77.1891,29.922],[77.1802,29.9062],[77.1849,29.8949],[77.1825,29.8733],[77.1676,29.8464],[77.169,29.8296],[77.154,29.8138],[77.1524,29.7933],[77.132,29.779],[77.1183,29.7756],[77.117,29.7709],[77.1189,29.7642],[77.113,29.7486],[77.1226,29.7428],[77.1226,29.736],[77.1402,29.7173],[77.1433,29.706],[77.1426,29.7016],[77.1211,29.6916],[77.12,29.6803],[77.1313,29.663],[77.1097,29.6472],[77.1011,29.6331],[77.1005,29.6223],[77.0856,29.6008],[77.102,29.577],[77.1097,29.553],[77.0894,29.5447],[77.0849,29.5336],[77.0976,29.512],[77.1199,29.4973],[77.1233,29.4861],[77.1154,29.4754],[77.1143,29.4619],[77.1394,29.4421],[77.1249,29.4222],[77.1259,29.4106],[77.1291,29.4025],[77.1468,29.3898],[77.1169,29.3767],[77.12,29.3498],[77.1276,29.3443],[77.1464,29.3451],[77.1539,29.3355],[77.15,29.3317],[77.1542,29.3169],[77.1295,29.2728],[77.144,29.2433],[77.1428,29.2378],[77.1252,29.2249],[77.1362,29.2075],[77.14,29.1821],[77.1273,29.1629],[77.1266,29.154],[77.1386,29.1348],[77.122,29.1058],[77.1572,29.0775],[77.1626,29.0486],[77.214,29.0067],[77.1901,28.9557],[77.1908,28.9469],[77.2054,28.9365],[77.1968,28.9209],[77.2215,28.9081],[77.2212,28.9041],[77.2053,28.8946],[77.1818,28.8898],[77.1783,28.88],[77.1869,28.8668],[77.1836,28.8623],[77.1646,28.8606],[77.1424,28.8425],[77.1338,28.8447],[77.1351,28.8585],[77.1285,28.8654],[77.1097,28.8661],[77.0834,28.8746],[77.0759,28.8845],[77.0657,28.873],[77.0498,28.8732],[77.0315,28.8368],[76.9835,28.8391],[76.9737,28.8258],[76.9608,28.8317],[76.9558,28.82],[76.9423,28.8207],[76.9375,28.8035],[76.9466,28.774],[76.9382,28.7596],[76.9503,28.7467],[76.9507,28.7365],[76.9413,28.717],[76.9546,28.7054],[76.9473,28.6772],[76.9297,28.6744],[76.9175,28.6573],[76.9339,28.6377],[76.9237,28.6287],[76.9103,28.6378],[76.8973,28.6328],[76.8779,28.6376],[76.8548,28.5924],[76.835,28.5914],[76.8329,28.5825],[76.8376,28.557],[76.8567,28.5478],[76.8763,28.5284],[76.8795,28.524],[76.8738,28.5144],[76.8794,28.5091],[76.8975,28.5178],[76.9085,28.5149],[76.9227,28.5193],[76.9446,28.5136],[76.9685,28.5276],[77.0055,28.5144],[77.0114,28.5241],[76.9959,28.5369],[77.0061,28.5428],[77.0488,28.5152],[77.0725,28.5203],[77.1077,28.4939],[77.1027,28.4704],[77.1183,28.4424],[77.1424,28.4357],[77.1658,28.4085],[77.2153,28.4157],[77.2406,28.4289],[77.2433,28.4475],[77.2257,28.464],[77.2427,28.4846],[77.254,28.4855],[77.2781,28.4982],[77.3069,28.4907],[77.3345,28.5111],[77.3605,28.4979],[77.3641,28.4857],[77.376,28.4762],[77.3979,28.4712],[77.4,28.4667],[77.3948,28.4628],[77.3978,28.4586],[77.4258,28.4545],[77.436,28.4316],[77.4746,28.4135],[77.4739,28.4038],[77.4668,28.3997],[77.4859,28.3797],[77.4942,28.3583],[77.4638,28.338],[77.4958,28.307],[77.4948,28.2926],[77.4927,28.2806],[77.4648,28.2774],[77.4673,28.2697],[77.4871,28.2618],[77.5123,28.2543],[77.5388,28.2544],[77.5412,28.2477],[77.5356,28.2405],[77.5156,28.2298],[77.5233,28.2072],[77.5191,28.2018],[77.4976,28.213],[77.4891,28.212],[77.4921,28.1851],[77.5015,28.1872],[77.5057,28.1955],[77.5379,28.1909],[77.5424,28.1817],[77.5318,28.1703],[77.4964,28.1599],[77.4953,28.1458],[77.4873,28.1414],[77.4985,28.1357],[77.4996,28.1274],[77.4914,28.1127],[77.4923,28.098],[77.486,28.0974],[77.4828,28.1079],[77.4782,28.108],[77.4731,28.1037],[77.4689,28.086],[77.4829,28.0607],[77.4791,28.0442],[77.4897,28.0393],[77.5065,28.0223],[77.5119,28.0103],[77.5352,27.9933],[77.5096,27.9733],[77.515,27.9655],[77.5359,27.9655],[77.5361,27.9493],[77.5192,27.9319],[77.5112,27.9374],[77.4954,27.9308],[77.4847,27.9439],[77.4777,27.9402],[77.4685,27.9319],[77.4746,27.9121],[77.4698,27.8947],[77.4458,27.8784],[77.4222,27.8945],[77.4123,27.8962],[77.4016,27.8819],[77.4124,27.8591],[77.3739,27.8637],[77.3526,27.8564],[77.3393,27.8596],[77.3292,27.852],[77.3241,27.8409],[77.3273,27.8377],[77.3129,27.8301],[77.2889,27.8291],[77.2897,27.8178],[77.2771,27.8067],[77.2625,27.8161],[77.2528,27.7976],[77.2346,27.7858],[77.2272,27.7887],[77.2269,27.7961],[77.2168,27.7955],[77.2068,27.8011],[77.1938,27.8219],[77.1875,27.815],[77.1889,27.7984],[77.1687,27.7849],[77.1622,27.7906],[77.1807,27.8087],[77.1724,27.8163],[77.1506,27.8156],[77.1514,27.7918],[77.1265,27.7765],[77.12,27.7895],[77.1012,27.7855],[77.0766,27.8015],[77.0724,27.8095],[77.0383,27.82],[77.024,27.7982],[77.0207,27.7781],[77.0284,27.7803],[77.0394,27.7749],[77.0501,27.761],[77.0673,27.7638],[77.0792,27.7384],[77.0532,27.7279],[77.0289,27.7494],[77.0114,27.7465],[77.0034,27.7386],[76.9935,27.7417],[76.9791,27.7062],[76.9705,27.6571],[76.9342,27.6751],[76.9239,27.6607],[76.9054,27.656],[76.8916,27.6799],[76.8967,27.686],[76.8947,27.6897],[76.8809,27.6994],[76.8828,27.7034],[76.9003,27.6946],[76.9146,27.7008],[76.9028,27.7164],[76.8833,27.7244],[76.8906,27.742],[76.8936,27.7793],[76.9066,27.8077],[76.9011,27.8254],[76.9079,27.8359],[76.9266,27.8342],[76.9299,27.8552],[76.9261,27.8944],[76.9382,27.896],[76.9388,27.919],[76.9213,27.9211],[76.9191,27.9249],[76.9249,27.9784],[76.9186,27.9976],[76.9266,28.0125],[76.9336,28.0481],[76.9466,28.0713],[76.9618,28.144],[76.9417,28.1487],[76.9416,28.1552],[76.9211,28.1623],[76.8991,28.1793],[76.8839,28.1947],[76.8998,28.2048],[76.8867,28.2105],[76.8662,28.2115],[76.8636,28.2246],[76.8334,28.2249],[76.8238,28.2147],[76.8058,28.2159],[76.8014,28.2116],[76.8056,28.2004],[76.8026,28.1961],[76.7979,28.1944],[76.7938,28.1996],[76.7903,28.1938],[76.7961,28.1705],[76.7915,28.1572],[76.7551,28.1466],[76.7391,28.129],[76.71,28.1324],[76.6988,28.1157],[76.6902,28.1148],[76.6822,28.0978],[76.6512,28.0968],[76.6479,28.0677],[76.651,28.0445],[76.6615,28.0293],[76.6601,28.0191],[76.6369,28.0107],[76.599,28.0098],[76.5675,27.9836],[76.5382,27.9705],[76.531,27.9793],[76.5385,28.0054],[76.5355,28.0257],[76.5385,28.0391],[76.5259,28.0454],[76.5052,28.035],[76.4922,28.0471],[76.4617,28.0446],[76.4537,28.0497],[76.458,28.062],[76.4838,28.0583],[76.4977,28.0647],[76.4699,28.0863],[76.4588,28.085],[76.4486,28.0932],[76.4609,28.1119],[76.4725,28.1127],[76.4773,28.106],[76.4978,28.1066],[76.4981,28.1225],[76.4869,28.1228],[76.4897,28.1337],[76.47,28.1385],[76.471,28.1547],[76.4371,28.1522],[76.4273,28.1459],[76.397,28.1478],[76.393,28.1411],[76.3768,28.1381],[76.3598,28.1434],[76.3532,28.1662],[76.3359,28.1773],[76.305,28.1839],[76.2889,28.1827],[76.2791,28.1787],[76.2782,28.1686],[76.2985,28.1625],[76.2951,28.1571],[76.3016,28.151],[76.3173,28.1531],[76.331,28.139],[76.3556,28.1285],[76.3395,28.1097],[76.3319,28.1067],[76.308,28.1113],[76.2974,28.101],[76.3249,28.0922],[76.3373,28.0731],[76.3546,28.0742],[76.3368,28.0297],[76.3166,28.021],[76.2972,28.026],[76.2901,28.0299],[76.2901,28.0491],[76.2649,28.0687],[76.2436,28.0689],[76.2334,28.0564],[76.2259,28.0552],[76.2083,28.0556],[76.1999,28.0608],[76.1773,28.0593],[76.1769,28.049],[76.1934,28.0352],[76.2042,28.0423],[76.2136,28.0402],[76.2138,28.0317],[76.2035,28.0304],[76.1959,28.0217],[76.1743,28.0219],[76.1549,27.999],[76.1539,27.9925],[76.1625,27.9883],[76.161,27.9801],[76.1795,27.9728],[76.1665,27.9151],[76.1697,27.9098],[76.1986,27.899],[76.1998,27.8881],[76.189,27.8764],[76.1931,27.8639],[76.2051,27.8555],[76.2059,27.848],[76.2233,27.8409],[76.2077,27.8285],[76.1941,27.8312],[76.1729,27.8075],[76.1278,27.8332],[76.1285,27.8469],[76.1221,27.8544],[76.0881,27.8684],[76.0801,27.8511],[76.06,27.8572],[76.0496,27.8479],[76.0093,27.8626],[76.0052,27.8574],[75.9631,27.8647],[75.9643,27.8715],[75.9735,27.8775],[75.9752,27.8931],[75.9672,27.8993],[75.9774,27.9093],[75.9559,27.9196],[75.9288,27.9168],[75.9236,27.9331],[75.9385,27.9511],[75.9446,27.9401],[75.9632,27.937],[75.9732,27.958],[75.9683,27.9623],[75.9869,27.9846],[75.9555,27.9886],[75.9564,28.001],[75.9799,28.0015],[75.9891,28.0043],[75.9905,28.0102],[75.9727,28.0181],[75.97,28.0309],[75.9805,28.0387],[76.0101,28.0367],[76.0109,28.047],[76.0054,28.0545],[76.0167,28.0561],[76.0356,28.074],[76.0312,28.0839],[76.0156,28.0889],[76.0019,28.0607],[75.9846,28.0507],[75.9746,28.0571],[75.9876,28.0706],[75.9821,28.0802],[75.9361,28.0935],[75.9474,28.1097],[75.9771,28.1272],[75.9911,28.1282],[75.9957,28.1353],[75.9947,28.1506],[75.9998,28.1564],[76.0112,28.1577],[76.0277,28.1727],[76.0664,28.1678],[76.0651,28.1445],[76.0879,28.1435],[76.0929,28.1552],[76.0748,28.1724],[76.0656,28.199],[76.0451,28.2029],[76.053,28.2242],[76.0363,28.2271],[76.0112,28.2418],[76.0074,28.2532],[76.0187,28.281],[75.9866,28.2959],[75.9676,28.3241],[75.9547,28.3185],[75.9514,28.3335],[75.9563,28.3384],[75.9274,28.3451],[75.9284,28.356],[75.9224,28.3689],[75.8971,28.3801],[75.8969,28.39],[75.8892,28.3937],[75.8835,28.392],[75.8832,28.3867],[75.8351,28.3977],[75.8282,28.4091],[75.8181,28.4059],[75.8167,28.4115],[75.8026,28.4142],[75.7876,28.4044],[75.7703,28.4076],[75.7655,28.4208],[75.7851,28.4392],[75.7852,28.4507],[75.7782,28.4576],[75.735,28.4726],[75.7365,28.4872],[75.6901,28.4991],[75.6639,28.5209],[75.6633,28.5361],[75.6367,28.5475],[75.6291,28.546],[75.6181,28.6022],[75.585,28.6064],[75.577,28.6167],[75.5557,28.6146],[75.549,28.6431],[75.5396,28.6489],[75.5398,28.676],[75.526,28.7429],[75.5289,28.7503],[75.5161,28.7722],[75.4985,28.7877],[75.5134,28.8366],[75.4977,28.8562],[75.488,28.8597],[75.4884,28.8983],[75.4671,28.9263],[75.4689,28.938],[75.4976,28.9415],[75.5035,28.9518],[75.5029,28.9615],[75.5165,28.9754],[75.5111,29.0108],[75.4734,29.0202],[75.4347,29.0165],[75.4326,29.0221],[75.4406,29.0415],[75.4298,29.0562],[75.4303,29.0647],[75.3807,29.0703],[75.3807,29.1107],[75.3962,29.1284],[75.3612,29.1426],[75.3676,29.1504],[75.369,29.17],[75.3886,29.1707],[75.4007,29.1889],[75.3965,29.2134],[75.3861,29.2212],[75.3873,29.229],[75.3994,29.2403],[75.3957,29.2619],[75.3795,29.2639],[75.358,29.2546],[75.3502,29.2474],[75.3453,29.2262],[75.3149,29.236],[75.3232,29.2518],[75.3254,29.2783],[75.3242,29.2902],[75.3193,29.2934],[75.2897,29.2777],[75.2794,29.2768],[75.2717,29.2544],[75.2495,29.2565],[75.2352,29.2519],[75.2235,29.235],[75.212,29.2345],[75.1953,29.2442],[75.18,29.2686],[75.164,29.2644],[75.1608,29.2538],[75.1475,29.2459],[75.1137,29.2429],[75.1082,29.2268],[75.0781,29.2325],[75.0627,29.2389],[75.0653,29.2466],[75.0509,29.2637],[75.0505,29.2724],[75.0399,29.2871],[75.0239,29.2915],[74.991,29.2717],[74.9769,29.2811],[74.9531,29.2819],[74.9401,29.3048],[74.9506,29.3185],[74.951,29.3261],[74.9359,29.338],[74.9271,29.3646],[74.8885,29.3867],[74.8706,29.3851],[74.8639,29.3964],[74.8411,29.4041],[74.8095,29.3985],[74.7759,29.3602],[74.7566,29.356],[74.7317,29.3538],[74.7112,29.3689],[74.6887,29.3652],[74.6502,29.3724],[74.6418,29.3312],[74.5958,29.3283],[74.6,29.3543],[74.5967,29.3622],[74.5729,29.3865],[74.57,29.4062],[74.5578,29.4186],[74.5313,29.425],[74.5291,29.4495],[74.5346,29.465],[74.5428,29.4666],[74.5789,29.4586],[74.5916,29.4799],[74.5927,29.4921],[74.6144,29.5271],[74.5818,29.5477],[74.5665,29.5635],[74.5706,29.5685],[74.5754,29.6273],[74.586,29.6353],[74.5785,29.6548],[74.6035,29.7214],[74.6016,29.7407],[74.6054,29.7529],[74.5866,29.7685],[74.5782,29.767],[74.5714,29.7532],[74.5378,29.7539],[74.5258,29.7414],[74.472,29.744],[74.4653,29.7876],[74.4706,29.802],[74.4917,29.8265],[74.5325,29.8393],[74.5536,29.8656],[74.5337,29.9026],[74.505,29.9078],[74.5246,29.9516],[74.552,29.9292],[74.573,29.9259],[74.5858,29.9148],[74.647,29.9047],[74.6389,29.9145],[74.6399,29.9225],[74.681,29.9492],[74.6832,29.9611],[74.6908,29.9693],[74.6974,29.9711],[74.724,29.9619],[74.7372,29.969],[74.776,29.9744],[74.8012,29.9926],[74.8167,29.9845],[74.8214,29.9731],[74.8496,29.9591],[74.872,29.9591],[74.8815,29.9683],[74.8944,29.9529],[74.8852,29.9391],[74.9157,29.9492],[74.9241,29.9415],[74.9432,29.9025],[74.9699,29.8899],[74.9695,29.8807],[74.9899,29.8565],[74.9941,29.8632],[75.0057,29.8676],[75.0141,29.8646],[75.0375,29.8818],[75.0518,29.8749],[75.0655,29.879],[75.0777,29.9123],[75.0848,29.9151],[75.1027,29.897],[75.1042,29.8732],[75.0847,29.8586],[75.0813,29.8494],[75.1041,29.838],[75.1071,29.8265],[75.0933,29.8193],[75.0902,29.8067],[75.1023,29.8026],[75.1249,29.8056],[75.1355,29.7804],[75.1417,29.777],[75.1541,29.781],[75.1592,29.7842],[75.1489,29.7961],[75.1554,29.8198],[75.1752,29.8295],[75.1823,29.8387],[75.2009,29.83],[75.198,29.7962],[75.2124,29.7865],[75.2167,29.7715],[75.231,29.7521],[75.2214,29.7331],[75.2166,29.73],[75.2062,29.7353],[75.1937,29.7252],[75.1872,29.7119],[75.1884,29.7037],[75.1977,29.6965],[75.1953,29.6878],[75.1889,29.6808],[75.1589,29.6694],[75.1578,29.6627],[75.1733,29.6495],[75.1733,29.6301],[75.1847,29.6225],[75.1994,29.6227],[75.2212,29.6066],[75.2232,29.5989],[75.2112,29.5824],[75.2179,29.5785],[75.2282,29.5586],[75.2235,29.5462],[75.2906,29.5618],[75.2961,29.5681],[75.3045,29.5885],[75.2804,29.6033],[75.2806,29.6101],[75.3075,29.6326],[75.3177,29.6707],[75.3301,29.6723],[75.3504,29.6593],[75.3338,29.6881],[75.3354,29.6939],[75.3586,29.7058],[75.3619,29.7129],[75.3788,29.7113],[75.3837,29.734],[75.3968,29.7487],[75.3972,29.761],[75.41,29.7753],[75.4198,29.7744],[75.4438,29.7862],[75.4432,29.7942],[75.4355,29.7988],[75.4443,29.8079],[75.5063,29.7741],[75.5117,29.7601],[75.5302,29.7727],[75.5564,29.7658],[75.5631,29.7442],[75.5688,29.7426],[75.5927,29.7492],[75.6132,29.7465],[75.6226,29.7536],[75.6254,29.7732],[75.6409,29.7711],[75.6564,29.7761],[75.6662,29.7727],[75.6874,29.7518],[75.6974,29.7552],[75.7059,29.8086],[75.7099,29.8123],[75.7484,29.8121],[75.7716,29.8254],[75.7961,29.8071],[75.82,29.8154],[75.829,29.8123],[75.8293,29.8007],[75.8436,29.776],[75.8546,29.7697],[75.8638,29.7523],[75.8793,29.7471],[75.8972,29.7555],[75.9031,29.7463],[75.9231,29.7349],[75.9649,29.7314],[76.0176,29.7561],[76.0357,29.7467],[76.0415,29.7488],[76.0584,29.7731],[76.0743,29.7812],[76.0777,29.8058],[76.0944,29.8116],[76.1164,29.7964],[76.1393,29.8168],[76.1667,29.8183],[76.1858,29.8312],[76.1942,29.845],[76.2111,29.8432],[76.2118,29.8531],[76.2285,29.8545],[76.242,29.869],[76.2253,29.8851],[76.1974,29.884],[76.1846,29.8886],[76.182,29.9232],[76.1715,29.9232],[76.1663,29.9287],[76.1789,29.9463],[76.2039,29.9441],[76.1947,29.9657],[76.199,29.9732],[76.1894,30.0042],[76.1909,30.0164],[76.2154,30.0271],[76.1984,30.0379],[76.2338,30.0856],[76.255,30.1046],[76.2287,30.1093],[76.1906,30.135],[76.1941,30.1408],[76.2079,30.1331],[76.2119,30.1351],[76.2026,30.1528],[76.2039,30.1589],[76.2512,30.119],[76.2798,30.1137],[76.2931,30.1186],[76.3128,30.1085],[76.3229,30.1082],[76.3489,30.1277],[76.3259,30.1492],[76.3431,30.1534],[76.3637,30.1275],[76.3747,30.1237],[76.39,30.1275],[76.3846,30.1458],[76.4016,30.1577],[76.381,30.1832],[76.3988,30.199],[76.4102,30.2023],[76.42,30.1979],[76.4286,30.1798],[76.4224,30.1636],[76.426,30.1476],[76.4363,30.137],[76.4465,30.1371],[76.4445,30.1229],[76.4521,30.1007],[76.4908,30.0972],[76.5011,30.0766],[76.5336,30.0828],[76.5549,30.0988],[76.5808,30.0869],[76.5768,30.0751],[76.6011,30.0802],[76.6267,30.1057],[76.6247,30.1169],[76.6294,30.1348],[76.6231,30.1447],[76.6276,30.1551],[76.6227,30.1703],[76.6417,30.1893],[76.6372,30.197],[76.6389,30.2059],[76.6043,30.2152],[76.612,30.231],[76.584,30.2565],[76.5759,30.2559],[76.5444,30.2309],[76.5325,30.2271],[76.546,30.2435],[76.5476,30.2649],[76.6098,30.2706],[76.6228,30.2914],[76.6263,30.2839],[76.6513,30.2993],[76.6624,30.2996],[76.6731,30.3128],[76.6746,30.326],[76.6795,30.3214],[76.7152,30.3329],[76.7152,30.3399],[76.7385,30.3597],[76.7304,30.3674],[76.7114,30.3651],[76.7089,30.3682],[76.7181,30.3771],[76.7049,30.3808],[76.7001,30.3936],[76.7265,30.405],[76.7252,30.4204],[76.7489,30.4266],[76.7579,30.4389],[76.7667,30.436],[76.7643,30.425],[76.7708,30.4183],[76.8085,30.4119],[76.8325,30.4339],[76.8397,30.4208],[76.8647,30.4088],[76.8662,30.3948],[76.8802,30.3862],[76.8757,30.3695],[76.8802,30.3597],[76.8978,30.3626],[76.9303,30.3926],[76.9258,30.4016],[76.9052,30.4047],[76.9037,30.4249],[76.8888,30.4411],[76.898,30.4678],[76.8889,30.4846],[76.9124,30.4937],[76.9203,30.518],[76.9201,30.5247],[76.885,30.5404],[76.9022,30.551],[76.9059,30.5584],[76.8989,30.564],[76.9045,30.5806],[76.8986,30.5884],[76.9134,30.5997],[76.9106,30.6058],[76.9015,30.6084],[76.8996,30.62],[76.8836,30.6271],[76.8771,30.637],[76.8586,30.6406],[76.8622,30.6793],[76.8399,30.6568],[76.8348,30.6558],[76.835,30.6641],[76.8188,30.6606],[76.8177,30.6906],[76.8363,30.7143],[76.8344,30.7244],[76.8248,30.7308],[76.8227,30.7401],[76.8282,30.7638],[76.8468,30.7925],[76.8335,30.8046],[76.8278,30.8326],[76.8012,30.8425],[76.769,30.8765],[76.7625,30.8934],[76.7699,30.9064],[76.8102,30.9304],[76.8144,30.9213],[76.8098,30.9068],[76.8227,30.8881],[76.8372,30.8789]]]}},{"type":"Feature","id":"Himachal Pradesh","properties":{"name":"Himachal Pradesh","type":"Union Territor","code":""},"geometry":{"type":"Polygon","coordinates":[[[76.8028,33.2367],[76.8139,33.2474],[76.8283,33.2464],[76.8111,33.2155],[76.8186,33.2056],[76.8033,33.1939],[76.8066,33.1847],[76.7981,33.1733],[76.8035,33.1557],[76.8173,33.142],[76.8292,33.1377],[76.8281,33.1317],[76.8374,33.1264],[76.8341,33.1206],[76.8444,33.1123],[76.8526,33.1115],[76.8687,33.1202],[76.8772,33.1142],[76.8848,33.0974],[76.8943,33.0951],[76.8907,33.0808],[76.9175,33.0337],[76.9621,33.0139],[76.9665,33.0072],[76.9985,32.9896],[77.0199,32.9917],[77.0353,32.9997],[77.0659,32.9855],[77.0749,32.9734],[77.0971,32.9776],[77.1032,32.9872],[77.1364,32.9805],[77.1353,32.9609],[77.1461,32.9564],[77.1488,32.9414],[77.1507,32.9202],[77.1462,32.914],[77.1574,32.9132],[77.1637,32.9251],[77.1739,32.9311],[77.189,32.9101],[77.2283,32.8956],[77.2248,32.88],[77.2363,32.8723],[77.2389,32.8652],[77.2476,32.8649],[77.2583,32.8764],[77.2813,32.8557],[77.3052,32.8541],[77.3125,32.8463],[77.3109,32.8377],[77.3279,32.8199],[77.3565,32.8253],[77.3627,32.8466],[77.3597,32.8596],[77.3875,32.8855],[77.3973,32.887],[77.4101,32.8782],[77.4257,32.8837],[77.4362,32.8659],[77.4552,32.8617],[77.4846,32.8865],[77.4943,32.8815],[77.5196,32.8874],[77.5447,32.9117],[77.5696,32.9217],[77.5797,32.9317],[77.5839,32.9438],[77.5864,32.9399],[77.613,32.9414],[77.6385,32.9561],[77.6533,32.9594],[77.6652,32.986],[77.6709,32.9863],[77.6795,32.9778],[77.695,32.9778],[77.7037,32.9661],[77.7125,32.9718],[77.7364,32.9479],[77.7448,32.9459],[77.7596,32.9274],[77.7902,32.9054],[77.7925,32.8981],[77.787,32.8917],[77.7727,32.8909],[77.7614,32.8648],[77.799,32.8458],[77.8082,32.836],[77.8251,32.8399],[77.8476,32.8284],[77.8613,32.8162],[77.869,32.8004],[77.867,32.7903],[77.8809,32.7754],[77.8995,32.7753],[77.9151,32.7661],[77.9179,32.7569],[77.9118,32.7365],[77.9185,32.7308],[77.9094,32.7214],[77.9033,32.6931],[77.9202,32.6795],[77.9389,32.648],[77.9527,32.6404],[77.9542,32.626],[77.9826,32.5865],[78.0174,32.587],[78.0358,32.5919],[78.0415,32.6053],[78.0344,32.6157],[78.0339,32.6356],[78.0653,32.6243],[78.079,32.6528],[78.0934,32.6622],[78.1215,32.6423],[78.136,32.6703],[78.1525,32.679],[78.1705,32.6772],[78.184,32.6639],[78.2129,32.6692],[78.2333,32.6837],[78.2366,32.6947],[78.2957,32.7128],[78.2981,32.7248],[78.2877,32.7378],[78.3447,32.7634],[78.3714,32.7618],[78.3712,32.7337],[78.3778,32.7193],[78.3676,32.6995],[78.3632,32.672],[78.3709,32.6382],[78.3759,32.6296],[78.3888,32.6232],[78.3318,32.5849],[78.2966,32.5775],[78.2992,32.5293],[78.2785,32.5079],[78.3104,32.4759],[78.3824,32.5297],[78.3991,32.5264],[78.4092,32.512],[78.4257,32.512],[78.4384,32.5054],[78.4487,32.4892],[78.4373,32.4711],[78.4381,32.4564],[78.4661,32.4452],[78.4781,32.4259],[78.5026,32.4262],[78.5188,32.4185],[78.4976,32.3952],[78.4917,32.3733],[78.4641,32.3522],[78.4607,32.3372],[78.4662,32.284],[78.4392,32.2465],[78.4828,32.2431],[78.5394,32.25],[78.5929,32.2187],[78.5937,32.1824],[78.5888,32.1715],[78.5743,32.1586],[78.5895,32.1456],[78.5973,32.122],[78.6479,32.1071],[78.6574,32.0813],[78.6808,32.0639],[78.6901,32.0457],[78.7226,32.0204],[78.7314,32.0076],[78.771,31.9998],[78.7526,31.9396],[78.7294,31.9066],[78.7316,31.8982],[78.7238,31.8815],[78.7218,31.8373],[78.6947,31.8172],[78.6914,31.7934],[78.7033,31.7704],[78.7247,31.7639],[78.7113,31.7413],[78.7215,31.7303],[78.7344,31.692],[78.7499,31.6847],[78.7796,31.6898],[78.7867,31.6576],[78.8269,31.628],[78.8311,31.6153],[78.8228,31.6006],[78.7973,31.5762],[78.7681,31.5657],[78.75,31.5488],[78.7213,31.541],[78.7066,31.5184],[78.7151,31.5077],[78.7166,31.4849],[78.7489,31.4906],[78.7612,31.4749],[78.7955,31.4528],[78.7925,31.4179],[78.7765,31.4067],[78.7764,31.4012],[78.8167,31.3884],[78.8342,31.3725],[78.8401,31.3506],[78.829,31.3302],[78.8401,31.3277],[78.8582,31.313],[78.8675,31.3014],[78.8795,31.2707],[78.9069,31.2592],[78.9099,31.2339],[78.9156,31.2252],[78.9351,31.2224],[78.9359,31.2057],[78.9462,31.1936],[78.9719,31.1824],[78.9775,31.1702],[78.9758,31.1507],[78.9892,31.1374],[78.9966,31.1153],[78.9657,31.1154],[78.9421,31.105],[78.9205,31.1076],[78.9127,31.1162],[78.9038,31.1155],[78.8968,31.1056],[78.8714,31.1073],[78.852,31.1262],[78.8378,31.1307],[78.8187,31.1472],[78.8102,31.1639],[78.8117,31.1694],[78.7976,31.1825],[78.8032,31.1992],[78.795,31.205],[78.7495,31.1944],[78.7075,31.195],[78.6598,31.2033],[78.6477,31.1947],[78.6345,31.2219],[78.5954,31.2364],[78.5666,31.2337],[78.5371,31.2067],[78.4701,31.2038],[78.4666,31.2209],[78.4441,31.2442],[78.4195,31.2599],[78.4144,31.2509],[78.3975,31.2478],[78.3914,31.253],[78.3931,31.2623],[78.3814,31.2815],[78.3735,31.2792],[78.3693,31.2879],[78.3563,31.2909],[78.3169,31.2851],[78.2984,31.2882],[78.2934,31.266],[78.269,31.2714],[78.2326,31.235],[78.2068,31.2372],[78.2003,31.2257],[78.1876,31.2222],[78.1714,31.2318],[78.1478,31.2316],[78.1349,31.2161],[78.1192,31.214],[78.1138,31.2062],[78.0877,31.1908],[78.0538,31.1929],[78.03,31.1853],[78.0162,31.1715],[78.0142,31.1549],[77.9926,31.167],[77.9694,31.1652],[77.9548,31.1788],[77.9147,31.1566],[77.9022,31.1588],[77.8875,31.1547],[77.8897,31.149],[77.8804,31.1374],[77.8787,31.1247],[77.8515,31.111],[77.8504,31.0952],[77.8428,31.0813],[77.8247,31.0744],[77.8147,31.0609],[77.8006,31.0621],[77.8151,31.0339],[77.8216,31.0299],[77.8188,31.0158],[77.8253,31.0081],[77.8101,31.0052],[77.8136,30.9989],[77.7964,30.9698],[77.8046,30.961],[77.8189,30.9601],[77.8171,30.9536],[77.8023,30.9551],[77.7784,30.9723],[77.7639,30.977],[77.7539,30.9768],[77.7346,30.9596],[77.7367,30.9396],[77.7465,30.934],[77.7456,30.9223],[77.7956,30.9238],[77.8009,30.9127],[77.7844,30.8884],[77.7835,30.8721],[77.7894,30.8585],[77.7652,30.8652],[77.7545,30.8824],[77.7445,30.8812],[77.7417,30.8642],[77.7315,30.8508],[77.7441,30.8362],[77.7444,30.8299],[77.7194,30.8083],[77.7045,30.779],[77.6883,30.7687],[77.6916,30.7483],[77.7203,30.7382],[77.7222,30.7306],[77.7411,30.7107],[77.7336,30.6975],[77.7334,30.6858],[77.7659,30.6653],[77.7791,30.6638],[77.7683,30.6515],[77.7755,30.6375],[77.7713,30.6285],[77.782,30.6194],[77.7566,30.6203],[77.7544,30.6008],[77.7348,30.6082],[77.7295,30.5984],[77.7436,30.5898],[77.7618,30.563],[77.7783,30.5574],[77.8032,30.5638],[77.8106,30.5332],[77.7992,30.5114],[77.7676,30.5044],[77.7214,30.4778],[77.7112,30.4773],[77.6791,30.4517],[77.6616,30.4488],[77.6402,30.4524],[77.6305,30.4362],[77.6038,30.4374],[77.5746,30.4265],[77.5629,30.4171],[77.5622,30.4101],[77.5762,30.3899],[77.5749,30.3845],[77.5653,30.3849],[77.5387,30.4019],[77.5258,30.4171],[77.5099,30.4488],[77.4929,30.433],[77.4868,30.4126],[77.4826,30.4152],[77.461,30.4054],[77.435,30.4037],[77.4164,30.4084],[77.4159,30.4128],[77.4397,30.4244],[77.4533,30.4404],[77.4563,30.4582],[77.4505,30.4652],[77.4457,30.4657],[77.4006,30.4188],[77.3955,30.4209],[77.3941,30.4343],[77.3819,30.4393],[77.3804,30.4461],[77.3568,30.4421],[77.3461,30.4619],[77.3263,30.4632],[77.3107,30.4536],[77.2636,30.4667],[77.2518,30.4844],[77.2268,30.4886],[77.2026,30.4803],[77.199,30.4845],[77.1997,30.5066],[77.1853,30.5259],[77.1376,30.5386],[77.1223,30.5482],[77.1115,30.5673],[77.1398,30.5832],[77.1586,30.6031],[77.1624,30.6387],[77.1527,30.6542],[77.1552,30.6681],[77.1502,30.6846],[77.1535,30.6887],[77.1251,30.7071],[77.1174,30.7179],[77.0999,30.7223],[77.1023,30.7308],[77.0768,30.7448],[77.055,30.7467],[77.0337,30.7554],[77.0283,30.7434],[77.0131,30.7422],[77.0047,30.7525],[77.0045,30.7664],[76.9886,30.7771],[77,30.789],[76.998,30.8143],[76.9927,30.8183],[76.9885,30.815],[76.9791,30.7988],[76.9686,30.808],[76.9538,30.8112],[76.9428,30.8292],[76.9275,30.8374],[76.9266,30.8544],[76.9022,30.8972],[76.8524,30.8707],[76.8158,30.896],[76.8098,30.9068],[76.8144,30.9213],[76.8102,30.9304],[76.7699,30.9064],[76.7538,30.9178],[76.7486,30.9292],[76.7384,30.9301],[76.726,30.9393],[76.7241,30.9506],[76.7126,30.9634],[76.7051,30.9633],[76.6942,30.9725],[76.6626,30.9711],[76.6531,30.9818],[76.6259,30.9925],[76.6101,31.0042],[76.6136,31.022],[76.599,31.0536],[76.6095,31.0607],[76.6049,31.0784],[76.6118,31.0964],[76.6257,31.1102],[76.6237,31.118],[76.5893,31.1277],[76.5987,31.1512],[76.5901,31.1573],[76.5904,31.1829],[76.6122,31.2026],[76.6354,31.213],[76.6245,31.221],[76.6259,31.2271],[76.6163,31.2294],[76.5806,31.2164],[76.576,31.2258],[76.5847,31.2396],[76.6016,31.2509],[76.5705,31.2801],[76.5459,31.2559],[76.535,31.2554],[76.5326,31.2665],[76.5372,31.284],[76.5312,31.2835],[76.5279,31.27],[76.5181,31.2623],[76.5143,31.2645],[76.5143,31.2831],[76.4982,31.2733],[76.4886,31.2734],[76.4756,31.2922],[76.4725,31.3067],[76.4667,31.3102],[76.4458,31.2897],[76.4311,31.2828],[76.4285,31.2892],[76.4483,31.306],[76.4182,31.3373],[76.3793,31.3912],[76.3904,31.3973],[76.3816,31.4106],[76.373,31.4136],[76.3753,31.4222],[76.3631,31.4414],[76.3568,31.4296],[76.3591,31.4156],[76.3469,31.4057],[76.3158,31.4024],[76.3182,31.3811],[76.3296,31.3795],[76.3313,31.3591],[76.3367,31.353],[76.3301,31.3453],[76.3178,31.3522],[76.3158,31.3475],[76.296,31.3422],[76.3023,31.3264],[76.2961,31.3192],[76.2612,31.3058],[76.2556,31.315],[76.2232,31.3131],[76.2064,31.3053],[76.1728,31.3067],[76.1661,31.3262],[76.1663,31.3415],[76.1396,31.3531],[76.135,31.3618],[76.1341,31.3826],[76.153,31.3973],[76.1567,31.4045],[76.1535,31.414],[76.1155,31.4654],[76.108,31.4822],[76.1082,31.4951],[76.0906,31.519],[76.084,31.5372],[76.0432,31.592],[76.044,31.603],[76.0232,31.6155],[76.0027,31.6466],[76.0047,31.663],[75.9974,31.6689],[75.991,31.6858],[75.9856,31.6854],[75.9758,31.6953],[75.9774,31.705],[75.966,31.7335],[75.9576,31.7405],[75.9595,31.7495],[75.9451,31.7813],[75.9364,31.7843],[75.9218,31.8172],[75.9333,31.815],[75.9529,31.824],[75.9715,31.8145],[75.9676,31.8235],[75.9558,31.8324],[75.9314,31.8838],[75.896,31.9403],[75.8945,31.9498],[75.8662,31.9688],[75.8416,31.9736],[75.8364,31.9816],[75.8056,31.985],[75.7843,31.9943],[75.738,32.0358],[75.7105,32.036],[75.7004,32.0436],[75.6898,32.0615],[75.6494,32.0772],[75.5985,32.066],[75.5788,32.0817],[75.6106,32.0996],[75.6312,32.1195],[75.6555,32.1461],[75.6618,32.1647],[75.6562,32.1766],[75.6202,32.1852],[75.6225,32.2347],[75.6524,32.2554],[75.6758,32.264],[75.7364,32.2738],[75.7547,32.2861],[75.7634,32.3022],[75.8439,32.3793],[75.8719,32.3984],[75.9259,32.4118],[75.9346,32.4248],[75.9155,32.4487],[75.8954,32.4619],[75.851,32.5079],[75.8564,32.5377],[75.8755,32.5709],[75.8725,32.5762],[75.9236,32.6437],[75.9241,32.6582],[75.9054,32.6722],[75.8966,32.6911],[75.9098,32.7209],[75.9125,32.7571],[75.9001,32.7699],[75.8738,32.8137],[75.8211,32.8428],[75.8055,32.8561],[75.7946,32.8702],[75.7874,32.8933],[75.8,32.9039],[75.7983,32.9194],[75.808,32.9298],[75.8339,32.9346],[75.8671,32.9302],[75.9001,32.9157],[75.9338,32.8843],[75.9874,32.9006],[76.0046,32.914],[76.0172,32.9176],[76.0281,32.9374],[76.0504,32.9443],[76.0822,32.9688],[76.0937,33.0048],[76.1282,33.0101],[76.1522,33.0229],[76.2373,33.0326],[76.2552,33.0523],[76.275,33.104],[76.2919,33.1202],[76.3558,33.1546],[76.3662,33.168],[76.3917,33.1867],[76.4077,33.1884],[76.4218,33.1818],[76.4691,33.1799],[76.496,33.196],[76.5342,33.1993],[76.5475,33.2095],[76.5819,33.2069],[76.5862,33.2042],[76.584,33.1931],[76.5973,33.188],[76.5996,33.1738],[76.627,33.1625],[76.6511,33.1718],[76.6853,33.174],[76.6967,33.1815],[76.7299,33.1794],[76.7344,33.1931],[76.7421,33.1975],[76.7599,33.2247],[76.7624,33.2395],[76.7552,33.2474],[76.76,33.253],[76.7854,33.2536],[76.8028,33.2367]]]}},{"type":"Feature","id":"Jammu and Kashmir","properties":{"name":"Jammu and Kashmir","type":"State","code":""},"geometry":{"type":"Polygon","coordinates":[[[77.8996,35.4279],[77.928,35.4405],[77.9513,35.4736],[77.9906,35.4871],[78.0794,35.4922],[78.104,35.4845],[78.1098,35.4768],[78.1077,35.4646],[78.0973,35.4556],[78.0718,35.4469],[78.0212,35.4169],[77.9971,35.3941],[77.9903,35.379],[77.9919,35.3485],[78.002,35.2946],[78.0177,35.2498],[78.0428,35.2023],[78.0576,35.1848],[78.1161,35.1454],[78.1242,35.1354],[78.1243,35.1219],[78.1171,35.1116],[78.0883,35.0957],[78.0829,35.0825],[78.1335,34.9709],[78.1846,34.8815],[78.2073,34.7661],[78.221,34.734],[78.248,34.6951],[78.274,34.674],[78.3003,34.6619],[78.3984,34.6486],[78.407,34.6366],[78.4093,34.6135],[78.4251,34.6035],[78.4822,34.6033],[78.5371,34.6142],[78.5693,34.612],[78.621,34.5743],[78.6601,34.5297],[78.6963,34.5076],[78.7301,34.4967],[78.763,34.4605],[78.825,34.4141],[78.9225,34.3754],[78.9815,34.3329],[78.9901,34.3178],[78.9934,34.2887],[78.975,34.2429],[78.9562,34.2178],[78.8889,34.1664],[78.7292,34.0957],[78.7064,34.0722],[78.7061,34.0586],[78.7121,34.0505],[78.7606,34.0361],[78.7704,34.0197],[78.7636,34.0015],[78.7158,33.9645],[78.7167,33.9391],[78.7116,33.9225],[78.7172,33.8905],[78.7257,33.8711],[78.7418,33.8402],[78.7751,33.8013],[78.784,33.7704],[78.7752,33.7462],[78.7093,33.6796],[78.7068,33.6695],[78.711,33.6549],[78.7632,33.563],[78.8233,33.4835],[78.9213,33.3987],[78.9411,33.3901],[78.9548,33.3742],[78.9727,33.3673],[78.9887,33.3474],[79.0195,33.3308],[79.0338,33.3136],[79.0666,33.2959],[79.0731,33.2836],[79.0661,33.2645],[79.0672,33.2498],[79.075,33.2286],[79.1277,33.2047],[79.1855,33.1912],[79.2124,33.1948],[79.3773,33.1899],[79.3991,33.1871],[79.4098,33.1788],[79.4168,33.1667],[79.4155,33.1477],[79.3662,33.0598],[79.3549,33.0306],[79.35,32.9962],[79.3525,32.979],[79.365,32.9569],[79.3871,32.9331],[79.4321,32.9051],[79.4486,32.8892],[79.457,32.8714],[79.4645,32.8167],[79.4712,32.8028],[79.4844,32.7897],[79.5267,32.7676],[79.5405,32.7487],[79.5643,32.6708],[79.5578,32.6306],[79.5454,32.6074],[79.5088,32.5915],[79.4641,32.5927],[79.448,32.5861],[79.347,32.5266],[79.3203,32.4913],[79.3122,32.4871],[79.2973,32.4885],[79.2701,32.5178],[79.2584,32.5234],[79.203,32.5108],[79.1489,32.4838],[79.1265,32.4643],[79.1181,32.45],[79.1212,32.4161],[79.1045,32.3717],[79.0956,32.3679],[79.0675,32.385],[79.0492,32.3834],[79.025,32.367],[78.9938,32.3643],[78.9772,32.3428],[78.9147,32.3671],[78.888,32.3924],[78.8746,32.4146],[78.836,32.4253],[78.7812,32.4753],[78.7754,32.4906],[78.7726,32.5444],[78.7637,32.5678],[78.7803,32.5983],[78.7639,32.6785],[78.7459,32.6961],[78.7365,32.6959],[78.717,32.6807],[78.6544,32.6492],[78.6323,32.6111],[78.6257,32.6071],[78.6033,32.6044],[78.5449,32.6123],[78.5264,32.6065],[78.4856,32.5732],[78.4527,32.5795],[78.4122,32.5561],[78.4043,32.5387],[78.4052,32.5252],[78.4165,32.5151],[78.4092,32.512],[78.3991,32.5264],[78.3824,32.5297],[78.3104,32.4759],[78.2785,32.5079],[78.2992,32.5293],[78.2966,32.5775],[78.3318,32.5849],[78.3888,32.6232],[78.3759,32.6296],[78.3709,32.6382],[78.3632,32.672],[78.3676,32.6995],[78.3778,32.7193],[78.3712,32.7337],[78.3714,32.7618],[78.3447,32.7634],[78.2877,32.7378],[78.2981,32.7248],[78.2957,32.7128],[78.2366,32.6947],[78.2333,32.6837],[78.2129,32.6692],[78.184,32.6639],[78.1705,32.6772],[78.1525,32.679],[78.136,32.6703],[78.1215,32.6423],[78.0934,32.6622],[78.079,32.6528],[78.0653,32.6243],[78.0339,32.6356],[78.0344,32.6157],[78.0415,32.6053],[78.0358,32.5919],[78.0174,32.587],[77.9826,32.5865],[77.9542,32.626],[77.9527,32.6404],[77.9389,32.648],[77.9202,32.6795],[77.9033,32.6931],[77.9094,32.7214],[77.9185,32.7308],[77.9118,32.7365],[77.9179,32.7569],[77.9151,32.7661],[77.8995,32.7753],[77.8809,32.7754],[77.867,32.7903],[77.869,32.8004],[77.8613,32.8162],[77.8476,32.8284],[77.8251,32.8399],[77.8082,32.836],[77.799,32.8458],[77.7614,32.8648],[77.7727,32.8909],[77.787,32.8917],[77.7925,32.8981],[77.7902,32.9054],[77.7596,32.9274],[77.7448,32.9459],[77.7364,32.9479],[77.7125,32.9718],[77.7037,32.9661],[77.695,32.9778],[77.6795,32.9778],[77.6709,32.9863],[77.6652,32.986],[77.6533,32.9594],[77.6385,32.9561],[77.613,32.9414],[77.5864,32.9399],[77.5839,32.9438],[77.5797,32.9317],[77.5696,32.9217],[77.5447,32.9117],[77.5196,32.8874],[77.4943,32.8815],[77.4846,32.8865],[77.4552,32.8617],[77.4362,32.8659],[77.4257,32.8837],[77.4101,32.8782],[77.3973,32.887],[77.3875,32.8855],[77.3597,32.8596],[77.3627,32.8466],[77.3565,32.8253],[77.3279,32.8199],[77.3109,32.8377],[77.3125,32.8463],[77.3052,32.8541],[77.2813,32.8557],[77.2583,32.8764],[77.2476,32.8649],[77.2389,32.8652],[77.2363,32.8723],[77.2248,32.88],[77.2283,32.8956],[77.189,32.9101],[77.1739,32.9311],[77.1637,32.9251],[77.1574,32.9132],[77.1462,32.914],[77.1507,32.9202],[77.1488,32.9414],[77.1461,32.9564],[77.1353,32.9609],[77.1364,32.9805],[77.1032,32.9872],[77.0971,32.9776],[77.0749,32.9734],[77.0659,32.9855],[77.0353,32.9997],[77.0199,32.9917],[76.9985,32.9896],[76.9665,33.0072],[76.9621,33.0139],[76.9175,33.0337],[76.8907,33.0808],[76.8943,33.0951],[76.8848,33.0974],[76.8772,33.1142],[76.8687,33.1202],[76.8526,33.1115],[76.8444,33.1123],[76.8341,33.1206],[76.8374,33.1264],[76.8281,33.1317],[76.8292,33.1377],[76.8173,33.142],[76.8035,33.1557],[76.7981,33.1733],[76.8066,33.1847],[76.8033,33.1939],[76.8186,33.2056],[76.8111,33.2155],[76.8283,33.2464],[76.8139,33.2474],[76.8028,33.2367],[76.7783,33.2557],[76.7553,33.2495],[76.7624,33.2395],[76.7599,33.2247],[76.7421,33.1975],[76.7344,33.1931],[76.7299,33.1794],[76.6967,33.1815],[76.6853,33.174],[76.6511,33.1718],[76.627,33.1625],[76.5996,33.1738],[76.5973,33.188],[76.584,33.1931],[76.5862,33.2042],[76.5819,33.2069],[76.5475,33.2095],[76.5342,33.1993],[76.496,33.196],[76.4691,33.1799],[76.4218,33.1818],[76.4077,33.1884],[76.3917,33.1867],[76.3662,33.168],[76.3558,33.1546],[76.2919,33.1202],[76.275,33.104],[76.2552,33.0523],[76.2373,33.0326],[76.1522,33.0229],[76.1282,33.0101],[76.0937,33.0048],[76.0822,32.9688],[76.0504,32.9443],[76.0281,32.9374],[76.0172,32.9176],[76.0046,32.914],[75.9874,32.9006],[75.9458,32.8851],[75.9338,32.8843],[75.9001,32.9157],[75.8671,32.9302],[75.8339,32.9346],[75.808,32.9298],[75.7983,32.9194],[75.8,32.9039],[75.7874,32.8933],[75.7898,32.8814],[75.8055,32.8561],[75.8211,32.8428],[75.8738,32.8137],[75.9001,32.7699],[75.9125,32.7571],[75.9098,32.7209],[75.8966,32.6911],[75.9054,32.6722],[75.9241,32.6582],[75.9236,32.6437],[75.8863,32.5919],[75.8378,32.5376],[75.825,32.5092],[75.8043,32.4871],[75.7789,32.475],[75.7459,32.4763],[75.7115,32.4182],[75.685,32.4006],[75.6481,32.3888],[75.5926,32.3817],[75.5452,32.3608],[75.5243,32.3401],[75.5158,32.298],[75.4989,32.2753],[75.49,32.288],[75.4902,32.3102],[75.4799,32.3103],[75.4678,32.3176],[75.4722,32.3401],[75.415,32.3243],[75.3785,32.3288],[75.3318,32.3447],[75.3223,32.3373],[75.2803,32.3673],[75.2533,32.38],[75.2315,32.3992],[75.1955,32.4053],[75.1885,32.4245],[75.1795,32.4254],[75.1476,32.4134],[75.1279,32.4212],[75.1209,32.4415],[75.1098,32.454],[75.0826,32.48],[75.0716,32.483],[75.0614,32.482],[75.0302,32.4918],[75.0117,32.4762],[75,32.4591],[74.9793,32.4478],[74.9489,32.4541],[74.9336,32.4676],[74.8997,32.4661],[74.8767,32.4856],[74.8353,32.4962],[74.8186,32.4961],[74.7989,32.4841],[74.758,32.4799],[74.6984,32.4849],[74.6867,32.4931],[74.6814,32.5038],[74.6805,32.5382],[74.6524,32.5602],[74.6422,32.6111],[74.6492,32.6259],[74.6762,32.658],[74.6756,32.6658],[74.6542,32.6925],[74.6501,32.7184],[74.6675,32.7666],[74.6946,32.8095],[74.7004,32.827],[74.697,32.8397],[74.6808,32.8382],[74.642,32.8229],[74.6372,32.8108],[74.6415,32.7919],[74.6142,32.7577],[74.5671,32.7552],[74.5315,32.7407],[74.4661,32.7814],[74.4506,32.8168],[74.4301,32.8447],[74.4264,32.8578],[74.4285,32.8836],[74.4139,32.904],[74.3477,32.9082],[74.318,32.9197],[74.3161,32.9302],[74.3207,32.9414],[74.3464,32.9655],[74.3532,32.9831],[74.3498,33.0163],[74.3379,33.0259],[74.3079,33.0305],[74.2832,33.0432],[74.255,33.0488],[74.2052,33.0433],[74.1993,33.0469],[74.1762,33.1072],[74.1117,33.1644],[74.0828,33.1807],[74.0263,33.1886],[74.0143,33.1983],[74.011,33.2385],[74.0203,33.2588],[74.0365,33.2647],[74.0789,33.2602],[74.103,33.2705],[74.1707,33.3466],[74.1851,33.3835],[74.1793,33.4257],[74.1871,33.4555],[74.1781,33.4817],[74.0957,33.5704],[74.0884,33.5732],[74.0539,33.5651],[74.0284,33.5747],[74,33.6237],[73.9757,33.6936],[73.9563,33.7203],[73.9665,33.7403],[74,33.7526],[74.0283,33.776],[74.049,33.8088],[74.0657,33.8201],[74.09,33.8263],[74.1433,33.8301],[74.2197,33.8672],[74.2456,33.895],[74.2611,33.9248],[74.2627,33.9743],[74.2487,34.0138],[74.2147,34.0386],[74.1614,34.0389],[74.1237,34.0552],[74.087,34.0378],[74.0061,34.0224],[74,34.0302],[73.8982,34.0328],[73.8832,34.05],[73.8857,34.0751],[73.9044,34.0969],[73.9041,34.1223],[73.9766,34.2118],[73.982,34.2391],[73.9762,34.2648],[73.941,34.3017],[73.9199,34.3423],[73.8994,34.3598],[73.8418,34.3383],[73.8074,34.3567],[73.7734,34.3498],[73.7632,34.3596],[73.7643,34.3711],[73.777,34.4163],[73.8548,34.4734],[73.8987,34.4958],[73.8867,34.515],[73.8953,34.5467],[73.9481,34.5731],[73.9273,34.6459],[73.9416,34.6772],[73.9602,34.6967],[74.0129,34.7099],[74.0491,34.685],[74.0931,34.6945],[74.1418,34.6912],[74.203,34.7366],[74.2275,34.7501],[74.2797,34.7683],[74.3073,34.8003],[74.3413,34.7897],[74.3755,34.8034],[74.474,34.7906],[74.5066,34.7755],[74.5441,34.7765],[74.5802,34.7701],[74.6182,34.7421],[74.6388,34.7335],[74.6713,34.7007],[74.703,34.6931],[74.8356,34.6776],[74.9105,34.6832],[75.0187,34.6415],[75.0418,34.6414],[75.0847,34.6554],[75.1423,34.6624],[75.1773,34.6575],[75.2067,34.6463],[75.2497,34.6473],[75.2661,34.6395],[75.2581,34.6176],[75.2619,34.6109],[75.3505,34.5622],[75.3778,34.5524],[75.5061,34.5373],[75.6156,34.5385],[75.6923,34.5215],[75.7492,34.5158],[75.793,34.5339],[75.8433,34.5746],[75.9186,34.6048],[75.9322,34.6244],[75.9463,34.6312],[75.9919,34.63],[76.0365,34.6703],[76.0744,34.6763],[76.1219,34.6467],[76.1579,34.6434],[76.26,34.6844],[76.2833,34.7015],[76.3015,34.7244],[76.3161,34.7316],[76.3859,34.736],[76.437,34.7644],[76.4743,34.7944],[76.5141,34.7838],[76.5618,34.7583],[76.6818,34.7596],[76.6967,34.7791],[76.7062,34.8013],[76.7432,34.8401],[76.7389,34.9019],[76.7494,34.9266],[76.7624,34.933],[76.8111,34.9355],[76.87,34.9724],[76.9084,34.9617],[76.9704,34.9356],[76.9975,34.9392],[77.0101,34.9563],[77.0109,35.0276],[77.0181,35.0385],[77.0269,35.0408],[77.0368,35.0324],[77.0684,35.0241],[77.1568,35.0547],[77.2808,35.1383],[77.4425,35.2344],[77.4854,35.2665],[77.6506,35.3671],[77.7355,35.4338],[77.8147,35.4852],[77.8239,35.5013],[77.8468,35.5008],[77.8627,35.4586],[77.8794,35.4362],[77.8886,35.4289],[77.8996,35.4279]]]}},{"type":"Feature","id":"Jharkhand","properties":{"name":"Jharkhand","type":"State","code":""},"geometry":{"type":"Polygon","coordinates":[[[87.5999,25.3147],[87.6069,25.3114],[87.6136,25.3155],[87.6227,25.3108],[87.626,25.3186],[87.6318,25.3119],[87.6518,25.3072],[87.6842,25.3101],[87.6806,25.3043],[87.6935,25.3031],[87.6948,25.2954],[87.6891,25.2849],[87.708,25.2714],[87.7078,25.2564],[87.7833,25.2462],[87.7876,25.2205],[87.771,25.1523],[87.7693,25.127],[87.7765,25.0913],[87.7999,25.0712],[87.855,25.0462],[87.877,25.028],[87.9034,24.9984],[87.9065,24.9858],[87.9665,24.9296],[87.9733,24.8965],[87.9665,24.8813],[87.9112,24.8559],[87.889,24.8529],[87.8978,24.8428],[87.8939,24.8292],[87.8984,24.8245],[87.8866,24.8197],[87.8677,24.823],[87.8776,24.801],[87.8767,24.7937],[87.8701,24.7909],[87.8654,24.7743],[87.8545,24.7643],[87.8352,24.7632],[87.8375,24.7878],[87.83,24.783],[87.8257,24.7693],[87.8181,24.766],[87.8139,24.7534],[87.8253,24.7522],[87.8397,24.7382],[87.8674,24.7294],[87.8778,24.7391],[87.8908,24.7226],[87.9008,24.7216],[87.9029,24.7099],[87.8988,24.7099],[87.8966,24.6907],[87.8866,24.6741],[87.9134,24.6586],[87.9063,24.6326],[87.8889,24.6314],[87.8846,24.6267],[87.9023,24.6259],[87.9016,24.6126],[87.8883,24.6113],[87.877,24.6163],[87.8727,24.6107],[87.8861,24.6051],[87.9081,24.6082],[87.91,24.5939],[87.9054,24.5838],[87.8915,24.5796],[87.8873,24.5627],[87.8659,24.5608],[87.8563,24.5546],[87.8505,24.5578],[87.8482,24.5511],[87.8245,24.5595],[87.8233,24.5666],[87.809,24.5762],[87.7694,24.5818],[87.7676,24.5716],[87.7916,24.5657],[87.8063,24.5452],[87.7975,24.5387],[87.8012,24.5146],[87.7999,24.5043],[87.7926,24.4972],[87.7952,24.4911],[87.801,24.4948],[87.8067,24.5106],[87.8102,24.4921],[87.8229,24.4944],[87.8203,24.4858],[87.813,24.4851],[87.8091,24.4766],[87.8178,24.4685],[87.8149,24.4513],[87.8069,24.4526],[87.791,24.4378],[87.7881,24.4321],[87.7922,24.4238],[87.7848,24.4145],[87.7986,24.4112],[87.8052,24.4181],[87.81,24.4066],[87.7926,24.3964],[87.7981,24.3908],[87.7975,24.3822],[87.7899,24.377],[87.7612,24.3333],[87.7645,24.3228],[87.7563,24.3036],[87.7521,24.3047],[87.7364,24.2889],[87.7272,24.2862],[87.7103,24.2921],[87.7026,24.2599],[87.6887,24.2556],[87.6814,24.2464],[87.6619,24.245],[87.657,24.2354],[87.6471,24.2486],[87.6417,24.2499],[87.6357,24.2425],[87.643,24.2301],[87.6377,24.2116],[87.671,24.2057],[87.6783,24.1911],[87.6926,24.1862],[87.6965,24.1672],[87.6896,24.1498],[87.6802,24.148],[87.657,24.1559],[87.6458,24.1538],[87.6161,24.1647],[87.5956,24.1598],[87.5798,24.1615],[87.5694,24.1557],[87.6076,24.1289],[87.5817,24.1234],[87.5778,24.1104],[87.5692,24.1068],[87.5762,24.0853],[87.5702,24.0876],[87.5563,24.0823],[87.5392,24.0878],[87.531,24.0949],[87.5299,24.1024],[87.5213,24.1042],[87.5169,24.111],[87.4936,24.1152],[87.4969,24.0993],[87.4889,24.0882],[87.5058,24.0821],[87.4998,24.0725],[87.4897,24.0732],[87.4942,24.0627],[87.4912,24.052],[87.5078,24.0457],[87.5106,24.0398],[87.5014,24.0223],[87.4912,24.0234],[87.4828,24.0137],[87.4714,24.0109],[87.4485,24.0163],[87.4338,24.0083],[87.4468,24.0084],[87.4414,24.0032],[87.4584,23.9935],[87.458,23.9814],[87.449,23.9843],[87.4391,23.9781],[87.4293,23.9819],[87.4264,23.9903],[87.4003,23.9939],[87.3898,24.002],[87.3566,24.0092],[87.3481,23.9958],[87.3279,23.996],[87.3154,24.0044],[87.3242,24.0175],[87.3323,24.0175],[87.3355,24.0239],[87.3324,24.031],[87.2826,24.0269],[87.238,24.0412],[87.2327,24.0246],[87.2406,24.0057],[87.2506,23.9957],[87.2608,24.0029],[87.268,23.9846],[87.2607,23.9781],[87.2615,23.9662],[87.2918,23.9557],[87.2919,23.9388],[87.2851,23.9339],[87.2945,23.8986],[87.2907,23.8987],[87.2926,23.8901],[87.2704,23.8729],[87.2617,23.8782],[87.2563,23.8981],[87.2592,23.9042],[87.2524,23.9101],[87.2482,23.907],[87.2431,23.8849],[87.2449,23.8684],[87.249,23.8658],[87.2474,23.8513],[87.2552,23.8393],[87.2427,23.8262],[87.2291,23.823],[87.2186,23.8308],[87.2241,23.8427],[87.2317,23.8446],[87.2362,23.8531],[87.2225,23.8576],[87.2168,23.8509],[87.2073,23.853],[87.1916,23.8404],[87.1887,23.8463],[87.1957,23.8543],[87.1874,23.8572],[87.1806,23.8515],[87.1567,23.8649],[87.1309,23.867],[87.1303,23.8509],[87.154,23.8257],[87.1622,23.8276],[87.1664,23.8196],[87.1487,23.7944],[87.1392,23.8001],[87.1242,23.795],[87.1103,23.7991],[87.1161,23.8048],[87.1059,23.7995],[87.0957,23.8095],[87.0845,23.8053],[87.0569,23.8163],[87.0344,23.8368],[87.0021,23.8525],[86.9801,23.8564],[86.9669,23.8653],[86.9596,23.8623],[86.9512,23.8459],[86.9364,23.8449],[86.9254,23.8538],[86.9242,23.8659],[86.9069,23.8795],[86.895,23.88],[86.8753,23.8624],[86.8754,23.8575],[86.8823,23.8566],[86.8802,23.8422],[86.8877,23.8222],[86.8823,23.8145],[86.8769,23.8135],[86.8712,23.8442],[86.857,23.8395],[86.8444,23.8219],[86.8208,23.8113],[86.8093,23.8141],[86.8037,23.8307],[86.7928,23.8314],[86.801,23.8133],[86.7977,23.7977],[86.8167,23.7762],[86.8198,23.7611],[86.8161,23.7448],[86.8045,23.7399],[86.7909,23.6985],[86.7957,23.6935],[86.792,23.6874],[86.7381,23.6776],[86.7317,23.6938],[86.711,23.6972],[86.6938,23.6945],[86.6244,23.6728],[86.5916,23.6712],[86.588,23.6691],[86.5906,23.6622],[86.5287,23.629],[86.4813,23.635],[86.4664,23.6296],[86.4399,23.6296],[86.4396,23.6091],[86.4273,23.6103],[86.4104,23.598],[86.4062,23.588],[86.3894,23.5888],[86.3809,23.5844],[86.3829,23.572],[86.3648,23.5571],[86.358,23.5431],[86.3597,23.5307],[86.3677,23.5226],[86.365,23.5154],[86.3569,23.5129],[86.3537,23.4964],[86.3586,23.4896],[86.3706,23.4903],[86.3719,23.4827],[86.3555,23.4816],[86.349,23.4725],[86.3518,23.4636],[86.3379,23.4611],[86.3404,23.4524],[86.3314,23.4472],[86.3262,23.4576],[86.3001,23.4437],[86.3058,23.4362],[86.3123,23.4373],[86.3142,23.4283],[86.3,23.4201],[86.2824,23.4275],[86.2785,23.4411],[86.2467,23.4342],[86.2531,23.4249],[86.2432,23.4196],[86.2395,23.4317],[86.2311,23.4295],[86.2247,23.4357],[86.2387,23.4697],[86.2253,23.4699],[86.221,23.456],[86.1788,23.4677],[86.1791,23.4751],[86.1723,23.4785],[86.1455,23.4731],[86.1452,23.494],[86.1551,23.5042],[86.1546,23.5192],[86.1429,23.5273],[86.1533,23.5516],[86.1448,23.5678],[86.1267,23.5668],[86.1194,23.5739],[86.0728,23.5682],[86.0714,23.5785],[86.0513,23.5789],[86.0469,23.5839],[86.0374,23.5835],[86.0353,23.5751],[86.011,23.5612],[86.0108,23.5516],[86.0211,23.5455],[86.0185,23.5424],[86.0327,23.518],[86.0328,23.5048],[86.0509,23.5016],[86.0472,23.4936],[86.0056,23.4827],[85.9439,23.4546],[85.9175,23.4624],[85.9064,23.4718],[85.8741,23.4762],[85.866,23.4702],[85.8595,23.451],[85.8629,23.41],[85.8785,23.408],[85.8817,23.4037],[85.8773,23.4004],[85.8848,23.3873],[85.8825,23.3811],[85.8943,23.3797],[85.8957,23.3706],[85.8853,23.3738],[85.8663,23.3648],[85.873,23.3569],[85.8716,23.3302],[85.878,23.3237],[85.8608,23.315],[85.8615,23.3033],[85.8337,23.2807],[85.8264,23.2631],[85.8316,23.1951],[85.8575,23.1944],[85.8772,23.173],[85.8773,23.1587],[85.9004,23.1481],[85.915,23.1295],[85.9215,23.1259],[85.9258,23.1307],[85.9438,23.1295],[85.9516,23.1382],[85.9819,23.1459],[86.0026,23.1462],[86.018,23.1405],[86.0284,23.1457],[86.0369,23.1436],[86.0484,23.1292],[86.0442,23.1119],[86.048,23.1087],[86.07,23.1014],[86.081,23.1043],[86.0918,23.0908],[86.1048,23.0889],[86.1157,23.0936],[86.1366,23.0831],[86.1346,23.0629],[86.1483,23.0527],[86.15,23.0409],[86.1537,23.0372],[86.1602,23.0391],[86.1756,23.013],[86.2044,23.0132],[86.2002,23.0097],[86.2038,22.9979],[86.2125,22.9919],[86.2613,22.9955],[86.2794,23.0107],[86.294,23.0081],[86.2983,23.0133],[86.3021,23.0034],[86.3122,22.9952],[86.3322,22.9889],[86.3413,22.9933],[86.3505,22.9892],[86.3516,22.9949],[86.36,22.9967],[86.3632,22.9927],[86.3695,22.9943],[86.3804,22.9907],[86.3836,22.9801],[86.393,22.9742],[86.4163,22.9948],[86.4406,22.9901],[86.4452,22.9851],[86.4974,22.9899],[86.4973,22.9831],[86.5076,22.9728],[86.4999,22.9685],[86.5122,22.9663],[86.5403,22.9872],[86.5385,22.9619],[86.5266,22.9609],[86.5184,22.9443],[86.4966,22.9475],[86.4958,22.9413],[86.4894,22.9441],[86.4845,22.9343],[86.4704,22.9495],[86.458,22.9388],[86.4582,22.933],[86.4328,22.9234],[86.4324,22.9158],[86.4485,22.9019],[86.463,22.8966],[86.447,22.8834],[86.4469,22.8588],[86.4328,22.8605],[86.4339,22.8286],[86.4216,22.8088],[86.418,22.7898],[86.4126,22.7864],[86.4162,22.7765],[86.4439,22.7586],[86.454,22.7596],[86.479,22.7224],[86.4877,22.7233],[86.5066,22.7015],[86.51,22.7161],[86.5337,22.7166],[86.5393,22.7207],[86.5808,22.689],[86.5912,22.6886],[86.6179,22.6734],[86.6367,22.6551],[86.6343,22.5973],[86.6483,22.5916],[86.6517,22.5758],[86.6728,22.5724],[86.706,22.5804],[86.7599,22.5724],[86.7674,22.5609],[86.7645,22.5506],[86.7841,22.5442],[86.7828,22.5244],[86.7897,22.5204],[86.7896,22.5076],[86.7986,22.4988],[86.791,22.4936],[86.798,22.484],[86.7892,22.4745],[86.7483,22.4787],[86.7451,22.4705],[86.7515,22.4507],[86.7574,22.4464],[86.7639,22.4229],[86.8184,22.4123],[86.8439,22.3961],[86.8382,22.3786],[86.8409,22.369],[86.8289,22.3415],[86.8292,22.3246],[86.8407,22.3138],[86.8851,22.2967],[86.8886,22.2757],[86.8857,22.2521],[86.8584,22.2544],[86.8507,22.2605],[86.8413,22.2571],[86.8228,22.2613],[86.8163,22.2493],[86.8119,22.2639],[86.809,22.2465],[86.7996,22.241],[86.7964,22.2499],[86.8006,22.2619],[86.7903,22.2628],[86.7928,22.2387],[86.7976,22.234],[86.8014,22.2386],[86.8099,22.238],[86.8001,22.2136],[86.7914,22.2175],[86.7791,22.2115],[86.776,22.2138],[86.7825,22.2254],[86.7912,22.2203],[86.7922,22.2238],[86.7759,22.2315],[86.7721,22.2277],[86.7752,22.2146],[86.7478,22.208],[86.721,22.2168],[86.6822,22.2195],[86.6651,22.2386],[86.6511,22.2332],[86.6456,22.2614],[86.6376,22.2631],[86.6347,22.2692],[86.6272,22.2668],[86.6085,22.2788],[86.5909,22.2748],[86.5785,22.2978],[86.5707,22.293],[86.5677,22.297],[86.5521,22.2953],[86.5399,22.3037],[86.5324,22.2982],[86.5208,22.3115],[86.5251,22.3124],[86.5237,22.3186],[86.508,22.324],[86.4999,22.341],[86.4837,22.3444],[86.4785,22.3345],[86.4684,22.3323],[86.4582,22.3221],[86.4384,22.3234],[86.4393,22.3058],[86.4334,22.3015],[86.4244,22.3063],[86.4217,22.3139],[86.4013,22.3194],[86.3755,22.3371],[86.3527,22.3454],[86.3474,22.359],[86.3199,22.3804],[86.3177,22.3906],[86.3022,22.4052],[86.3007,22.4153],[86.288,22.4254],[86.2798,22.4455],[86.2652,22.4395],[86.2204,22.4491],[86.2115,22.4597],[86.2182,22.4682],[86.2091,22.4628],[86.2024,22.4703],[86.1967,22.4677],[86.1555,22.4791],[86.1451,22.4751],[86.1462,22.4791],[86.1073,22.4849],[86.0692,22.5431],[86.0385,22.5636],[86.0183,22.5436],[86.0283,22.5343],[86.022,22.5206],[86.0155,22.5245],[85.9959,22.509],[85.9807,22.5097],[85.9692,22.4998],[85.9668,22.4822],[85.9581,22.4762],[85.9535,22.456],[85.993,22.4221],[86.0087,22.4243],[86.0212,22.375],[86.016,22.373],[86.0169,22.3622],[85.9929,22.3382],[85.9984,22.3311],[86.0048,22.3356],[86.0204,22.3294],[86.0059,22.3159],[86.0084,22.31],[86.0178,22.3046],[86.0433,22.3062],[86.0085,22.2927],[85.9975,22.2753],[85.9852,22.2672],[85.9818,22.2521],[85.9698,22.2434],[85.9928,22.2155],[86.0174,22.1988],[86.0267,22.1852],[86.0148,22.1726],[86.0114,22.1577],[85.9992,22.1449],[85.9946,22.1318],[86.0026,22.113],[86.0005,22.109],[85.979,22.0834],[85.9426,22.0191],[85.9288,22.0194],[85.9122,22.0048],[85.9054,21.9666],[85.8912,21.9785],[85.8818,21.9748],[85.8404,21.9765],[85.8183,21.97],[85.8154,21.9801],[85.7843,21.9786],[85.7608,21.9897],[85.7561,22.0084],[85.7756,22.0283],[85.7789,22.0363],[85.7703,22.0513],[85.7879,22.0772],[85.8144,22.0701],[85.8308,22.077],[85.8249,22.0871],[85.8087,22.0918],[85.8147,22.1021],[85.802,22.1108],[85.779,22.0934],[85.7578,22.085],[85.7461,22.0699],[85.7224,22.0581],[85.6879,22.0561],[85.6815,22.0488],[85.672,22.0515],[85.6724,22.0597],[85.6446,22.0903],[85.6262,22.0796],[85.6111,22.0768],[85.6073,22.0818],[85.5911,22.0744],[85.5543,22.0908],[85.5395,22.0866],[85.5335,22.0968],[85.5148,22.1082],[85.4858,22.1165],[85.457,22.1358],[85.4178,22.1534],[85.3944,22.1586],[85.3854,22.1523],[85.3632,22.1546],[85.3581,22.138],[85.3614,22.1214],[85.3536,22.1206],[85.3454,22.127],[85.323,22.125],[85.3001,22.1071],[85.2742,22.0801],[85.2411,22.0125],[85.2309,22.0003],[85.2149,22.0107],[85.2146,22.0373],[85.2107,22.0432],[85.1835,22.0549],[85.1725,22.0682],[85.1644,22.0652],[85.1708,22.0482],[85.1637,22.053],[85.1555,22.0705],[85.1408,22.0736],[85.1189,22.0665],[85.109,22.08],[85.0997,22.0845],[85.0954,22.0995],[85.0439,22.1107],[85.0271,22.1011],[85.02,22.1034],[85.0023,22.0799],[84.9874,22.0767],[84.9798,22.0847],[84.9805,22.0913],[85.0237,22.112],[85.0312,22.1374],[85.0254,22.154],[85.0478,22.1743],[85.0469,22.1858],[85.0695,22.2307],[85.0681,22.2434],[85.0743,22.2509],[85.0705,22.2722],[85.1053,22.2911],[85.1145,22.2905],[85.114,22.3142],[85.088,22.3141],[85.093,22.3411],[85.0822,22.3413],[85.0741,22.3486],[85.0831,22.3784],[85.0773,22.4083],[85.0637,22.4232],[85.0629,22.4361],[85.057,22.4447],[85.0711,22.4559],[85.0736,22.4667],[85.0732,22.4729],[85.0625,22.4784],[85.0333,22.4769],[85.0316,22.4698],[84.9941,22.4583],[84.9546,22.4389],[84.9524,22.4528],[84.9473,22.4511],[84.9174,22.4344],[84.9199,22.426],[84.9164,22.4234],[84.8938,22.418],[84.8802,22.4176],[84.882,22.4262],[84.8765,22.4433],[84.8553,22.432],[84.8414,22.4349],[84.8325,22.4264],[84.8316,22.4299],[84.8127,22.4316],[84.8078,22.4469],[84.7527,22.442],[84.7439,22.4148],[84.6616,22.4139],[84.6321,22.4287],[84.5953,22.4249],[84.594,22.4288],[84.5433,22.4172],[84.5266,22.42],[84.521,22.4149],[84.5058,22.4162],[84.4767,22.406],[84.4776,22.3837],[84.4557,22.3752],[84.4479,22.3791],[84.4269,22.3647],[84.4314,22.36],[84.4261,22.3488],[84.4191,22.3508],[84.3945,22.3439],[84.3674,22.3496],[84.324,22.3389],[84.2892,22.3373],[84.2662,22.3478],[84.2466,22.3737],[84.1941,22.3718],[84.1834,22.3837],[84.1525,22.4009],[84.1359,22.4207],[84.1349,22.4709],[84.1061,22.4738],[84.1029,22.4813],[84.0716,22.4942],[84.0576,22.5102],[84.0331,22.5121],[84.0192,22.5211],[84.0025,22.5209],[84.0049,22.5301],[83.9994,22.5395],[84.0051,22.5696],[84.0178,22.5789],[84.0213,22.5872],[84.0481,22.5941],[84.0804,22.6366],[84.094,22.6326],[84.1072,22.6367],[84.1499,22.6344],[84.1648,22.6453],[84.1804,22.6498],[84.197,22.6638],[84.2097,22.663],[84.2206,22.6689],[84.2322,22.6886],[84.2277,22.698],[84.2254,22.7352],[84.2542,22.763],[84.274,22.7656],[84.2814,22.7601],[84.2853,22.7634],[84.2903,22.7872],[84.31,22.799],[84.3177,22.8172],[84.3184,22.8438],[84.3295,22.8596],[84.3699,22.8645],[84.3782,22.8879],[84.3767,22.8977],[84.3709,22.9016],[84.3863,22.9168],[84.3891,22.9387],[84.3792,22.9489],[84.3705,22.9751],[84.3436,22.9737],[84.3252,22.9793],[84.3068,22.9675],[84.2786,22.9612],[84.2689,22.979],[84.2714,22.9889],[84.2509,22.9714],[84.2415,22.9729],[84.2374,22.9804],[84.2149,22.9774],[84.1968,23.0041],[84.1983,23.019],[84.1899,23.0237],[84.1767,23.0205],[84.174,23.0004],[84.1686,22.995],[84.1714,22.9771],[84.1679,22.971],[84.148,22.9639],[84.1442,22.9882],[84.1246,23.0307],[84.1248,23.0535],[84.1317,23.0674],[84.1294,23.0815],[84.1125,23.0872],[84.1049,23.0992],[84.0879,23.1095],[84.0615,23.1099],[84.0529,23.1245],[84.0337,23.1384],[84.0311,23.1611],[84.0584,23.2036],[84.0524,23.2164],[84.0505,23.241],[84.0638,23.2922],[84.06,23.3082],[84.0703,23.33],[84.05,23.3519],[84.0434,23.374],[84.0207,23.3755],[84.0065,23.3528],[83.9749,23.3648],[83.9658,23.3812],[83.9794,23.4267],[83.9695,23.4554],[83.9791,23.4606],[83.9972,23.4931],[84.0088,23.4996],[84.0227,23.5442],[84.0241,23.5879],[84.0223,23.5974],[84.0019,23.6204],[84.007,23.6323],[83.9379,23.6224],[83.9315,23.6114],[83.9296,23.5937],[83.9353,23.563],[83.8901,23.5759],[83.8829,23.5728],[83.8109,23.5889],[83.8063,23.5823],[83.8005,23.5832],[83.7861,23.5982],[83.7749,23.5995],[83.7649,23.6215],[83.7478,23.6267],[83.743,23.6405],[83.7521,23.649],[83.7509,23.6533],[83.7147,23.6825],[83.7151,23.6902],[83.7321,23.7047],[83.7347,23.7136],[83.7293,23.7318],[83.7294,23.7547],[83.7124,23.7723],[83.7108,23.7895],[83.6956,23.8076],[83.6986,23.8165],[83.6954,23.8207],[83.682,23.8258],[83.6722,23.8201],[83.6583,23.8278],[83.6562,23.8436],[83.6496,23.8481],[83.63,23.8474],[83.5812,23.8619],[83.5612,23.863],[83.5576,23.8695],[83.573,23.8771],[83.5762,23.8844],[83.5702,23.8904],[83.5494,23.8928],[83.5428,23.8982],[83.5373,23.9146],[83.5389,23.9335],[83.5124,23.967],[83.5077,23.9795],[83.5075,24.0014],[83.5166,24.0106],[83.5067,24.0282],[83.479,24.0385],[83.4476,24.0425],[83.4313,24.0579],[83.4254,24.0838],[83.4031,24.0808],[83.3833,24.0999],[83.3572,24.1017],[83.3457,24.0971],[83.3236,24.1013],[83.3428,24.1142],[83.349,24.1264],[83.3574,24.1568],[83.3783,24.2008],[83.3773,24.2357],[83.3934,24.2471],[83.4019,24.266],[83.4029,24.2761],[83.3962,24.2934],[83.3806,24.3005],[83.3759,24.3145],[83.4033,24.3374],[83.4266,24.34],[83.441,24.3609],[83.4514,24.3648],[83.4432,24.3728],[83.4299,24.4038],[83.412,24.4103],[83.4001,24.4087],[83.4007,24.4371],[83.3898,24.4376],[83.3814,24.4557],[83.3926,24.4803],[83.3955,24.5038],[83.5095,24.5275],[83.5424,24.5262],[83.6002,24.5132],[83.6825,24.5156],[83.7167,24.505],[83.7487,24.5105],[83.7945,24.5294],[83.8577,24.5376],[83.868,24.5329],[83.933,24.5517],[83.9724,24.5966],[83.9922,24.638],[84.0145,24.6316],[84.0157,24.6276],[84.0242,24.6291],[84.0467,24.6123],[84.0449,24.607],[84.0529,24.588],[84.0614,24.5894],[84.0597,24.577],[84.0725,24.5696],[84.0783,24.545],[84.0897,24.5339],[84.0891,24.5041],[84.1098,24.4814],[84.1226,24.4867],[84.1249,24.4983],[84.14,24.5048],[84.1363,24.5294],[84.1461,24.5403],[84.1644,24.5337],[84.1536,24.5176],[84.1793,24.5104],[84.1864,24.5225],[84.1729,24.5471],[84.187,24.5493],[84.1883,24.5553],[84.1999,24.557],[84.2089,24.5372],[84.2175,24.5352],[84.2207,24.5503],[84.235,24.5532],[84.2343,24.5436],[84.2483,24.5388],[84.2485,24.5316],[84.2571,24.5308],[84.2585,24.5377],[84.2801,24.5519],[84.2719,24.554],[84.2692,24.5643],[84.2974,24.5631],[84.3263,24.5027],[84.3217,24.4898],[84.2942,24.4808],[84.2853,24.4659],[84.2932,24.4508],[84.315,24.4475],[84.3304,24.4312],[84.3194,24.4293],[84.3151,24.4235],[84.3278,24.4222],[84.3259,24.4109],[84.338,24.4013],[84.3359,24.3958],[84.3614,24.3866],[84.3822,24.3897],[84.385,24.3793],[84.3998,24.3746],[84.3949,24.3678],[84.4225,24.3592],[84.4174,24.3314],[84.4545,24.3387],[84.4651,24.3084],[84.4753,24.3026],[84.4871,24.3048],[84.4842,24.2969],[84.4935,24.287],[84.5023,24.2946],[84.5032,24.3154],[84.5107,24.3172],[84.5174,24.3337],[84.5255,24.3395],[84.5194,24.3458],[84.5188,24.3532],[84.528,24.3648],[84.5215,24.3763],[84.5459,24.3737],[84.5658,24.3839],[84.5591,24.3971],[84.5725,24.4123],[84.5801,24.4104],[84.5818,24.4015],[84.6229,24.4039],[84.6583,24.3937],[84.6629,24.4106],[84.6678,24.413],[84.6662,24.4312],[84.6789,24.4563],[84.7065,24.4724],[84.7129,24.4686],[84.7249,24.473],[84.7401,24.4883],[84.742,24.4965],[84.7799,24.5049],[84.7837,24.5177],[84.7953,24.5295],[84.8016,24.5211],[84.8195,24.5248],[84.8326,24.5115],[84.8272,24.4701],[84.8335,24.4696],[84.8306,24.4592],[84.8344,24.4525],[84.842,24.4555],[84.8475,24.4659],[84.8597,24.4566],[84.8674,24.4669],[84.8802,24.4628],[84.8779,24.4226],[84.8982,24.3938],[84.9005,24.3821],[84.8944,24.375],[84.898,24.3721],[84.9253,24.378],[84.9479,24.3718],[84.9686,24.376],[84.9904,24.4122],[85.0321,24.4254],[85.0533,24.4151],[85.0762,24.4399],[85.0745,24.4085],[85.0655,24.3868],[85.0894,24.3792],[85.1151,24.409],[85.1553,24.418],[85.1579,24.4242],[85.1694,24.4295],[85.1587,24.4513],[85.1499,24.4559],[85.1507,24.4629],[85.1632,24.4672],[85.1992,24.4674],[85.2033,24.473],[85.2239,24.4712],[85.2465,24.4953],[85.282,24.4972],[85.2825,24.5267],[85.3186,24.5246],[85.3703,24.5296],[85.4066,24.5457],[85.4333,24.5361],[85.4566,24.5392],[85.4865,24.5508],[85.4975,24.5485],[85.5025,24.5429],[85.5024,24.5314],[85.5183,24.5245],[85.5365,24.536],[85.5404,24.5503],[85.5368,24.5652],[85.5546,24.5561],[85.5683,24.5652],[85.5671,24.5782],[85.5614,24.5837],[85.5629,24.5913],[85.5766,24.603],[85.5983,24.5976],[85.6154,24.5829],[85.6443,24.5783],[85.6647,24.5819],[85.6732,24.5929],[85.6721,24.6194],[85.6612,24.6466],[85.6637,24.661],[85.66,24.6747],[85.6505,24.6792],[85.6495,24.687],[85.6797,24.6938],[85.6967,24.7135],[85.7081,24.7477],[85.7048,24.7688],[85.7098,24.781],[85.721,24.787],[85.7367,24.8227],[85.7655,24.8125],[85.7694,24.8029],[85.7772,24.799],[85.8107,24.7945],[85.818,24.807],[85.8272,24.8096],[85.8778,24.8003],[85.8897,24.7917],[85.8872,24.7856],[85.9105,24.7537],[85.9277,24.7405],[85.9503,24.7321],[85.9702,24.7336],[85.9773,24.7476],[86,24.7514],[86.0096,24.768],[86.0506,24.7795],[86.053,24.7617],[86.0416,24.7479],[86.036,24.7473],[86.0391,24.7413],[86.0632,24.7517],[86.0866,24.7463],[86.1093,24.7322],[86.1244,24.7052],[86.1336,24.6755],[86.1259,24.6708],[86.1263,24.6542],[86.1182,24.6419],[86.1256,24.6118],[86.1333,24.6035],[86.1523,24.5997],[86.157,24.5892],[86.1657,24.5837],[86.1949,24.5852],[86.2157,24.5912],[86.2174,24.6118],[86.2641,24.5758],[86.2663,24.582],[86.2769,24.5742],[86.2738,24.5827],[86.2926,24.5861],[86.3101,24.5816],[86.3122,24.5859],[86.3229,24.5841],[86.304,24.5583],[86.3098,24.5473],[86.3013,24.532],[86.3075,24.5264],[86.3124,24.5085],[86.2939,24.4764],[86.2856,24.4768],[86.2791,24.462],[86.3009,24.4568],[86.2996,24.449],[86.3038,24.4448],[86.3195,24.4402],[86.3507,24.4437],[86.3733,24.4159],[86.3987,24.4003],[86.4156,24.3792],[86.4522,24.3686],[86.4657,24.385],[86.4658,24.4219],[86.4886,24.425],[86.4911,24.4541],[86.4845,24.4588],[86.4897,24.4676],[86.4903,24.4844],[86.4981,24.4873],[86.4975,24.498],[86.5057,24.5177],[86.5235,24.5357],[86.5467,24.535],[86.5579,24.5485],[86.5546,24.5593],[86.5782,24.5679],[86.5832,24.5728],[86.5839,24.5853],[86.6029,24.6051],[86.6093,24.6074],[86.6069,24.5944],[86.6189,24.5947],[86.6183,24.5845],[86.6413,24.5761],[86.6458,24.5672],[86.6684,24.5606],[86.6866,24.5704],[86.6954,24.5689],[86.7186,24.5782],[86.7316,24.5758],[86.7457,24.5895],[86.7446,24.6029],[86.7509,24.618],[86.7755,24.6156],[86.7771,24.6198],[86.7869,24.5994],[86.7944,24.5968],[86.7856,24.6172],[86.7918,24.6153],[86.8058,24.5945],[86.8076,24.5769],[86.8012,24.572],[86.8003,24.5646],[86.8371,24.5683],[86.8388,24.5541],[86.8546,24.5505],[86.8616,24.5603],[86.8764,24.5673],[86.8841,24.5545],[86.8931,24.5548],[86.9112,24.5387],[86.8981,24.5865],[86.9179,24.6108],[86.9189,24.6194],[86.9341,24.6265],[86.9301,24.6428],[86.9486,24.6428],[86.9455,24.6266],[86.9712,24.6303],[87.0102,24.6063],[87.0167,24.6178],[87.0244,24.6211],[87.0275,24.6093],[87.0367,24.6133],[87.0446,24.6054],[87.0505,24.6068],[87.0444,24.624],[87.0547,24.6706],[87.0693,24.6913],[87.0726,24.7109],[87.0819,24.7245],[87.0813,24.7359],[87.0756,24.7364],[87.0736,24.7431],[87.0863,24.7583],[87.0828,24.7792],[87.0967,24.8015],[87.0773,24.8084],[87.0773,24.8181],[87.0804,24.8244],[87.095,24.8262],[87.1145,24.8555],[87.1233,24.853],[87.1327,24.8596],[87.151,24.8584],[87.1479,24.8679],[87.1582,24.8896],[87.1465,24.9129],[87.1553,24.9317],[87.1486,24.9421],[87.1537,24.991],[87.1465,24.9999],[87.1442,25.018],[87.1583,25.031],[87.1766,25.064],[87.1975,25.0737],[87.2114,25.0896],[87.2339,25.0858],[87.2399,25.0995],[87.2453,25.0991],[87.2506,25.1059],[87.2588,25.1046],[87.2702,25.0936],[87.2911,25.0893],[87.2979,25.1347],[87.3034,25.1381],[87.3023,25.1453],[87.315,25.165],[87.3106,25.1698],[87.3235,25.2231],[87.3305,25.2222],[87.3305,25.2171],[87.3551,25.2134],[87.3699,25.2051],[87.3771,25.2226],[87.3918,25.2275],[87.4095,25.2151],[87.4676,25.1931],[87.4722,25.1947],[87.4726,25.2409],[87.4876,25.262],[87.4957,25.2625],[87.4945,25.2754],[87.4876,25.2776],[87.4815,25.2952],[87.4864,25.2961],[87.4901,25.3052],[87.4989,25.2923],[87.5129,25.2921],[87.5294,25.2796],[87.5397,25.2816],[87.5385,25.2962],[87.5474,25.3309],[87.5671,25.3339],[87.5801,25.3484],[87.5877,25.3405],[87.5812,25.328],[87.5999,25.3147]]]}},{"type":"Feature","id":"Karnataka","properties":{"name":"Karnataka","type":"State","code":""},"geometry":{"type":"MultiPolygon","coordinates":[[[[74.671,13.1999],[74.676,13.1915],[74.671,13.1999]]],[[[74.7285,13.2829],[74.7274,13.2785],[74.7285,13.2829]]],[[[74.7004,13.2843],[74.6993,13.2787],[74.7004,13.2843]]],[[[74.7237,13.2896],[74.7282,13.286],[74.7237,13.2896]]],[[[74.6907,13.334],[74.6924,13.3307],[74.6907,13.334]]],[[[74.689,13.341],[74.6876,13.3351],[74.689,13.341]]],[[[74.6826,13.3485],[74.6871,13.3413],[74.6815,13.3429],[74.6826,13.3485]]],[[[74.6715,13.3832],[74.6751,13.3757],[74.6715,13.3832]]],[[[74.4829,14.0113],[74.4799,14.0051],[74.479,14.0107],[74.4829,14.0113]]],[[[74.3262,14.0207],[74.3304,14.0182],[74.3276,14.0113],[74.3232,14.0174],[74.3262,14.0207]]],[[[74.4032,14.3154],[74.4046,14.3126],[74.399,14.3126],[74.4032,14.3154]]],[[[74.3651,14.5526],[74.3729,14.5524],[74.3782,14.5454],[74.3668,14.5412],[74.3632,14.5446],[74.3651,14.5526]]],[[[74.2538,14.706],[74.2538,14.706]]],[[[74.2407,14.7113],[74.2379,14.709],[74.2407,14.7113]]],[[[74.1554,14.7418],[74.1574,14.7376],[74.1554,14.7418]]],[[[74.1113,14.7615],[74.1199,14.7532],[74.1098,14.754],[74.1113,14.7615]]],[[[74.0879,14.796],[74.0879,14.796]]],[[[74.0565,14.8171],[74.0565,14.8171]]],[[[74.064,14.8213],[74.064,14.8213]]],[[[74.0593,14.8215],[74.0621,14.8204],[74.0574,14.819],[74.0593,14.8215]]],[[[74.094,14.8385],[74.094,14.8385]]],[[[74.0985,14.846],[74.101,14.8421],[74.0985,14.846]]],[[[74.0971,14.8785],[74.0943,14.876],[74.0971,14.8785]]],[[[77.3373,18.4354],[77.3421,18.4303],[77.3541,18.4487],[77.3696,18.4477],[77.3644,18.4298],[77.3698,18.4007],[77.4005,18.3978],[77.4101,18.3885],[77.4079,18.3785],[77.3918,18.3659],[77.3983,18.3475],[77.3928,18.3457],[77.3928,18.3405],[77.3793,18.3391],[77.378,18.3287],[77.3554,18.3185],[77.3625,18.3083],[77.4078,18.2996],[77.4278,18.3092],[77.4364,18.3065],[77.4369,18.282],[77.4449,18.2772],[77.4452,18.2701],[77.4654,18.26],[77.4803,18.2687],[77.4922,18.2659],[77.4977,18.2734],[77.5102,18.2784],[77.5095,18.3067],[77.5198,18.3074],[77.561,18.2831],[77.5707,18.2905],[77.603,18.278],[77.5725,18.2406],[77.585,18.2167],[77.5744,18.1999],[77.5643,18.2006],[77.5643,18.19],[77.57,18.1892],[77.5794,18.1621],[77.5978,18.1518],[77.5935,18.1279],[77.6006,18.0994],[77.5975,18.0843],[77.5673,18.0763],[77.5567,18.0622],[77.5474,18.0636],[77.5457,18.0538],[77.5521,18.0469],[77.5531,18.0347],[77.585,18.0248],[77.5873,18.0133],[77.5922,18.0102],[77.6067,18.018],[77.6101,18.0105],[77.6223,18.0047],[77.6215,17.9983],[77.6288,17.9925],[77.6382,17.9965],[77.6462,17.9932],[77.6489,17.9784],[77.6436,17.9735],[77.6534,17.9694],[77.652,17.9643],[77.6443,17.9627],[77.6428,17.9573],[77.6474,17.9532],[77.644,17.9464],[77.6318,17.9535],[77.6297,17.963],[77.6237,17.9578],[77.6289,17.9485],[77.6168,17.9381],[77.6166,17.9029],[77.5852,17.9082],[77.5831,17.8984],[77.5978,17.8771],[77.5967,17.8705],[77.5813,17.8758],[77.5777,17.8712],[77.5727,17.8728],[77.5674,17.8661],[77.566,17.8496],[77.5622,17.8491],[77.5635,17.842],[77.5497,17.818],[77.5448,17.817],[77.5437,17.8263],[77.526,17.8268],[77.5261,17.8117],[77.5109,17.8014],[77.507,17.793],[77.5045,17.7826],[77.5093,17.7801],[77.523,17.7796],[77.5545,17.7613],[77.566,17.7641],[77.562,17.7471],[77.5394,17.7254],[77.5276,17.7271],[77.5054,17.7145],[77.4943,17.716],[77.4845,17.7037],[77.4811,17.7069],[77.4742,17.7014],[77.4716,17.704],[77.4503,17.6913],[77.445,17.6484],[77.4532,17.6308],[77.4465,17.6072],[77.4405,17.6041],[77.4399,17.5815],[77.4612,17.577],[77.4741,17.5651],[77.49,17.5663],[77.4968,17.5434],[77.5016,17.5409],[77.5274,17.5732],[77.5367,17.5713],[77.5484,17.5495],[77.5898,17.5628],[77.5917,17.5327],[77.6166,17.5294],[77.6212,17.5223],[77.6566,17.5213],[77.6661,17.51],[77.6856,17.5057],[77.688,17.4985],[77.684,17.4729],[77.6481,17.4812],[77.6528,17.5033],[77.6442,17.4949],[77.6404,17.476],[77.6109,17.4699],[77.6106,17.4442],[77.5959,17.4427],[77.5732,17.4542],[77.5726,17.4295],[77.5335,17.441],[77.5101,17.4273],[77.5107,17.4125],[77.5355,17.4041],[77.5213,17.3863],[77.5302,17.3779],[77.528,17.3721],[77.5208,17.3621],[77.4991,17.3541],[77.4745,17.3592],[77.4724,17.3632],[77.4793,17.3696],[77.4516,17.3705],[77.4498,17.35],[77.4564,17.345],[77.4551,17.3379],[77.4496,17.3149],[77.434,17.2883],[77.4528,17.2866],[77.4545,17.2759],[77.4226,17.2533],[77.4149,17.2299],[77.4055,17.2374],[77.3804,17.2198],[77.3846,17.213],[77.3988,17.2088],[77.3934,17.2069],[77.3915,17.1924],[77.3708,17.1901],[77.3649,17.1649],[77.36,17.1616],[77.3669,17.1513],[77.3754,17.1487],[77.3763,17.1379],[77.3989,17.1319],[77.4037,17.1232],[77.4235,17.1141],[77.4338,17.1112],[77.4386,17.1146],[77.4626,17.1041],[77.4603,17.0928],[77.4769,17.0762],[77.4781,17.061],[77.4919,17.0388],[77.492,17.0217],[77.4994,17.0073],[77.4832,16.9987],[77.4784,16.9903],[77.4792,16.968],[77.4641,16.9527],[77.4677,16.9171],[77.4534,16.909],[77.4522,16.8816],[77.4576,16.8793],[77.4603,16.8545],[77.4566,16.8238],[77.4627,16.8045],[77.4718,16.7963],[77.4711,16.7791],[77.4375,16.7832],[77.4353,16.7496],[77.4234,16.7145],[77.4374,16.7075],[77.4454,16.7138],[77.4668,16.7119],[77.465,16.6783],[77.4617,16.6724],[77.4464,16.6742],[77.4372,16.6666],[77.4166,16.6628],[77.4168,16.6548],[77.4362,16.6425],[77.4329,16.6376],[77.4441,16.6358],[77.4614,16.6488],[77.4694,16.6469],[77.4713,16.6435],[77.4538,16.6138],[77.4539,16.6074],[77.4636,16.6048],[77.4642,16.5951],[77.4588,16.5921],[77.4642,16.5842],[77.4367,16.5812],[77.4173,16.5639],[77.3914,16.5652],[77.3903,16.5598],[77.4016,16.5468],[77.4157,16.544],[77.4153,16.5178],[77.412,16.5138],[77.4006,16.516],[77.3791,16.5107],[77.3691,16.5021],[77.3663,16.4841],[77.3244,16.4809],[77.2966,16.4915],[77.292,16.4736],[77.2515,16.4679],[77.2389,16.4729],[77.2352,16.4681],[77.2582,16.4473],[77.2644,16.4301],[77.2847,16.403],[77.3327,16.3883],[77.3429,16.3797],[77.3525,16.3766],[77.3732,16.3799],[77.4117,16.3627],[77.4278,16.3651],[77.4381,16.3744],[77.4945,16.3758],[77.5189,16.3701],[77.5352,16.3529],[77.5545,16.3416],[77.5718,16.336],[77.5916,16.3375],[77.5844,16.328],[77.5908,16.312],[77.5884,16.2956],[77.5923,16.2901],[77.5807,16.2861],[77.565,16.2977],[77.5432,16.2871],[77.5338,16.2626],[77.5193,16.2709],[77.5012,16.2678],[77.499,16.2579],[77.4876,16.2498],[77.4888,16.2244],[77.5108,16.2233],[77.5088,16.2149],[77.4953,16.213],[77.4949,16.1871],[77.4836,16.1586],[77.4881,16.1474],[77.4867,16.1158],[77.4954,16.1147],[77.5094,16.1035],[77.4979,16.0972],[77.4929,16.0838],[77.5029,16.0732],[77.4907,16.0306],[77.5017,16.0055],[77.5101,16.0023],[77.5055,15.9727],[77.5159,15.9575],[77.5095,15.9209],[77.4973,15.9263],[77.467,15.9276],[77.4264,15.9423],[77.4076,15.9357],[77.3762,15.9333],[77.3536,15.9437],[77.3148,15.9452],[77.3002,15.9505],[77.2824,15.9474],[77.2489,15.9577],[77.2271,15.9516],[77.1806,15.9501],[77.1434,15.9406],[77.1299,15.9304],[77.1046,15.9245],[77.0768,15.9097],[77.0332,15.8531],[77.0223,15.8318],[77.0415,15.8217],[77.0639,15.8232],[77.0615,15.7979],[77.0672,15.7961],[77.0625,15.7784],[77.0485,15.7608],[77.0532,15.7589],[77.0517,15.7501],[77.0467,15.7513],[77.0432,15.7345],[77.0472,15.7332],[77.0471,15.725],[77.0763,15.7214],[77.0763,15.7104],[77.0844,15.709],[77.0817,15.6953],[77.0759,15.6909],[77.1008,15.6789],[77.125,15.6591],[77.1162,15.6251],[77.0814,15.6528],[77.0689,15.6409],[77.0293,15.6338],[77.0289,15.5983],[77.0237,15.5764],[77.0289,15.5251],[77.0266,15.5],[77.0054,15.5028],[76.996,15.4997],[76.9719,15.5063],[76.9704,15.4909],[76.996,15.4675],[77.0061,15.4482],[77.0274,15.4352],[77.031,15.4183],[77.0285,15.4013],[77.041,15.3915],[77.0438,15.3837],[77.038,15.3588],[77.0629,15.3379],[77.0616,15.3219],[77.0691,15.3195],[77.1097,15.3273],[77.1154,15.2899],[77.1479,15.2857],[77.1452,15.2661],[77.1641,15.2591],[77.1653,15.251],[77.1403,15.2516],[77.1327,15.2346],[77.1235,15.2333],[77.1209,15.2212],[77.1414,15.2181],[77.15,15.2079],[77.1615,15.1822],[77.1632,15.1613],[77.1577,15.149],[77.137,15.1493],[77.1321,15.1427],[77.1354,15.136],[77.1528,15.1316],[77.154,15.1205],[77.1477,15.1073],[77.1276,15.0936],[77.1255,15.0682],[77.1096,15.0286],[77.0908,15.0277],[77.0821,15.0223],[77.0788,15],[77.041,15.0055],[77.0488,15.0239],[77.0469,15.0292],[77.0007,15.0296],[76.9835,15.0204],[76.9818,15.0104],[76.9668,15.0132],[76.9427,15.027],[76.8962,15.0319],[76.8767,15.0287],[76.8606,15.0567],[76.7969,15.0908],[76.7822,15.0788],[76.7839,15.0757],[76.7742,15.0714],[76.7711,15.0541],[76.7846,15.0167],[76.7797,15.0059],[76.7695,15.0006],[76.7652,14.9891],[76.757,14.983],[76.7638,14.9699],[76.7969,14.9629],[76.8155,14.9638],[76.8279,14.951],[76.8412,14.9612],[76.8645,14.964],[76.8655,14.9376],[76.8603,14.8912],[76.8461,14.8903],[76.8438,14.8864],[76.8541,14.8614],[76.8494,14.8387],[76.8401,14.83],[76.8496,14.8118],[76.8487,14.804],[76.8372,14.8041],[76.8338,14.7849],[76.8207,14.7866],[76.811,14.7814],[76.7804,14.7793],[76.7981,14.7346],[76.7713,14.6738],[76.7609,14.5963],[76.7728,14.5872],[76.7763,14.5903],[76.7862,14.5531],[76.7997,14.5277],[76.8197,14.5203],[76.8276,14.5231],[76.8542,14.4989],[76.8702,14.4684],[76.9065,14.4842],[76.9734,14.4783],[76.9742,14.4704],[76.9644,14.4517],[76.9586,14.4454],[76.9438,14.4451],[76.9416,14.3995],[76.9131,14.4136],[76.8966,14.3945],[76.8831,14.3903],[76.8791,14.3464],[76.899,14.3192],[76.9429,14.3054],[76.9501,14.294],[76.9438,14.2817],[76.9249,14.2722],[76.9378,14.2401],[76.9435,14.2363],[76.9825,14.2382],[77.0041,14.2316],[77.0406,14.2408],[77.0496,14.2395],[77.0753,14.2094],[77.1051,14.2133],[77.1155,14.2568],[77.1069,14.2618],[77.1119,14.2875],[77.1258,14.3015],[77.1319,14.3306],[77.1405,14.3361],[77.1464,14.3322],[77.1522,14.3377],[77.1964,14.3143],[77.2229,14.315],[77.232,14.3111],[77.2451,14.3145],[77.2579,14.3257],[77.2811,14.3311],[77.2796,14.2761],[77.3593,14.2693],[77.3554,14.23],[77.3816,14.2102],[77.3838,14.1918],[77.3912,14.1909],[77.4149,14.2032],[77.4157,14.212],[77.401,14.2604],[77.3843,14.2656],[77.375,14.2952],[77.3739,14.3051],[77.3857,14.3249],[77.3949,14.3292],[77.4259,14.3208],[77.4275,14.3049],[77.4423,14.3098],[77.4436,14.2776],[77.4547,14.2722],[77.4793,14.2848],[77.4844,14.2753],[77.4963,14.2718],[77.4994,14.2605],[77.4901,14.2276],[77.5104,14.172],[77.5004,14.151],[77.4633,14.1642],[77.4235,14.1651],[77.4097,14.1697],[77.3897,14.1653],[77.3896,14.1535],[77.3826,14.1477],[77.3767,14.1296],[77.3477,14.1243],[77.3445,14.096],[77.3589,14.1087],[77.3897,14.1186],[77.3964,14.1106],[77.3954,14.1034],[77.3797,14.0904],[77.3724,14.0719],[77.3614,14.066],[77.3586,14.0589],[77.3501,14.0534],[77.338,14.0538],[77.3262,14.0229],[77.3834,14.0074],[77.3732,13.9817],[77.3757,13.9691],[77.4205,13.9769],[77.4306,13.9688],[77.4287,13.9433],[77.4077,13.9361],[77.4102,13.9146],[77.4274,13.9092],[77.4256,13.9021],[77.3971,13.8805],[77.3919,13.8799],[77.3904,13.8977],[77.3483,13.8965],[77.3426,13.9122],[77.3626,13.9423],[77.3437,13.9509],[77.3538,13.9823],[77.3303,13.9904],[77.3135,14.0248],[77.3036,14.0267],[77.2785,14.0069],[77.2726,14.008],[77.2715,14.0281],[77.2558,14.021],[77.2426,14.0063],[77.2188,14.0079],[77.1946,14.0029],[77.1714,14.0086],[77.1617,14.0062],[77.1628,13.9978],[77.1544,13.9906],[77.1473,13.9916],[77.1343,13.9981],[77.134,14.0097],[77.1211,14.0422],[77.0765,14.0381],[77.0695,14.0394],[77.069,14.0472],[77.0237,14.0533],[77.0202,14.0614],[77.024,14.0834],[77.0083,14.0981],[77.0166,14.1061],[77.0203,14.1223],[77.0138,14.1274],[77.0198,14.1727],[76.9585,14.1755],[76.9416,14.1893],[76.937,14.1659],[76.923,14.1634],[76.9172,14.1577],[76.8968,14.1619],[76.8914,14.159],[76.8837,14.131],[76.9125,14.1221],[76.9224,14.129],[76.927,14.1272],[76.9429,14.1119],[76.9482,14.0966],[76.9463,14.0853],[76.9681,14.0797],[76.975,14.0653],[76.9715,14.0524],[76.938,14.0476],[76.9311,14.0227],[76.9408,14.0206],[76.9486,14.0068],[76.9752,13.9966],[76.9944,13.9815],[76.989,13.9567],[77.0358,13.9256],[77.0413,13.8974],[77.0173,13.8934],[77.006,13.8501],[76.9941,13.839],[76.9863,13.8392],[76.984,13.8277],[76.9684,13.8144],[76.9688,13.8102],[76.9837,13.8042],[76.9858,13.793],[76.9812,13.7858],[76.9939,13.7415],[77.0114,13.7327],[77.0199,13.7699],[77.0264,13.7714],[77.0352,13.7693],[77.06,13.7389],[77.0806,13.7374],[77.0804,13.7534],[77.0953,13.7609],[77.1235,13.7509],[77.1375,13.7557],[77.1666,13.7547],[77.1713,13.7721],[77.1585,13.7871],[77.1541,13.8006],[77.1622,13.8207],[77.1479,13.8289],[77.1458,13.8349],[77.1253,13.843],[77.1239,13.8494],[77.1394,13.859],[77.1625,13.857],[77.1649,13.8662],[77.1559,13.8998],[77.1596,13.9085],[77.177,13.9174],[77.1822,13.9013],[77.1751,13.8614],[77.1788,13.8598],[77.1927,13.8562],[77.1969,13.8595],[77.2049,13.8812],[77.2088,13.8784],[77.2081,13.8604],[77.2115,13.8614],[77.2255,13.8955],[77.2338,13.8949],[77.2401,13.8941],[77.2416,13.8889],[77.2407,13.8659],[77.253,13.8561],[77.2504,13.8395],[77.2829,13.841],[77.2897,13.85],[77.3069,13.8572],[77.32,13.8258],[77.3272,13.8248],[77.3595,13.8457],[77.3731,13.8382],[77.3729,13.8313],[77.4245,13.8351],[77.4262,13.8297],[77.4087,13.7993],[77.4193,13.7997],[77.4169,13.7909],[77.4287,13.788],[77.4406,13.8023],[77.4575,13.7971],[77.4508,13.7855],[77.4626,13.7436],[77.4568,13.7126],[77.4448,13.6958],[77.4498,13.6758],[77.4765,13.6776],[77.4829,13.6797],[77.4851,13.6867],[77.4797,13.7032],[77.4873,13.7068],[77.5028,13.7044],[77.5123,13.6857],[77.5215,13.6879],[77.5275,13.719],[77.5151,13.737],[77.5197,13.7439],[77.5395,13.7437],[77.5481,13.7204],[77.5561,13.7165],[77.5666,13.7294],[77.5736,13.7267],[77.5956,13.7436],[77.6043,13.7426],[77.6156,13.7284],[77.6212,13.7274],[77.6367,13.7352],[77.6338,13.7413],[77.6126,13.7469],[77.6105,13.7554],[77.6491,13.7758],[77.6702,13.7775],[77.6718,13.7701],[77.6637,13.7523],[77.6955,13.7614],[77.7022,13.731],[77.7087,13.7327],[77.7135,13.7462],[77.7129,13.7905],[77.7284,13.8017],[77.7785,13.8129],[77.776,13.8359],[77.8028,13.8407],[77.8108,13.8521],[77.8277,13.8606],[77.8192,13.866],[77.8272,13.8716],[77.825,13.8799],[77.821,13.8892],[77.8111,13.8947],[77.8064,13.9086],[77.8085,13.9226],[77.8183,13.9349],[77.8301,13.9272],[77.887,13.9312],[77.8897,13.9114],[77.9116,13.8972],[77.9198,13.8987],[77.9389,13.9246],[77.9508,13.9279],[77.9613,13.95],[77.9786,13.9477],[77.9734,13.9199],[77.978,13.8934],[77.9425,13.8802],[77.9481,13.8294],[77.9446,13.82],[77.9658,13.8202],[77.9852,13.8617],[78.0048,13.8617],[78.0156,13.8544],[78.0378,13.8529],[78.0429,13.8638],[78.0412,13.8867],[78.0709,13.872],[78.0749,13.8549],[78.106,13.8535],[78.1135,13.8409],[78.1173,13.8218],[78.1077,13.8036],[78.1182,13.7769],[78.111,13.7618],[78.0953,13.7503],[78.0849,13.7335],[78.1094,13.7102],[78.1054,13.6844],[78.0852,13.6806],[78.0641,13.6882],[78.0641,13.6746],[78.0583,13.667],[78.08,13.6504],[78.0807,13.6353],[78.0906,13.633],[78.0939,13.6403],[78.1074,13.6471],[78.1558,13.6487],[78.1605,13.6234],[78.1858,13.6212],[78.1939,13.6162],[78.1937,13.5949],[78.1795,13.5789],[78.1833,13.5564],[78.1958,13.5607],[78.2085,13.5819],[78.2226,13.5771],[78.2277,13.5872],[78.2497,13.5743],[78.3125,13.5835],[78.3437,13.5778],[78.3803,13.5813],[78.3908,13.5781],[78.3978,13.5662],[78.3673,13.4952],[78.3673,13.4669],[78.3626,13.4521],[78.3713,13.391],[78.3552,13.3551],[78.3564,13.3467],[78.3748,13.3464],[78.3974,13.3323],[78.3952,13.3226],[78.3884,13.3185],[78.3754,13.3264],[78.3775,13.3313],[78.3713,13.3324],[78.367,13.32],[78.3791,13.3169],[78.3913,13.3037],[78.4245,13.3191],[78.4291,13.3171],[78.436,13.2984],[78.4664,13.3101],[78.4717,13.3079],[78.4726,13.2911],[78.5012,13.2772],[78.512,13.26],[78.5208,13.2556],[78.5288,13.2759],[78.5472,13.2727],[78.5506,13.276],[78.5557,13.2994],[78.5672,13.2718],[78.5775,13.2621],[78.5594,13.2304],[78.5572,13.212],[78.5687,13.2043],[78.5584,13.1922],[78.5409,13.1873],[78.5425,13.1802],[78.5633,13.1774],[78.5691,13.1565],[78.5388,13.1516],[78.5327,13.1421],[78.5354,13.1307],[78.5214,13.1291],[78.5088,13.1196],[78.5111,13.1063],[78.528,13.0974],[78.5148,13.0911],[78.5138,13.0847],[78.5019,13.0817],[78.4986,13.0698],[78.5046,13.0528],[78.4711,13.0439],[78.4611,13.032],[78.4516,13.0315],[78.4523,13.0038],[78.4614,12.9791],[78.4579,12.9632],[78.4227,12.9686],[78.4274,12.9505],[78.4198,12.9467],[78.4246,12.9382],[78.4214,12.9235],[78.4561,12.8928],[78.4542,12.8532],[78.4527,12.8655],[78.4385,12.8797],[78.4358,12.9007],[78.4264,12.9021],[78.4247,12.8934],[78.4173,12.889],[78.4029,12.8913],[78.3884,12.9055],[78.3851,12.8963],[78.3783,12.8952],[78.3454,12.9281],[78.3272,12.8892],[78.3165,12.8926],[78.3135,12.8886],[78.3109,12.8738],[78.3275,12.874],[78.3216,12.8629],[78.3041,12.8658],[78.3031,12.8472],[78.2757,12.8492],[78.2626,12.8566],[78.2411,12.8474],[78.2402,12.8031],[78.2295,12.762],[78.2207,12.7526],[78.1989,12.7551],[78.184,12.7626],[78.1787,12.7599],[78.1662,12.765],[78.1581,12.7602],[78.1365,12.7692],[78.1207,12.77],[78.1145,12.7871],[78.0865,12.8033],[78.0761,12.8205],[78.0659,12.8189],[78.0646,12.8302],[78.0514,12.8323],[78.0467,12.8424],[78.04,12.8382],[78.0149,12.8459],[78.0168,12.8335],[78.0091,12.8337],[78.0071,12.82],[77.9933,12.8137],[78.0056,12.8033],[78.0015,12.7954],[77.9814,12.7956],[77.9813,12.8104],[77.9713,12.8226],[77.9575,12.8215],[77.958,12.8363],[77.9468,12.8381],[77.9456,12.8493],[77.9335,12.8448],[77.9399,12.8293],[77.933,12.8129],[77.9105,12.8197],[77.9153,12.8443],[77.9344,12.856],[77.9336,12.8617],[77.9197,12.8635],[77.9184,12.8689],[77.9287,12.8714],[77.9243,12.8778],[77.8875,12.8669],[77.8823,12.8584],[77.8256,12.859],[77.8136,12.844],[77.7998,12.8378],[77.792,12.8398],[77.7849,12.8338],[77.788,12.8236],[77.801,12.8208],[77.8007,12.8056],[77.7944,12.8058],[77.7914,12.7963],[77.7995,12.7869],[77.7879,12.7813],[77.7716,12.7598],[77.7738,12.7511],[77.785,12.7451],[77.7829,12.7388],[77.7531,12.7251],[77.7517,12.7184],[77.763,12.7145],[77.7502,12.6872],[77.7336,12.6915],[77.7273,12.6829],[77.7332,12.6719],[77.7314,12.664],[77.7153,12.663],[77.7141,12.6703],[77.7038,12.6737],[77.7018,12.6583],[77.6955,12.6512],[77.6784,12.649],[77.6678,12.6506],[77.6693,12.6619],[77.6659,12.6644],[77.6703,12.6712],[77.6543,12.6742],[77.5903,12.6575],[77.588,12.6427],[77.5978,12.621],[77.5821,12.6051],[77.5815,12.5842],[77.5701,12.5579],[77.5785,12.507],[77.6052,12.5033],[77.6064,12.4998],[77.5754,12.4684],[77.5966,12.4646],[77.6173,12.4855],[77.6252,12.4773],[77.6182,12.4431],[77.6201,12.4085],[77.6133,12.3978],[77.6038,12.3538],[77.5912,12.3492],[77.5862,12.3363],[77.5686,12.3242],[77.5561,12.2972],[77.5452,12.2927],[77.5427,12.2837],[77.5235,12.281],[77.5183,12.2695],[77.5021,12.2663],[77.4906,12.2731],[77.4702,12.2619],[77.463,12.2358],[77.4737,12.2249],[77.4657,12.2023],[77.4825,12.1901],[77.5113,12.184],[77.5385,12.1945],[77.5558,12.1871],[77.5842,12.1888],[77.6041,12.1952],[77.6289,12.1863],[77.6554,12.1878],[77.7264,12.1673],[77.7391,12.1479],[77.7403,12.1293],[77.7684,12.1056],[77.7563,12.092],[77.7461,12.0693],[77.7156,12.0485],[77.6895,12.01],[77.6637,11.953],[77.6647,11.9397],[77.6468,11.9387],[77.6434,11.9442],[77.5914,11.9263],[77.5857,11.9295],[77.5733,11.924],[77.548,11.9308],[77.5237,11.9215],[77.4844,11.9324],[77.4769,11.876],[77.4633,11.8873],[77.4528,11.8885],[77.4552,11.8673],[77.451,11.8443],[77.4563,11.8391],[77.4425,11.8065],[77.4409,11.7913],[77.4207,11.7603],[77.4193,11.7507],[77.4135,11.7512],[77.4125,11.7623],[77.4015,11.764],[77.3819,11.7762],[77.3595,11.7788],[77.3457,11.7641],[77.3261,11.7589],[77.2848,11.7984],[77.2783,11.7897],[77.2417,11.8025],[77.2371,11.7882],[77.2271,11.7838],[77.1897,11.7828],[77.1659,11.7742],[77.1372,11.772],[77.1274,11.7609],[77.1028,11.7631],[77.1093,11.7128],[77.0963,11.7231],[77.0716,11.725],[77.0739,11.7295],[77.0501,11.7578],[77.0619,11.7721],[77.0565,11.7771],[77.0457,11.7792],[77.0276,11.7617],[77.0223,11.7647],[77.0317,11.784],[77.0228,11.795],[77.0088,11.797],[77.0044,11.803],[76.9728,11.8011],[76.9748,11.791],[76.9596,11.7652],[76.9444,11.7813],[76.9358,11.7767],[76.8997,11.7833],[76.888,11.7659],[76.8885,11.7504],[76.8809,11.7246],[76.8536,11.6988],[76.8557,11.6943],[76.8285,11.6441],[76.8297,11.6293],[76.8388,11.6234],[76.8383,11.6158],[76.8509,11.6018],[76.8373,11.5745],[76.8335,11.587],[76.8165,11.5972],[76.7463,11.6105],[76.7354,11.6052],[76.6079,11.6004],[76.581,11.6094],[76.5748,11.6057],[76.5601,11.6101],[76.5536,11.6129],[76.5404,11.6705],[76.5042,11.698],[76.4853,11.6823],[76.4738,11.6842],[76.4737,11.6781],[76.4514,11.6551],[76.4313,11.6566],[76.4102,11.6646],[76.4022,11.6831],[76.4029,11.6995],[76.3964,11.7011],[76.4031,11.7068],[76.4087,11.7041],[76.4189,11.7171],[76.412,11.7343],[76.4056,11.7334],[76.4108,11.7465],[76.4077,11.7533],[76.3723,11.7362],[76.356,11.7399],[76.3463,11.7305],[76.335,11.7306],[76.3105,11.7439],[76.3,11.7762],[76.2837,11.7849],[76.272,11.8035],[76.2444,11.7953],[76.2185,11.8],[76.2055,11.8196],[76.2072,11.8318],[76.2009,11.8541],[76.184,11.8638],[76.1494,11.861],[76.1165,11.843],[76.1081,11.8512],[76.1079,11.9706],[76.0913,11.9616],[76.0728,11.9613],[76.0296,11.9328],[76.004,11.9319],[75.9982,11.9236],[75.9763,11.925],[75.9484,11.9339],[75.9311,11.9311],[75.9038,11.9348],[75.8659,11.9456],[75.8511,11.957],[75.8444,11.9703],[75.827,11.978],[75.8236,11.9946],[75.8266,12.0058],[75.8,12.0303],[75.7933,12.0475],[75.7997,12.0712],[75.7837,12.0764],[75.7519,12.0774],[75.7171,12.0621],[75.7171,12.0784],[75.7007,12.0835],[75.7016,12.1003],[75.6842,12.1022],[75.6783,12.0931],[75.6624,12.0912],[75.6481,12.1056],[75.6439,12.1271],[75.6351,12.1424],[75.6171,12.1489],[75.5914,12.143],[75.5768,12.1508],[75.5704,12.1655],[75.5524,12.1761],[75.5488,12.1884],[75.5337,12.1961],[75.5379,12.2111],[75.5253,12.2196],[75.5111,12.2533],[75.5039,12.2632],[75.4925,12.2668],[75.4827,12.2862],[75.4672,12.2954],[75.4584,12.2886],[75.4307,12.292],[75.4191,12.2864],[75.4304,12.2995],[75.4163,12.3215],[75.4101,12.3413],[75.4177,12.3484],[75.4214,12.3667],[75.4115,12.3746],[75.4034,12.3726],[75.3907,12.3834],[75.3812,12.3848],[75.3656,12.407],[75.3705,12.4289],[75.3666,12.4517],[75.3858,12.4507],[75.3919,12.4451],[75.4091,12.4499],[75.4225,12.4601],[75.4243,12.4663],[75.4145,12.4967],[75.4042,12.4896],[75.3973,12.4978],[75.3919,12.4925],[75.3831,12.4927],[75.37,12.4835],[75.3721,12.4688],[75.3556,12.458],[75.3409,12.4561],[75.3368,12.4578],[75.3405,12.4646],[75.3348,12.4902],[75.3049,12.4968],[75.3047,12.5173],[75.2811,12.5181],[75.2724,12.5399],[75.2709,12.5535],[75.2768,12.5641],[75.2868,12.565],[75.2914,12.5749],[75.3162,12.5687],[75.3285,12.5771],[75.3279,12.5852],[75.3083,12.5879],[75.3015,12.5991],[75.2911,12.5966],[75.2889,12.6046],[75.2767,12.6117],[75.2703,12.609],[75.2495,12.5749],[75.2387,12.5725],[75.2363,12.5618],[75.2229,12.5626],[75.2108,12.584],[75.2034,12.5806],[75.2095,12.5973],[75.1987,12.6062],[75.2014,12.6251],[75.1826,12.6274],[75.17,12.6166],[75.1592,12.6171],[75.143,12.6333],[75.1412,12.6378],[75.1503,12.6419],[75.1613,12.6641],[75.1507,12.6689],[75.1506,12.6763],[75.1319,12.6708],[75.1127,12.6759],[75.1044,12.6916],[75.0861,12.6978],[75.0824,12.6932],[75.0874,12.676],[75.0831,12.6664],[75.0752,12.6654],[75.0703,12.658],[75.0478,12.6601],[75.0431,12.6706],[75.0447,12.6874],[75.0546,12.6836],[75.0568,12.6867],[75.0522,12.6982],[75.0557,12.7034],[75.0497,12.7147],[75.0381,12.7186],[75.0191,12.7148],[75.0143,12.7078],[75.0071,12.7092],[75.0031,12.7137],[75.0122,12.7228],[74.9931,12.7331],[74.9848,12.7299],[74.9861,12.7385],[74.9918,12.7382],[75.0086,12.7604],[75.0053,12.7855],[75.0003,12.7835],[74.9923,12.7905],[74.9888,12.7892],[74.9926,12.7836],[74.9819,12.7752],[74.9707,12.7726],[74.9542,12.7793],[74.908,12.7626],[74.8856,12.7488],[74.878,12.7502],[74.8759,12.7553],[74.8671,12.7545],[74.8454,12.7968],[74.829,12.8468],[74.8238,12.8465],[74.821,12.8524],[74.8068,12.9193],[74.809,12.9246],[74.8138,12.9185],[74.821,12.9293],[74.8024,12.9313],[74.7746,13.0776],[74.7842,13.059],[74.7785,13.076],[74.7824,13.0882],[74.7796,13.0968],[74.7896,13.0988],[74.7785,13.0993],[74.7793,13.0863],[74.7735,13.0832],[74.714,13.3215],[74.7068,13.3371],[74.6904,13.3485],[74.7051,13.3413],[74.7132,13.3307],[74.7218,13.284],[74.7285,13.2768],[74.729,13.2854],[74.736,13.2896],[74.7237,13.2901],[74.7188,13.3249],[74.7113,13.3418],[74.6951,13.3476],[74.6988,13.361],[74.6943,13.454],[74.6679,13.6282],[74.6707,13.6338],[74.6451,13.6829],[74.6263,13.7963],[74.6068,13.8665],[74.6146,13.8513],[74.6332,13.849],[74.6154,13.8521],[74.6129,13.859],[74.6176,13.8596],[74.6018,13.8726],[74.5871,13.9182],[74.579,13.9257],[74.5699,13.9468],[74.5604,13.9457],[74.5576,13.9513],[74.5488,13.9485],[74.5385,13.9654],[74.5315,13.9649],[74.5299,13.9718],[74.5146,13.9863],[74.5015,14.0226],[74.5076,14.0279],[74.5179,14.0271],[74.5074,14.0324],[74.509,14.039],[74.5046,14.0418],[74.5062,14.0299],[74.501,14.0271],[74.4924,14.0793],[74.4879,14.0926],[74.4804,14.0932],[74.4863,14.0951],[74.4879,14.1104],[74.4765,14.1404],[74.479,14.1501],[74.471,14.1835],[74.466,14.1982],[74.454,14.1993],[74.4488,14.2182],[74.4418,14.2238],[74.4246,14.2965],[74.4135,14.3157],[74.3962,14.4096],[74.3926,14.4188],[74.3818,14.4213],[74.3846,14.4279],[74.3796,14.4296],[74.3832,14.4332],[74.3799,14.4496],[74.3599,14.5013],[74.3538,14.5029],[74.3607,14.5199],[74.369,14.5274],[74.3796,14.5246],[74.3732,14.5371],[74.3843,14.5238],[74.3865,14.5288],[74.3935,14.5293],[74.3893,14.534],[74.384,14.5307],[74.3874,14.5468],[74.3832,14.5518],[74.3779,14.5485],[74.3646,14.5538],[74.3763,14.5638],[74.376,14.5738],[74.3565,14.5626],[74.3604,14.5501],[74.3543,14.5429],[74.3457,14.5532],[74.3468,14.5607],[74.3374,14.5687],[74.3382,14.5535],[74.3526,14.541],[74.356,14.5221],[74.3451,14.5204],[74.3412,14.5138],[74.3374,14.5179],[74.326,14.5146],[74.3251,14.5196],[74.3187,14.5196],[74.319,14.5162],[74.3096,14.5207],[74.3157,14.5274],[74.3099,14.5382],[74.3138,14.5446],[74.2907,14.596],[74.2946,14.6015],[74.2801,14.6101],[74.2735,14.6271],[74.2696,14.6268],[74.2707,14.631],[74.279,14.6268],[74.284,14.631],[74.2843,14.6443],[74.2779,14.6579],[74.2829,14.6635],[74.2754,14.6604],[74.2818,14.6779],[74.2693,14.7024],[74.2565,14.7065],[74.2674,14.7132],[74.2496,14.7396],[74.2326,14.7479],[74.2276,14.7457],[74.2282,14.7371],[74.211,14.7329],[74.2065,14.7374],[74.2032,14.7326],[74.2087,14.7176],[74.2049,14.7179],[74.1924,14.7257],[74.1935,14.7351],[74.1813,14.7485],[74.1637,14.7529],[74.1671,14.7663],[74.1635,14.7549],[74.1588,14.754],[74.1588,14.7457],[74.1532,14.746],[74.1507,14.7515],[74.1574,14.7607],[74.1438,14.7771],[74.1282,14.7804],[74.1254,14.7746],[74.119,14.7749],[74.1188,14.7863],[74.1101,14.7846],[74.109,14.7932],[74.1021,14.7926],[74.0926,14.8032],[74.1132,14.8076],[74.1118,14.7968],[74.1215,14.8026],[74.1263,14.816],[74.1246,14.8374],[74.1307,14.8424],[74.131,14.8463],[74.1146,14.8532],[74.1246,14.8451],[74.1121,14.8468],[74.1099,14.8635],[74.0993,14.8804],[74.0974,14.8957],[74.1042,14.9038],[74.1131,14.9112],[74.132,14.9127],[74.1394,14.9205],[74.1754,14.9089],[74.1774,14.9132],[74.1661,14.9394],[74.1722,14.951],[74.1804,14.9531],[74.1903,14.9517],[74.1925,14.945],[74.2042,14.9379],[74.2031,14.9274],[74.2118,14.9214],[74.2247,14.9413],[74.2417,14.9465],[74.2439,14.9575],[74.251,14.9608],[74.2621,14.9576],[74.2701,14.9666],[74.2739,14.9752],[74.2617,14.9908],[74.2707,14.9949],[74.2764,15.0096],[74.2898,15.0216],[74.2891,15.0301],[74.3023,15.0399],[74.2953,15.0627],[74.2872,15.0694],[74.2838,15.094],[74.2783,15.0959],[74.2882,15.1056],[74.2931,15.12],[74.2896,15.1431],[74.3014,15.1499],[74.3219,15.1841],[74.3067,15.2232],[74.2943,15.232],[74.2635,15.2419],[74.2575,15.2576],[74.2679,15.2584],[74.283,15.2813],[74.2891,15.2791],[74.3023,15.2859],[74.3341,15.2829],[74.3417,15.2929],[74.328,15.3133],[74.3233,15.3296],[74.3284,15.3434],[74.3226,15.3573],[74.3284,15.3673],[74.3057,15.3805],[74.2862,15.3826],[74.2826,15.3886],[74.2845,15.4015],[74.2756,15.4239],[74.2827,15.4333],[74.2825,15.4431],[74.2563,15.4895],[74.2608,15.5008],[74.2819,15.513],[74.2873,15.526],[74.2699,15.5612],[74.2543,15.5658],[74.2564,15.5826],[74.2652,15.5902],[74.2685,15.6096],[74.2625,15.6229],[74.2525,15.6238],[74.2572,15.6339],[74.2553,15.6542],[74.245,15.6656],[74.2368,15.6619],[74.2316,15.6665],[74.2241,15.6589],[74.2288,15.653],[74.2132,15.649],[74.2115,15.661],[74.1963,15.6649],[74.1977,15.6789],[74.1901,15.681],[74.1754,15.6702],[74.1734,15.6521],[74.1632,15.6486],[74.126,15.6503],[74.1045,15.6592],[74.0965,15.6709],[74.1175,15.6708],[74.1336,15.6784],[74.1415,15.7004],[74.1306,15.7179],[74.1601,15.7343],[74.1677,15.7493],[74.2044,15.7534],[74.2113,15.7586],[74.2174,15.7788],[74.2273,15.7857],[74.2389,15.7845],[74.2352,15.754],[74.2501,15.7412],[74.274,15.7531],[74.2922,15.7393],[74.3241,15.7565],[74.3298,15.7704],[74.3509,15.7634],[74.3649,15.7737],[74.3758,15.8012],[74.374,15.8104],[74.3664,15.8155],[74.3746,15.8275],[74.3894,15.8363],[74.3893,15.8441],[74.3445,15.8521],[74.367,15.8711],[74.3705,15.8904],[74.3741,15.8916],[74.3934,15.8518],[74.4031,15.849],[74.4116,15.8526],[74.3992,15.8744],[74.4026,15.8783],[74.3993,15.8958],[74.3919,15.9012],[74.4352,15.9512],[74.45,15.9832],[74.4497,15.9985],[74.4703,16.0405],[74.468,16.0467],[74.4405,16.057],[74.4155,16.0511],[74.3901,16.0351],[74.3786,16.0366],[74.3817,16.0536],[74.3682,16.053],[74.3801,16.0696],[74.381,16.0783],[74.3972,16.0784],[74.3973,16.0871],[74.4152,16.0918],[74.4185,16.1009],[74.4346,16.1106],[74.4645,16.1021],[74.4819,16.087],[74.4891,16.0873],[74.4964,16.1016],[74.491,16.142],[74.4858,16.147],[74.4947,16.155],[74.4978,16.1813],[74.5129,16.1883],[74.5133,16.2012],[74.5021,16.2141],[74.5083,16.2229],[74.5031,16.231],[74.4841,16.2467],[74.4732,16.2385],[74.4634,16.2418],[74.4612,16.2484],[74.4428,16.2496],[74.4418,16.2542],[74.4225,16.2575],[74.4212,16.2806],[74.3913,16.2756],[74.3904,16.2902],[74.3801,16.2935],[74.3626,16.2871],[74.3533,16.2918],[74.3517,16.2882],[74.3599,16.2796],[74.3371,16.2657],[74.3307,16.2729],[74.3318,16.2862],[74.3487,16.2915],[74.3448,16.3033],[74.3401,16.304],[74.3406,16.3116],[74.3321,16.3108],[74.3315,16.3164],[74.34,16.3169],[74.3373,16.3234],[74.323,16.3251],[74.3291,16.3326],[74.3235,16.3399],[74.3344,16.3405],[74.3237,16.3536],[74.3322,16.357],[74.3255,16.3793],[74.3326,16.3756],[74.335,16.3887],[74.3431,16.3907],[74.3519,16.3663],[74.3617,16.3648],[74.3596,16.3788],[74.3691,16.3943],[74.3646,16.4032],[74.3427,16.4005],[74.3373,16.4202],[74.3438,16.4255],[74.3389,16.4522],[74.3219,16.45],[74.3046,16.4608],[74.2963,16.459],[74.2999,16.5026],[74.2889,16.5038],[74.2805,16.4894],[74.2825,16.4826],[74.2688,16.476],[74.2532,16.4949],[74.2858,16.5034],[74.2844,16.5165],[74.2766,16.5206],[74.272,16.5334],[74.2764,16.5445],[74.2882,16.5395],[74.2896,16.5226],[74.2945,16.5315],[74.3069,16.5292],[74.3141,16.5021],[74.3239,16.5063],[74.3222,16.5445],[74.3238,16.5515],[74.3294,16.5535],[74.3461,16.5465],[74.3656,16.5571],[74.3692,16.5533],[74.3629,16.5486],[74.3626,16.5387],[74.3899,16.5279],[74.3957,16.5357],[74.3955,16.5595],[74.4011,16.5609],[74.3984,16.5654],[74.4035,16.5787],[74.4288,16.5827],[74.4335,16.5944],[74.4408,16.5987],[74.4725,16.6048],[74.4628,16.6445],[74.4648,16.653],[74.4774,16.6608],[74.4859,16.6391],[74.498,16.6266],[74.5103,16.6315],[74.5514,16.6332],[74.5499,16.5922],[74.5656,16.5904],[74.5698,16.5812],[74.5597,16.5714],[74.5597,16.5598],[74.5741,16.552],[74.592,16.5556],[74.5934,16.5638],[74.6048,16.5621],[74.617,16.568],[74.6239,16.5819],[74.6364,16.5757],[74.6428,16.6068],[74.6639,16.6011],[74.6786,16.6066],[74.6904,16.6045],[74.6943,16.6152],[74.6739,16.6285],[74.666,16.6287],[74.6605,16.6376],[74.6717,16.6635],[74.6961,16.675],[74.6873,16.679],[74.6956,16.6858],[74.6982,16.7152],[74.7366,16.7158],[74.775,16.7408],[74.779,16.7486],[74.8004,16.7457],[74.8041,16.7508],[74.8503,16.7603],[74.855,16.7708],[74.9238,16.77],[74.9159,16.7857],[74.912,16.8559],[74.9371,16.8692],[74.9397,16.8765],[74.9486,16.8801],[74.9641,16.8779],[74.9673,16.9054],[74.9528,16.9065],[74.927,16.9256],[74.9285,16.9352],[74.9384,16.941],[74.9524,16.9362],[74.958,16.9291],[74.9695,16.9359],[74.9858,16.929],[75.0037,16.9458],[75.0303,16.9415],[75.0319,16.9257],[75.0481,16.9387],[75.0654,16.9393],[75.0904,16.9487],[75.0941,16.9472],[75.098,16.9139],[75.1188,16.91],[75.1236,16.9004],[75.1384,16.8929],[75.1411,16.8735],[75.1718,16.8648],[75.1897,16.8735],[75.1925,16.8696],[75.1832,16.842],[75.2159,16.8403],[75.23,16.8409],[75.2434,16.8645],[75.2683,16.8609],[75.2828,16.8742],[75.2918,16.9011],[75.2856,16.9094],[75.2836,16.9429],[75.2846,16.9536],[75.2884,16.9548],[75.3453,16.9525],[75.3596,16.9569],[75.3717,16.9687],[75.3948,16.9764],[75.431,16.9635],[75.4438,16.9795],[75.4679,16.9853],[75.4686,16.9796],[75.4825,16.976],[75.4897,16.9654],[75.4925,16.9429],[75.5107,16.9473],[75.5329,16.9667],[75.5703,16.9636],[75.5699,17.0062],[75.5758,17.0078],[75.6095,17.0031],[75.6107,16.9696],[75.6363,16.9658],[75.645,16.951],[75.6746,16.9603],[75.6784,16.9639],[75.6688,16.9778],[75.6722,17.0357],[75.654,17.0306],[75.6438,17.0364],[75.6627,17.0618],[75.6784,17.0629],[75.6785,17.0942],[75.6741,17.1136],[75.6536,17.1131],[75.6527,17.1327],[75.628,17.1701],[75.6307,17.1862],[75.6426,17.1882],[75.6436,17.1941],[75.6621,17.2083],[75.6599,17.2614],[75.6575,17.2706],[75.6323,17.2722],[75.6247,17.2938],[75.606,17.3033],[75.616,17.3288],[75.6131,17.3423],[75.5848,17.3498],[75.5785,17.3829],[75.6158,17.3919],[75.6101,17.4195],[75.6154,17.422],[75.6253,17.4581],[75.6313,17.4612],[75.6356,17.4775],[75.6496,17.4734],[75.6623,17.4597],[75.6776,17.458],[75.6808,17.4362],[75.6912,17.4126],[75.7152,17.4089],[75.737,17.4219],[75.7588,17.4084],[75.7698,17.4068],[75.7823,17.3788],[75.8023,17.3701],[75.8151,17.3739],[75.8163,17.3978],[75.8247,17.4229],[75.8389,17.4205],[75.856,17.4077],[75.862,17.3859],[75.8789,17.4003],[75.8784,17.4165],[75.8872,17.4173],[75.8964,17.395],[75.8937,17.3536],[75.9107,17.3458],[75.9312,17.3241],[75.9715,17.3365],[76.0003,17.3377],[76.0155,17.3506],[76.0367,17.349],[76.0545,17.3543],[76.0632,17.3519],[76.0787,17.3301],[76.0869,17.3337],[76.096,17.3578],[76.1212,17.3663],[76.1376,17.3526],[76.1631,17.3409],[76.1638,17.3003],[76.1758,17.2972],[76.1838,17.311],[76.1763,17.3215],[76.1723,17.3487],[76.1829,17.3565],[76.229,17.3632],[76.2304,17.3703],[76.2444,17.3747],[76.2504,17.3667],[76.25,17.3579],[76.2702,17.3565],[76.2759,17.3305],[76.3172,17.3294],[76.313,17.3433],[76.3436,17.3499],[76.3523,17.3106],[76.3817,17.3118],[76.393,17.3363],[76.4106,17.3477],[76.4081,17.3693],[76.362,17.3751],[76.3732,17.4344],[76.3337,17.4323],[76.3308,17.4688],[76.35,17.4721],[76.3723,17.4858],[76.375,17.4935],[76.3435,17.4944],[76.3463,17.5115],[76.3664,17.5167],[76.3661,17.5222],[76.3609,17.5363],[76.34,17.5426],[76.3317,17.5949],[76.4157,17.6042],[76.4287,17.6444],[76.4428,17.6419],[76.4408,17.6494],[76.4515,17.6515],[76.4523,17.6555],[76.4893,17.6607],[76.4847,17.6696],[76.4864,17.7135],[76.5236,17.7152],[76.5237,17.7589],[76.5598,17.7631],[76.5733,17.76],[76.5646,17.7537],[76.5694,17.7037],[76.5732,17.7022],[76.587,17.7079],[76.5932,17.7176],[76.6041,17.7558],[76.6144,17.7683],[76.627,17.756],[76.6307,17.729],[76.6552,17.7164],[76.6631,17.6879],[76.6781,17.6873],[76.6906,17.68],[76.6909,17.7019],[76.7008,17.7073],[76.7035,17.7186],[76.6982,17.726],[76.7276,17.737],[76.718,17.7479],[76.721,17.7676],[76.7128,17.7714],[76.7157,17.7819],[76.7246,17.7851],[76.7394,17.7791],[76.7489,17.7864],[76.7628,17.7871],[76.7663,17.7967],[76.7763,17.7994],[76.7882,17.8265],[76.7657,17.8508],[76.7546,17.8566],[76.7375,17.8571],[76.7407,17.898],[76.766,17.8984],[76.7746,17.877],[76.8028,17.8683],[76.8082,17.8831],[76.8331,17.8828],[76.8318,17.8907],[76.8538,17.8978],[76.8812,17.8931],[76.8894,17.8972],[76.9002,17.9147],[76.9164,17.9151],[76.9192,17.9367],[76.9132,17.9372],[76.9196,17.9854],[76.9177,18.0332],[76.9546,18.0397],[76.9486,18.0457],[76.9527,18.0634],[76.947,18.0738],[76.9497,18.0823],[76.9643,18.0882],[76.9683,18.0971],[76.9534,18.1101],[76.9322,18.111],[76.9226,18.1161],[76.9318,18.1366],[76.9254,18.1448],[76.9334,18.1579],[76.9438,18.1547],[76.9541,18.1849],[76.9879,18.1885],[76.9978,18.1668],[77.024,18.1627],[77.0217,18.1782],[77.0328,18.1838],[77.0494,18.1732],[77.0503,18.1613],[77.0577,18.1524],[77.0862,18.1503],[77.0966,18.1581],[77.1089,18.1527],[77.1163,18.1676],[77.0955,18.1951],[77.121,18.2067],[77.1395,18.2072],[77.1422,18.216],[77.15,18.2166],[77.1478,18.2377],[77.1572,18.2531],[77.1657,18.2559],[77.1705,18.2809],[77.1778,18.2819],[77.1917,18.2743],[77.2062,18.278],[77.2045,18.2905],[77.1976,18.2955],[77.1954,18.3127],[77.2001,18.3192],[77.21,18.3137],[77.2273,18.3449],[77.2214,18.3472],[77.2308,18.3656],[77.245,18.3706],[77.2329,18.3861],[77.2402,18.4086],[77.2584,18.4104],[77.2646,18.4184],[77.3023,18.4385],[77.3133,18.4394],[77.3174,18.4538],[77.3256,18.4551],[77.3373,18.4354]]]]}},{"type":"Feature","id":"Kerala","properties":{"name":"Kerala","type":"State","code":""},"geometry":{"type":"MultiPolygon","coordinates":[[[[76.4674,9.541],[76.479,9.5371],[76.4793,9.5301],[76.466,9.5299],[76.4674,9.541]]],[[[76.4043,9.5415],[76.4049,9.5276],[76.3829,9.5276],[76.3824,9.534],[76.4043,9.5415]]],[[[76.4346,9.5515],[76.434,9.5285],[76.4063,9.5276],[76.4057,9.5424],[76.4346,9.5515]]],[[[76.4368,9.5515],[76.4646,9.5415],[76.4643,9.5299],[76.4354,9.5285],[76.4368,9.5515]]],[[[76.4143,9.5632],[76.4257,9.5499],[76.3829,9.5349],[76.3821,9.5432],[76.4143,9.5632]]],[[[76.3854,9.6207],[76.3846,9.6135],[76.3818,9.6179],[76.3854,9.6207]]],[[[76.3812,9.7146],[76.3812,9.7146]]],[[[76.3715,9.7585],[76.3729,9.7513],[76.3715,9.7585]]],[[[76.324,9.8257],[76.329,9.8176],[76.3254,9.8074],[76.324,9.8257]]],[[[76.3724,9.8257],[76.3732,9.8215],[76.3724,9.8257]]],[[[76.3685,9.8268],[76.3701,9.824],[76.3685,9.8268]]],[[[76.3785,9.8396],[76.3763,9.8368],[76.3785,9.8396]]],[[[76.3776,9.8415],[76.3751,9.8376],[76.3726,9.8404],[76.3776,9.8415]]],[[[76.2893,9.8474],[76.2882,9.844],[76.2893,9.8474]]],[[[76.3496,9.8746],[76.3565,9.8599],[76.3662,9.8554],[76.3718,9.831],[76.3604,9.8307],[76.349,9.8385],[76.3529,9.8538],[76.3482,9.861],[76.3496,9.8746]]],[[[76.3085,9.9215],[76.3112,9.9082],[76.3171,9.9029],[76.3174,9.8865],[76.3101,9.8876],[76.3043,9.9029],[76.3046,9.9196],[76.3085,9.9215]]],[[[76.2607,9.9707],[76.2749,9.9663],[76.294,9.9257],[76.2676,9.939],[76.2649,9.9621],[76.2576,9.9682],[76.2607,9.9707]]],[[[76.2724,9.9729],[76.2688,9.9721],[76.2724,9.9729]]],[[[76.2443,9.981],[76.2432,9.9782],[76.2443,9.981]]],[[[76.2682,10.0029],[76.269,9.9968],[76.2682,10.0029]]],[[[76.2418,10.0143],[76.2532,10.006],[76.2588,9.9901],[76.2599,9.981],[76.2496,9.976],[76.2418,10.0143]]],[[[76.2529,10.0171],[76.2518,10.0124],[76.2529,10.0171]]],[[[76.2618,10.0299],[76.2582,10.0251],[76.2618,10.0299]]],[[[76.266,10.0307],[76.2671,10.0229],[76.2626,10.0185],[76.2579,10.0237],[76.266,10.0307]]],[[[76.2399,10.1024],[76.2482,10.0907],[76.2435,10.0974],[76.2404,10.0918],[76.2432,10.0979],[76.2399,10.1024]]],[[[76.0521,10.5354],[76.0493,10.5338],[76.0521,10.5354]]],[[[76.051,10.539],[76.0493,10.536],[76.051,10.539]]],[[[75.8382,11.1343],[75.8315,11.1265],[75.8301,11.1299],[75.8382,11.1343]]],[[[75.8112,11.1618],[75.8112,11.1618]]],[[[75.3662,11.9421],[75.3637,11.9379],[75.3662,11.9421]]],[[[75.3679,11.9435],[75.3643,11.936],[75.3679,11.9435]]],[[[75.3007,11.9635],[75.3024,11.9596],[75.3007,11.9635]]],[[[75.2965,11.9685],[75.2985,11.9651],[75.2965,11.9685]]],[[[75.2854,11.9871],[75.2962,11.9693],[75.289,11.9749],[75.2854,11.9871]]],[[[75.2979,12.0174],[75.2951,12.0129],[75.2879,12.0143],[75.2979,12.0174]]],[[[75.2976,12.0238],[75.2976,12.0238]]],[[[75.1576,12.1093],[75.1649,12.1015],[75.1818,12.0499],[75.1576,12.1093]]],[[[75.1635,12.1154],[75.1707,12.1101],[75.1696,12.0962],[75.1604,12.1118],[75.1635,12.1154]]],[[[75.194,12.1163],[75.1918,12.1138],[75.194,12.1163]]],[[[75.154,12.1426],[75.1621,12.134],[75.1585,12.121],[75.1496,12.1396],[75.154,12.1426]]],[[[75.1354,12.186],[75.1521,12.1588],[75.1501,12.1468],[75.1354,12.186]]],[[[75.1318,12.1915],[75.134,12.1874],[75.1318,12.1915]]],[[[75.1301,12.1982],[75.1293,12.1946],[75.1301,12.1982]]],[[[75.1265,12.2051],[75.1574,12.1102],[75.1235,12.1918],[75.1265,12.2051]]],[[[74.996,12.788],[75.0003,12.7835],[75.0053,12.7855],[75.0086,12.7604],[74.9918,12.7382],[74.9861,12.7385],[74.9848,12.7299],[74.9931,12.7331],[75.0122,12.7228],[75.0031,12.7137],[75.0071,12.7092],[75.0143,12.7078],[75.0191,12.7148],[75.0381,12.7186],[75.0497,12.7147],[75.0557,12.7034],[75.0522,12.6982],[75.0568,12.6867],[75.0546,12.6836],[75.0447,12.6874],[75.0431,12.6706],[75.0478,12.6601],[75.0703,12.658],[75.0752,12.6654],[75.0831,12.6664],[75.0874,12.676],[75.0824,12.6932],[75.0861,12.6978],[75.1044,12.6916],[75.1127,12.6759],[75.1319,12.6708],[75.1506,12.6763],[75.1507,12.6689],[75.1613,12.6641],[75.1503,12.6419],[75.1412,12.6378],[75.143,12.6333],[75.1592,12.6171],[75.17,12.6166],[75.1826,12.6274],[75.2014,12.6251],[75.1987,12.6062],[75.2095,12.5973],[75.2034,12.5806],[75.2108,12.584],[75.2229,12.5626],[75.2363,12.5618],[75.2387,12.5725],[75.2495,12.5749],[75.2703,12.609],[75.2767,12.6117],[75.2889,12.6046],[75.2911,12.5966],[75.3015,12.5991],[75.3083,12.5879],[75.3279,12.5852],[75.3285,12.5771],[75.3162,12.5687],[75.2914,12.5749],[75.2868,12.565],[75.2768,12.5641],[75.2709,12.5535],[75.2811,12.5181],[75.3047,12.5173],[75.3049,12.4968],[75.3348,12.4902],[75.3405,12.4646],[75.3368,12.4578],[75.3556,12.458],[75.3721,12.4688],[75.37,12.4835],[75.3831,12.4927],[75.3919,12.4925],[75.3973,12.4978],[75.4042,12.4896],[75.4145,12.4967],[75.4243,12.4663],[75.4225,12.4601],[75.4091,12.4499],[75.3919,12.4451],[75.3858,12.4507],[75.3666,12.4517],[75.3705,12.4289],[75.3656,12.407],[75.3812,12.3848],[75.3907,12.3834],[75.4034,12.3726],[75.4115,12.3746],[75.4214,12.3667],[75.4177,12.3484],[75.4101,12.3413],[75.4163,12.3215],[75.4304,12.2995],[75.4191,12.2864],[75.4307,12.292],[75.4584,12.2886],[75.4672,12.2954],[75.4827,12.2862],[75.4925,12.2668],[75.5039,12.2632],[75.5111,12.2533],[75.5253,12.2196],[75.5379,12.2111],[75.5337,12.1961],[75.5488,12.1884],[75.5524,12.1761],[75.5704,12.1655],[75.5768,12.1508],[75.5914,12.143],[75.6171,12.1489],[75.6351,12.1424],[75.6439,12.1271],[75.6481,12.1056],[75.6582,12.0943],[75.6727,12.0907],[75.6842,12.1022],[75.7016,12.1003],[75.7007,12.0835],[75.7171,12.0784],[75.7171,12.0621],[75.7519,12.0774],[75.7837,12.0764],[75.7997,12.0712],[75.7933,12.0475],[75.8,12.0303],[75.8266,12.0058],[75.8236,11.9946],[75.827,11.978],[75.8444,11.9703],[75.8511,11.957],[75.8767,11.9407],[75.9311,11.9311],[75.9484,11.9339],[75.9763,11.925],[75.9982,11.9236],[76.004,11.9319],[76.0296,11.9328],[76.0728,11.9613],[76.0913,11.9616],[76.1079,11.9706],[76.1081,11.8512],[76.1165,11.843],[76.1494,11.861],[76.184,11.8638],[76.2009,11.8541],[76.2072,11.8318],[76.2055,11.8196],[76.2185,11.8],[76.2444,11.7953],[76.272,11.8035],[76.2837,11.7849],[76.3,11.7762],[76.3105,11.7439],[76.335,11.7306],[76.3463,11.7305],[76.356,11.7399],[76.3723,11.7362],[76.4077,11.7533],[76.4108,11.7465],[76.4056,11.7334],[76.412,11.7343],[76.4189,11.7171],[76.4087,11.7041],[76.4031,11.7068],[76.3964,11.7011],[76.4029,11.6995],[76.4022,11.6831],[76.4074,11.6695],[76.4235,11.6593],[76.4346,11.6416],[76.4342,11.6335],[76.4259,11.629],[76.4248,11.6233],[76.3801,11.6224],[76.3707,11.5935],[76.3356,11.5783],[76.3286,11.5886],[76.2979,11.5643],[76.2938,11.565],[76.2906,11.5806],[76.2779,11.5835],[76.271,11.5929],[76.2257,11.5644],[76.2425,11.5288],[76.243,11.5242],[76.2332,11.5187],[76.2448,11.4943],[76.2401,11.4596],[76.2579,11.4732],[76.2661,11.4687],[76.2781,11.4745],[76.2877,11.466],[76.2841,11.4624],[76.289,11.4563],[76.298,11.4589],[76.3209,11.4447],[76.3337,11.4587],[76.3615,11.448],[76.3906,11.428],[76.4104,11.4336],[76.4082,11.4148],[76.4484,11.3814],[76.5101,11.3612],[76.5095,11.3466],[76.5382,11.3516],[76.5398,11.321],[76.5285,11.3035],[76.5305,11.2957],[76.5402,11.2923],[76.522,11.2812],[76.5135,11.262],[76.4464,11.2305],[76.4429,11.2001],[76.438,11.1946],[76.4527,11.1802],[76.4665,11.1861],[76.4659,11.1987],[76.4876,11.2028],[76.506,11.202],[76.5212,11.1903],[76.5933,11.1975],[76.623,11.1857],[76.6682,11.2107],[76.6782,11.2188],[76.6794,11.227],[76.697,11.2313],[76.7256,11.2089],[76.718,11.1983],[76.7212,11.1845],[76.7138,11.178],[76.7064,11.1796],[76.689,11.1651],[76.686,11.1577],[76.6912,11.1445],[76.6967,11.1327],[76.7036,11.132],[76.703,11.1418],[76.7098,11.1403],[76.7222,11.1225],[76.7349,11.1251],[76.7387,11.1213],[76.7406,11.1099],[76.7341,11.0934],[76.7386,11.084],[76.7457,11.0839],[76.748,11.0751],[76.7345,11.0639],[76.7371,11.0475],[76.7511,11.0468],[76.7548,11.0392],[76.7672,11.0322],[76.7754,11.0343],[76.79,11.0497],[76.7925,11.0424],[76.7818,11.029],[76.757,11.0246],[76.7065,11.0314],[76.6904,11.0175],[76.6798,10.9994],[76.6778,10.9797],[76.6604,10.9605],[76.6573,10.9387],[76.6474,10.929],[76.6492,10.9242],[76.6749,10.9064],[76.7004,10.9008],[76.7327,10.881],[76.744,10.8849],[76.7619,10.8798],[76.773,10.8816],[76.7853,10.8715],[76.8176,10.8618],[76.8452,10.8265],[76.8371,10.8155],[76.8404,10.8077],[76.8526,10.8085],[76.86,10.7998],[76.8883,10.7999],[76.8975,10.7708],[76.8931,10.7504],[76.8804,10.7261],[76.8837,10.7074],[76.875,10.7067],[76.8555,10.6753],[76.8702,10.6641],[76.8726,10.6294],[76.8525,10.6239],[76.805,10.6263],[76.8033,10.6141],[76.8096,10.6043],[76.8086,10.5945],[76.8297,10.5851],[76.8255,10.5616],[76.8302,10.553],[76.8245,10.5376],[76.8314,10.5246],[76.8203,10.4907],[76.8175,10.4385],[76.8073,10.4149],[76.815,10.4018],[76.8215,10.4034],[76.8226,10.3941],[76.8157,10.3865],[76.8393,10.3597],[76.8358,10.3464],[76.8257,10.3342],[76.8197,10.2952],[76.83,10.2911],[76.8385,10.2776],[76.8406,10.2836],[76.8507,10.2828],[76.8643,10.29],[76.8623,10.2671],[76.8846,10.2551],[76.8923,10.2327],[76.8987,10.2326],[76.9055,10.2248],[76.9278,10.2296],[76.9392,10.2211],[76.9588,10.2187],[76.9708,10.2087],[77.0067,10.2364],[77.0386,10.2482],[77.0425,10.262],[77.0338,10.2722],[77.0461,10.2743],[77.0533,10.2799],[77.0519,10.2855],[77.0922,10.3043],[77.1083,10.3072],[77.163,10.3463],[77.2222,10.3403],[77.2145,10.3058],[77.2505,10.2538],[77.2448,10.2452],[77.2465,10.2206],[77.2556,10.2255],[77.27,10.2243],[77.2804,10.2073],[77.2697,10.1968],[77.2644,10.1797],[77.2574,10.1359],[77.2598,10.1191],[77.2533,10.1114],[77.2251,10.1185],[77.2033,10.1036],[77.1946,10.1062],[77.1878,10.0925],[77.1952,10.0735],[77.2182,10.0569],[77.2481,10.0202],[77.2409,10.0001],[77.2477,9.9948],[77.2451,9.9862],[77.2508,9.9814],[77.2498,9.9728],[77.2614,9.9637],[77.2499,9.9425],[77.2347,9.9428],[77.2169,9.9058],[77.2044,9.8943],[77.2065,9.8778],[77.1991,9.866],[77.2092,9.8538],[77.2237,9.849],[77.2237,9.843],[77.2138,9.8385],[77.2089,9.8145],[77.219,9.8133],[77.2195,9.8088],[77.2271,9.8063],[77.234,9.7885],[77.2098,9.7799],[77.2107,9.7664],[77.2186,9.76],[77.2124,9.7554],[77.206,9.7375],[77.2082,9.7217],[77.1899,9.7155],[77.1917,9.6862],[77.1796,9.6604],[77.1657,9.6482],[77.1622,9.6198],[77.1519,9.606],[77.1746,9.5972],[77.186,9.6059],[77.1959,9.6042],[77.1966,9.5957],[77.2054,9.5923],[77.2228,9.5728],[77.2299,9.5759],[77.255,9.565],[77.2753,9.5766],[77.275,9.581],[77.3043,9.593],[77.3149,9.5886],[77.3108,9.5845],[77.3107,9.5704],[77.3248,9.5632],[77.3409,9.5951],[77.3513,9.588],[77.3432,9.5848],[77.3409,9.5776],[77.3453,9.5673],[77.3359,9.5568],[77.3381,9.5503],[77.3488,9.5462],[77.3505,9.5263],[77.3707,9.5087],[77.3868,9.5167],[77.3864,9.5068],[77.3949,9.5044],[77.3962,9.4965],[77.3855,9.4862],[77.3868,9.4674],[77.3774,9.4587],[77.3786,9.4508],[77.3636,9.4433],[77.3516,9.4497],[77.3343,9.4311],[77.3346,9.4239],[77.3217,9.4057],[77.3276,9.3898],[77.3258,9.3787],[77.3198,9.3761],[77.323,9.3586],[77.3097,9.3346],[77.3113,9.3279],[77.2841,9.3275],[77.2868,9.3081],[77.2835,9.3009],[77.2668,9.2909],[77.2741,9.2632],[77.2676,9.2624],[77.2595,9.2244],[77.2668,9.2088],[77.2503,9.1902],[77.2397,9.19],[77.2366,9.1792],[77.2484,9.1758],[77.2518,9.143],[77.2377,9.13],[77.2302,9.1148],[77.2117,9.1064],[77.2094,9.0976],[77.1959,9.0884],[77.1897,9.0752],[77.1928,9.065],[77.1802,9.0448],[77.1821,9.0365],[77.1538,9.0366],[77.1453,9.0272],[77.1469,9.0216],[77.1322,9.0119],[77.1342,9],[77.1432,8.9979],[77.1469,8.987],[77.1584,8.9782],[77.1632,8.9623],[77.1747,8.9569],[77.1802,8.947],[77.1804,8.9157],[77.1848,8.9102],[77.1939,8.9219],[77.2047,8.9174],[77.2074,8.9139],[77.202,8.9067],[77.2063,8.8932],[77.2215,8.8881],[77.2271,8.8718],[77.2415,8.8648],[77.2404,8.8515],[77.247,8.8319],[77.2274,8.8006],[77.2174,8.797],[77.2147,8.7758],[77.1984,8.7695],[77.2022,8.7609],[77.1978,8.7577],[77.183,8.7611],[77.1837,8.7481],[77.1765,8.735],[77.1627,8.7352],[77.1572,8.7408],[77.1553,8.7376],[77.1617,8.7152],[77.1793,8.6996],[77.1877,8.6838],[77.1903,8.6549],[77.2187,8.6184],[77.2283,8.6129],[77.2284,8.5978],[77.2515,8.571],[77.2651,8.5426],[77.2475,8.5014],[77.2226,8.4883],[77.2064,8.5044],[77.1986,8.5039],[77.1865,8.4934],[77.1988,8.4602],[77.2091,8.4507],[77.2095,8.4377],[77.1887,8.4347],[77.1827,8.4275],[77.1798,8.4091],[77.1537,8.3774],[77.1494,8.3754],[77.1407,8.3828],[77.1348,8.3785],[77.1432,8.3623],[77.1358,8.3457],[77.1475,8.3546],[77.1546,8.3514],[77.1568,8.3452],[77.1511,8.3309],[77.1597,8.3125],[77.1498,8.3219],[77.1219,8.3229],[77.1009,8.3117],[77.1047,8.3016],[77.0904,8.2976],[77.0279,8.3488],[77.0088,8.3571],[76.9954,8.3763],[76.9887,8.3774],[76.9896,8.3729],[76.9754,8.3846],[76.9599,8.4218],[76.6996,8.7376],[76.6793,8.7732],[76.6318,8.8363],[76.5935,8.8738],[76.5793,8.8813],[76.5679,8.8804],[76.5826,8.8701],[76.5654,8.8796],[76.5462,8.9024],[76.5393,8.931],[76.5351,8.9329],[76.5188,9.0185],[76.4635,9.134],[76.4693,9.1365],[76.4668,9.131],[76.471,9.1301],[76.4721,9.1229],[76.4765,9.1246],[76.4735,9.1276],[76.4771,9.1335],[76.4835,9.1265],[76.4799,9.1651],[76.4904,9.1701],[76.4799,9.171],[76.4757,9.1665],[76.4788,9.154],[76.4707,9.1424],[76.4674,9.1582],[76.4576,9.1676],[76.4424,9.2004],[76.4404,9.2304],[76.4315,9.2304],[76.4226,9.2457],[76.4207,9.2415],[76.436,9.2113],[76.4396,9.1901],[76.4515,9.1785],[76.4582,9.1635],[76.4543,9.1585],[76.461,9.159],[76.4679,9.1429],[76.4613,9.1396],[76.3812,9.3115],[76.3379,9.416],[76.3196,9.4818],[76.3001,9.586],[76.2843,9.7376],[76.2865,9.7499],[76.2829,9.7515],[76.2632,9.8699],[76.2376,9.9657],[76.2532,9.9696],[76.2599,9.9624],[76.2654,9.9346],[76.2954,9.9179],[76.2965,9.8929],[76.2901,9.8988],[76.2921,9.9085],[76.286,9.9088],[76.2865,9.9021],[76.2726,9.8999],[76.2665,9.9124],[76.2701,9.9013],[76.2654,9.8968],[76.2574,9.9157],[76.2696,9.8663],[76.2749,9.8679],[76.274,9.8743],[76.2771,9.8693],[76.2815,9.874],[76.2757,9.894],[76.2796,9.8879],[76.2821,9.8988],[76.2876,9.8985],[76.2971,9.8529],[76.2835,9.8504],[76.2846,9.8326],[76.294,9.8379],[76.2913,9.8499],[76.2993,9.8496],[76.2996,9.8438],[76.3029,9.8474],[76.2965,9.8604],[76.2957,9.8899],[76.3193,9.8763],[76.3168,9.8449],[76.3218,9.8343],[76.3218,9.8076],[76.3257,9.8057],[76.3274,9.7882],[76.3349,9.7799],[76.3357,9.766],[76.3404,9.7629],[76.3412,9.7315],[76.3476,9.7118],[76.3465,9.7504],[76.3365,9.7693],[76.3376,9.7863],[76.3301,9.8018],[76.3363,9.8093],[76.3301,9.829],[76.3285,9.8243],[76.3226,9.8279],[76.3185,9.8438],[76.3207,9.8713],[76.3313,9.8724],[76.3374,9.8649],[76.3415,9.8368],[76.349,9.8279],[76.3574,9.8215],[76.3707,9.8201],[76.3596,9.7988],[76.3688,9.7743],[76.3721,9.7385],[76.3607,9.7004],[76.3718,9.6851],[76.3988,9.6743],[76.3932,9.6751],[76.3913,9.6593],[76.3821,9.6521],[76.381,9.6326],[76.3671,9.611],[76.3637,9.5968],[76.3676,9.5832],[76.3593,9.5749],[76.3532,9.5399],[76.3571,9.5254],[76.3749,9.5224],[76.3826,9.516],[76.3832,9.5065],[76.3832,9.526],[76.434,9.5274],[76.4346,9.5193],[76.4379,9.5204],[76.4424,9.5113],[76.4429,9.5276],[76.479,9.5288],[76.4804,9.5113],[76.4807,9.529],[76.5021,9.5307],[76.4901,9.541],[76.4785,9.5382],[76.4665,9.5424],[76.4665,9.5593],[76.4635,9.5435],[76.4176,9.5604],[76.4165,9.5718],[76.4301,9.6113],[76.4174,9.6332],[76.4196,9.6413],[76.4254,9.6413],[76.421,9.6451],[76.4193,9.6418],[76.4212,9.6504],[76.4179,9.6424],[76.4026,9.6474],[76.4046,9.6646],[76.419,9.6582],[76.404,9.6665],[76.4146,9.6943],[76.4079,9.6999],[76.4007,9.6963],[76.3962,9.7018],[76.3829,9.7026],[76.391,9.7421],[76.3868,9.7585],[76.374,9.7712],[76.3679,9.7901],[76.374,9.7985],[76.3768,9.7943],[76.3904,9.8168],[76.3899,9.8204],[76.3832,9.8196],[76.3812,9.8268],[76.3951,9.8179],[76.3829,9.829],[76.3863,9.8407],[76.3799,9.8413],[76.3846,9.8443],[76.3715,9.8424],[76.3715,9.849],[76.3796,9.8535],[76.3774,9.8649],[76.3568,9.9071],[76.3515,9.9124],[76.344,9.9104],[76.3401,9.9196],[76.3238,9.9143],[76.3326,9.914],[76.336,9.9035],[76.3412,9.9029],[76.3432,9.8851],[76.3346,9.8893],[76.336,9.8954],[76.3293,9.9029],[76.3354,9.884],[76.3307,9.8821],[76.3187,9.8888],[76.3215,9.8924],[76.3171,9.8943],[76.3182,9.9021],[76.304,9.9343],[76.3054,9.9435],[76.3115,9.9485],[76.3051,9.946],[76.3043,9.9363],[76.3001,9.9368],[76.3035,9.9257],[76.2699,9.9893],[76.2763,10.0029],[76.2674,10.0321],[76.2601,10.0343],[76.2574,10.0232],[76.2682,9.9826],[76.2496,10.0299],[76.2571,10.039],[76.264,10.0335],[76.2663,10.0374],[76.2557,10.0426],[76.2551,10.0476],[76.254,10.0393],[76.2404,10.071],[76.2449,10.0707],[76.2513,10.0518],[76.2526,10.056],[76.2574,10.0549],[76.2585,10.051],[76.2518,10.0513],[76.2571,10.046],[76.2618,10.0574],[76.2571,10.0679],[76.2601,10.0643],[76.2671,10.0671],[76.2668,10.0718],[76.261,10.0701],[76.2574,10.0846],[76.2651,10.0726],[76.2646,10.0793],[76.259,10.0913],[76.2526,10.0838],[76.2521,10.0932],[76.2371,10.1138],[76.2304,10.114],[76.2279,10.1201],[76.2312,10.1215],[76.2257,10.1271],[76.229,10.1138],[76.2351,10.111],[76.231,10.1096],[76.2426,10.0763],[76.2393,10.0751],[76.2293,10.0962],[76.2332,10.0951],[76.2271,10.1024],[76.2271,10.0946],[76.2157,10.1126],[76.2185,10.1157],[76.2246,10.1037],[76.2213,10.1257],[76.2074,10.1351],[76.2126,10.1393],[76.2057,10.1471],[76.2032,10.1376],[76.2071,10.1307],[76.2024,10.1321],[76.2074,10.1279],[76.2174,10.089],[76.2115,10.1043],[76.2104,10.0913],[76.2151,10.0926],[76.2126,10.084],[76.2193,10.0729],[76.2182,10.0843],[76.2213,10.0843],[76.2301,10.0599],[76.2254,10.054],[76.2196,10.0685],[76.2213,10.0535],[76.2321,10.0474],[76.2315,10.0351],[76.2337,10.0304],[76.2349,10.0365],[76.2387,10.0304],[76.2393,10.0254],[76.2332,10.0296],[76.2387,10.0229],[76.2304,10.0168],[76.2371,10.016],[76.2351,10.0099],[76.2407,10.0024],[76.2374,9.9968],[76.2454,9.9724],[76.224,9.9771],[76.1835,10.126],[76.1665,10.1715],[76.1676,10.181],[76.176,10.1832],[76.1777,10.174],[76.1932,10.1624],[76.2026,10.139],[76.2001,10.1468],[76.204,10.1518],[76.1996,10.149],[76.1935,10.1638],[76.1801,10.1729],[76.1771,10.1826],[76.1918,10.1935],[76.1651,10.1879],[76.1646,10.1818],[76.1607,10.1868],[76.0993,10.3807],[76.0401,10.5049],[76.041,10.5176],[76.034,10.5257],[76.0374,10.5324],[76.0526,10.5321],[76.0524,10.5435],[76.0635,10.5357],[76.0676,10.5446],[76.0496,10.5468],[76.041,10.5643],[76.0474,10.5679],[76.0415,10.5754],[76.0362,10.5679],[76.0474,10.5474],[76.0482,10.5351],[76.0318,10.5371],[76.031,10.5265],[76.0401,10.5113],[76.0362,10.5101],[75.9101,10.7924],[75.8576,11.0185],[75.8629,11.0054],[75.8677,11.0093],[75.8654,11.0135],[75.8643,11.0065],[75.8613,11.0187],[75.856,11.0207],[75.8326,11.1096],[75.8251,11.1229],[75.8357,11.1265],[75.8468,11.1424],[75.8535,11.1407],[75.8613,11.1296],[75.8585,11.1385],[75.8451,11.1438],[75.8249,11.1254],[75.8149,11.1479],[75.8015,11.1587],[75.809,11.1626],[75.8107,11.1571],[75.8288,11.1582],[75.8274,11.1621],[75.8221,11.1568],[75.8124,11.1624],[75.8215,11.1776],[75.829,11.1807],[75.814,11.1793],[75.809,11.1663],[75.8021,11.1626],[75.7476,11.3185],[75.7374,11.324],[75.7337,11.334],[75.7357,11.3532],[75.686,11.4435],[75.6651,11.4613],[75.6471,11.4679],[75.6343,11.4615],[75.6274,11.4724],[75.6174,11.4771],[75.6157,11.4957],[75.5904,11.561],[75.5901,11.5688],[75.5999,11.5443],[75.5946,11.571],[75.5857,11.5863],[75.5882,11.569],[75.5424,11.6818],[75.5085,11.7315],[75.4976,11.7324],[75.4721,11.7638],[75.486,11.7651],[75.4935,11.7563],[75.5018,11.7624],[75.5076,11.7612],[75.5071,11.7646],[75.4924,11.7582],[75.4879,11.7665],[75.4749,11.7665],[75.4868,11.7762],[75.4846,11.7885],[75.4965,11.7954],[75.5001,11.7932],[75.4999,11.7985],[75.4876,11.7963],[75.4743,11.8035],[75.4868,11.7924],[75.479,11.7893],[75.4807,11.7793],[75.4682,11.7643],[75.4538,11.7701],[75.4635,11.7851],[75.4601,11.8074],[75.4612,11.7846],[75.4593,11.7782],[75.454,11.7785],[75.4476,11.7815],[75.4354,11.806],[75.4257,11.8104],[75.4051,11.8382],[75.3838,11.8568],[75.3746,11.8579],[75.3743,11.8526],[75.3668,11.8513],[75.3551,11.8599],[75.3521,11.8713],[75.3324,11.8963],[75.3182,11.9054],[75.3187,11.916],[75.2987,11.9435],[75.3054,11.9471],[75.3565,11.9285],[75.3721,11.9396],[75.3776,11.9274],[75.3854,11.9257],[75.3851,11.9165],[75.3993,11.9154],[75.399,11.9196],[75.3893,11.9179],[75.3887,11.9299],[75.3788,11.9301],[75.3782,11.9393],[75.3726,11.944],[75.3749,11.9565],[75.3635,11.946],[75.3587,11.9315],[75.3346,11.9438],[75.3179,11.9462],[75.3096,11.9699],[75.3037,11.9688],[75.3143,11.9568],[75.3143,11.9496],[75.3068,11.9532],[75.279,12.0021],[75.2729,12.0065],[75.2796,11.9946],[75.2654,12.0071],[75.2682,12.0235],[75.2851,12.0188],[75.2918,12.0051],[75.2954,12.0101],[75.2987,12.0035],[75.3024,12.0071],[75.3085,12.0024],[75.316,12.004],[75.3154,12.011],[75.3332,12.0101],[75.3321,12.0135],[75.2993,12.0157],[75.3057,12.0193],[75.3018,12.0296],[75.3118,12.0326],[75.3162,12.0463],[75.3282,12.036],[75.3393,12.0476],[75.3346,12.0479],[75.329,12.0379],[75.3215,12.0474],[75.3151,12.0474],[75.3071,12.0343],[75.3121,12.049],[75.2962,12.0592],[75.3148,12.0876],[75.3096,12.0906],[75.3091,12.1027],[75.3282,12.1073],[75.3399,12.0983],[75.3685,12.1213],[75.3793,12.1221],[75.3823,12.1291],[75.3831,12.124],[75.3922,12.1263],[75.4025,12.1368],[75.3939,12.1455],[75.3746,12.1491],[75.3636,12.135],[75.3478,12.1353],[75.3352,12.144],[75.3252,12.1449],[75.3112,12.1365],[75.3107,12.1247],[75.2839,12.115],[75.2745,12.1003],[75.2599,12.1089],[75.2474,12.1037],[75.2366,12.1102],[75.2231,12.1048],[75.2249,12.032],[75.2311,12.0246],[75.2171,12.0101],[75.2079,12.0107],[75.2046,12.0049],[75.2004,12.0074],[75.1815,12.0482],[75.1876,12.0454],[75.1787,12.0807],[75.1893,12.0896],[75.1951,12.0701],[75.2076,12.0735],[75.2151,12.0668],[75.2196,12.0713],[75.214,12.0687],[75.2068,12.0746],[75.1957,12.0715],[75.189,12.0913],[75.179,12.0829],[75.1726,12.0857],[75.1768,12.0988],[75.186,12.0935],[75.1929,12.1007],[75.1921,12.1118],[75.1974,12.1174],[75.1888,12.1282],[75.1921,12.1326],[75.1871,12.1296],[75.1924,12.1176],[75.189,12.1138],[75.1915,12.1013],[75.1818,12.0951],[75.1732,12.1007],[75.1712,12.1151],[75.1612,12.1193],[75.1635,12.1363],[75.1537,12.1493],[75.1424,12.1824],[75.1363,12.1868],[75.129,12.2121],[75.1215,12.2138],[75.1221,12.2043],[75.1176,12.2063],[75.0568,12.3624],[75.0626,12.341],[75.0404,12.3879],[75.0304,12.3918],[75.0218,12.4121],[75.0146,12.4168],[75.0049,12.4451],[74.9979,12.4499],[74.9735,12.4987],[74.9579,12.5513],[74.9551,12.5543],[74.9546,12.5487],[74.9324,12.604],[74.941,12.5893],[74.9399,12.5949],[74.9321,12.6132],[74.9274,12.6126],[74.8874,12.7057],[74.8926,12.7035],[74.8926,12.7085],[74.8838,12.7096],[74.8665,12.7526],[74.8759,12.7553],[74.878,12.7502],[74.8856,12.7488],[74.908,12.7626],[74.9542,12.7793],[74.9707,12.7726],[74.9819,12.7752],[74.9926,12.7836],[74.9895,12.7908],[74.996,12.788]]]]}},{"type":"Feature","id":"Lakshadweep","properties":{"name":"Lakshadweep","type":"Union Territor","code":""},"geometry":{"type":"MultiPolygon","coordinates":[[[[73.0101,8.2804],[73.0124,8.2768],[73.0101,8.2804]]],[[[73.081,8.3276],[73.069,8.3079],[73.0671,8.2857],[73.0493,8.2668],[73.0315,8.2665],[73.0188,8.2715],[73.0182,8.2776],[73.0238,8.2726],[73.041,8.274],[73.0557,8.2826],[73.081,8.3276]]],[[[72.2901,10.0496],[72.2818,10.0379],[72.2901,10.0496]]],[[[73.6335,10.0704],[73.6301,10.0676],[73.6335,10.0704]]],[[[73.629,10.0751],[73.6254,10.0729],[73.629,10.0751]]],[[[73.6515,10.1043],[73.6474,10.0588],[73.6418,10.0571],[73.6354,10.0721],[73.641,10.0713],[73.6449,10.0771],[73.6515,10.1043]]],[[[72.3279,10.1365],[72.3318,10.1249],[72.326,10.1268],[72.3279,10.1365]]],[[[73.661,10.156],[73.6651,10.1418],[73.6621,10.1299],[73.661,10.156]]],[[[72.6421,10.5774],[72.6493,10.5721],[72.6488,10.5615],[72.6154,10.5407],[72.6421,10.5774]]],[[[72.1687,10.8149],[72.1651,10.8121],[72.1687,10.8149]]],[[[72.1726,10.8199],[72.1726,10.8199]]],[[[73.6785,10.8215],[73.6771,10.8176],[73.7026,10.8149],[73.6729,10.8046],[73.6621,10.8085],[73.6612,10.8174],[73.6785,10.8215]]],[[[72.1726,10.8199],[72.1888,10.8487],[72.1943,10.8707],[72.2065,10.8774],[72.1726,10.8199]]],[[[72.2913,10.946],[72.2882,10.9438],[72.291,10.9363],[72.2843,10.9354],[72.2857,10.9449],[72.2913,10.946]]],[[[72.3265,10.9532],[72.3135,10.9432],[72.3149,10.9485],[72.3265,10.9532]]],[[[72.3337,10.9585],[72.3318,10.9551],[72.3337,10.9585]]],[[[72.7315,11.1363],[72.7329,11.1279],[72.7201,11.1107],[72.7151,11.1168],[72.716,11.1251],[72.7315,11.1363]]],[[[72.1057,11.2129],[72.1038,11.2082],[72.1057,11.2129]]],[[[72.1029,11.2151],[72.1029,11.2151]]],[[[72.7901,11.2599],[72.7771,11.2143],[72.7613,11.1801],[72.7779,11.241],[72.7901,11.2599]]],[[[73.001,11.4882],[73.0018,11.4846],[73.001,11.4882]]],[[[72.9999,11.4979],[73.0093,11.4863],[73.0115,11.4715],[73.0076,11.4676],[73.0018,11.4915],[72.9968,11.4954],[72.9999,11.4979]]],[[[72.1862,11.6013],[72.189,11.596],[72.1846,11.5979],[72.1862,11.6013]]],[[[72.714,11.7063],[72.7165,11.6921],[72.7049,11.6807],[72.714,11.7063]]]]}},{"type":"Feature","id":"Madhya Pradesh","properties":{"name":"Madhya Pradesh","type":"State","code":""},"geometry":{"type":"Polygon","coordinates":[[[78.3646,26.8688],[78.3897,26.8249],[78.4259,26.8323],[78.4508,26.7981],[78.5156,26.7851],[78.5658,26.7577],[78.6065,26.7575],[78.6204,26.7752],[78.659,26.7692],[78.6675,26.7742],[78.6774,26.7924],[78.7153,26.8002],[78.7214,26.7977],[78.7178,26.7872],[78.7229,26.7793],[78.7411,26.7925],[78.7664,26.7645],[78.7987,26.7691],[78.8114,26.7655],[78.8407,26.7261],[78.8649,26.7047],[78.8829,26.7044],[78.9039,26.7134],[78.9481,26.6967],[78.9499,26.6919],[78.937,26.6723],[78.9379,26.6627],[78.9479,26.6626],[78.9739,26.6825],[78.9932,26.6846],[79.0012,26.6739],[78.9872,26.6442],[79.0031,26.6267],[79.0057,26.6105],[78.978,26.5924],[78.9796,26.5741],[78.9913,26.5823],[78.9982,26.5742],[78.998,26.564],[79.0067,26.5578],[78.9977,26.5559],[78.998,26.5509],[79.008,26.5478],[79.0205,26.5517],[79.0196,26.5414],[79.0331,26.536],[79.0313,26.5248],[79.041,26.5228],[79.0393,26.5157],[79.0509,26.5008],[79.0609,26.5033],[79.0643,26.4868],[79.0471,26.4614],[79.0485,26.4561],[79.0575,26.4561],[79.0613,26.4494],[79.0809,26.4439],[79.0833,26.453],[79.0894,26.4509],[79.0949,26.4571],[79.1268,26.4448],[79.1191,26.4329],[79.1172,26.4171],[79.1007,26.4117],[79.0868,26.4178],[79.0807,26.4055],[79.0905,26.3794],[79.0792,26.3729],[79.0768,26.3627],[79.0967,26.3596],[79.1004,26.3551],[79.1034,26.3595],[79.1166,26.3536],[79.1232,26.3447],[79.1337,26.345],[79.125,26.3379],[79.127,26.3317],[79.1156,26.3351],[79.1157,26.3285],[79.1272,26.3214],[79.1266,26.316],[79.1088,26.3086],[79.098,26.3147],[79.0938,26.3119],[79.0831,26.2939],[79.0864,26.2837],[79.0836,26.2724],[79.0761,26.2752],[79.0777,26.2872],[79.0687,26.2878],[79.0533,26.2796],[79.0468,26.2706],[79.0485,26.266],[79.037,26.267],[79.0489,26.2537],[79.0584,26.2539],[79.0627,26.2469],[79.0565,26.2419],[79.0571,26.2329],[79.0406,26.2293],[79.0204,26.2343],[79.0169,26.228],[79.0206,26.2086],[79.0099,26.2049],[79.0149,26.1975],[79.0023,26.1968],[78.9918,26.204],[78.9774,26.1955],[78.9757,26.1928],[78.9918,26.1773],[79.0034,26.173],[79.0007,26.155],[78.9862,26.1505],[78.9653,26.1558],[78.9427,26.1391],[78.9692,26.1234],[78.9718,26.1087],[78.9901,26.0959],[79.0035,26.0943],[79.0032,26.0818],[78.9971,26.0739],[78.9825,26.0738],[78.9758,26.0599],[78.9682,26.0592],[78.9443,26.037],[78.9504,26.0199],[78.9453,26.0139],[78.9432,25.9907],[78.9362,25.9853],[78.9272,25.9865],[78.9236,25.9809],[78.9311,25.9763],[78.9255,25.9654],[78.9295,25.9494],[78.9211,25.9508],[78.9238,25.9528],[78.9098,25.9461],[78.8943,25.9259],[78.8764,25.9157],[78.8872,25.899],[78.8813,25.8884],[78.8827,25.8703],[78.8636,25.8747],[78.8466,25.8605],[78.8462,25.8388],[78.8529,25.8436],[78.8658,25.8344],[78.8619,25.7992],[78.8559,25.7944],[78.8497,25.7959],[78.8413,25.8052],[78.841,25.8206],[78.8112,25.8301],[78.7989,25.8182],[78.8005,25.8129],[78.804,25.8102],[78.8162,25.8176],[78.8223,25.8152],[78.8205,25.7994],[78.7996,25.7994],[78.78,25.7751],[78.7758,25.7615],[78.7658,25.7589],[78.7624,25.7523],[78.7468,25.7491],[78.7458,25.738],[78.7524,25.7274],[78.7912,25.7105],[78.7894,25.6998],[78.8113,25.6745],[78.8112,25.6455],[78.8052,25.6246],[78.7945,25.6176],[78.741,25.6039],[78.7243,25.6085],[78.7112,25.6066],[78.677,25.5941],[78.6486,25.5656],[78.6234,25.571],[78.6181,25.587],[78.6086,25.5891],[78.5812,25.5643],[78.5655,25.5679],[78.5418,25.5651],[78.5275,25.5729],[78.5114,25.573],[78.4863,25.5822],[78.4621,25.5675],[78.4552,25.552],[78.445,25.555],[78.4371,25.5644],[78.4293,25.5639],[78.4087,25.5329],[78.4167,25.5178],[78.4096,25.5186],[78.4094,25.5043],[78.4195,25.4905],[78.4207,25.4776],[78.4067,25.4792],[78.3938,25.4713],[78.3857,25.4542],[78.3774,25.4484],[78.361,25.4466],[78.3527,25.4553],[78.3476,25.4548],[78.3352,25.4311],[78.3303,25.401],[78.3107,25.3851],[78.2997,25.3838],[78.2955,25.3748],[78.2962,25.365],[78.3232,25.3553],[78.3313,25.3367],[78.3278,25.3276],[78.308,25.311],[78.3165,25.3046],[78.3452,25.2979],[78.3451,25.283],[78.3622,25.2654],[78.3545,25.2461],[78.3689,25.2417],[78.3752,25.2258],[78.3978,25.2178],[78.3839,25.206],[78.3854,25.1952],[78.4036,25.1889],[78.4173,25.1728],[78.4282,25.1696],[78.4439,25.1726],[78.4465,25.169],[78.442,25.1574],[78.4209,25.1576],[78.4183,25.1535],[78.4429,25.1288],[78.4247,25.1247],[78.3953,25.1305],[78.3744,25.1085],[78.3278,25.0888],[78.325,25.0725],[78.3381,25.0273],[78.3275,24.9996],[78.3096,24.9912],[78.2896,24.9681],[78.2139,24.9156],[78.1997,24.8962],[78.1654,24.8817],[78.1638,24.8571],[78.1653,24.8482],[78.1916,24.8397],[78.209,24.8131],[78.2258,24.7766],[78.2204,24.7474],[78.2508,24.7056],[78.2685,24.6671],[78.2567,24.6486],[78.2699,24.6154],[78.2589,24.5582],[78.2553,24.5523],[78.2242,24.5413],[78.2165,24.5316],[78.2197,24.5228],[78.2402,24.5096],[78.2396,24.4895],[78.2632,24.4831],[78.2696,24.4762],[78.2603,24.46],[78.2669,24.4474],[78.3183,24.4104],[78.3367,24.4039],[78.3449,24.392],[78.3609,24.3858],[78.3626,24.3782],[78.3266,24.3385],[78.326,24.3296],[78.3394,24.3174],[78.3445,24.3033],[78.3617,24.2961],[78.3824,24.2739],[78.407,24.277],[78.4113,24.2876],[78.4265,24.2902],[78.4348,24.2977],[78.4335,24.3134],[78.4403,24.3255],[78.4678,24.3393],[78.4753,24.3674],[78.4898,24.3861],[78.5054,24.394],[78.5192,24.3874],[78.5276,24.3745],[78.5526,24.3606],[78.5784,24.3571],[78.5847,24.3434],[78.5936,24.3394],[78.6021,24.3183],[78.6228,24.3099],[78.6173,24.2961],[78.6217,24.2863],[78.6342,24.2894],[78.6544,24.2737],[78.6691,24.245],[78.6811,24.2441],[78.6989,24.2345],[78.7186,24.2392],[78.7265,24.2527],[78.7322,24.2538],[78.7375,24.2421],[78.7459,24.2393],[78.7526,24.2437],[78.7567,24.2597],[78.7603,24.2585],[78.7664,24.2506],[78.7605,24.2339],[78.7763,24.21],[78.7846,24.1851],[78.7917,24.1802],[78.8057,24.1843],[78.8135,24.2103],[78.8243,24.2013],[78.8388,24.2147],[78.8628,24.214],[78.8789,24.2231],[78.8791,24.254],[78.9117,24.2765],[78.9128,24.2895],[78.9078,24.3012],[78.9325,24.3189],[78.9669,24.3537],[78.9742,24.3986],[78.9869,24.4232],[78.9844,24.4414],[78.982,24.4472],[78.9444,24.4433],[78.9311,24.46],[78.9086,24.4668],[78.9009,24.4884],[78.9138,24.5008],[78.9244,24.4991],[78.9233,24.4884],[78.9307,24.4845],[78.9486,24.4862],[78.9664,24.4969],[78.9442,24.5095],[78.94,24.5341],[78.9447,24.5562],[78.9131,24.5813],[78.9056,24.6022],[78.893,24.6138],[78.8817,24.6397],[78.8731,24.647],[78.8665,24.6455],[78.8524,24.6209],[78.8444,24.629],[78.8391,24.6282],[78.8308,24.6089],[78.8018,24.6078],[78.7938,24.5982],[78.7769,24.5931],[78.7495,24.605],[78.748,24.6371],[78.7401,24.66],[78.7449,24.6693],[78.755,24.6736],[78.76,24.6936],[78.7724,24.7041],[78.7686,24.7548],[78.7632,24.7668],[78.7645,24.795],[78.7801,24.807],[78.7805,24.815],[78.7645,24.8614],[78.7467,24.8709],[78.7316,24.8723],[78.7189,24.8827],[78.7029,24.884],[78.6963,24.8947],[78.6684,24.9024],[78.6595,24.9175],[78.6537,24.9442],[78.6405,24.9404],[78.6424,24.9526],[78.622,24.9649],[78.632,24.9837],[78.6362,25.0214],[78.6442,25.0353],[78.6419,25.0615],[78.6203,25.0916],[78.5972,25.0979],[78.5937,25.1574],[78.5698,25.202],[78.5615,25.2274],[78.5686,25.2586],[78.557,25.2693],[78.5285,25.2745],[78.5209,25.288],[78.5053,25.2815],[78.4967,25.2939],[78.454,25.2706],[78.4358,25.2732],[78.4274,25.2887],[78.4298,25.297],[78.4406,25.3042],[78.4671,25.293],[78.4693,25.3033],[78.4922,25.3238],[78.5003,25.3041],[78.5251,25.3065],[78.5415,25.3266],[78.5315,25.3349],[78.5251,25.363],[78.5351,25.364],[78.556,25.3486],[78.5762,25.3519],[78.5778,25.3771],[78.5703,25.3848],[78.5569,25.3842],[78.5611,25.3957],[78.5789,25.3901],[78.5883,25.3921],[78.5946,25.4091],[78.6035,25.4171],[78.6144,25.4163],[78.6192,25.407],[78.6286,25.4065],[78.6368,25.4141],[78.6337,25.4381],[78.6454,25.4379],[78.6527,25.444],[78.6749,25.4381],[78.6858,25.4478],[78.7014,25.4289],[78.6691,25.4039],[78.6565,25.4201],[78.652,25.4131],[78.6579,25.388],[78.6694,25.3929],[78.6738,25.3912],[78.6716,25.3846],[78.6872,25.3806],[78.6928,25.3877],[78.709,25.3788],[78.7039,25.3586],[78.7136,25.353],[78.7357,25.3492],[78.7644,25.3584],[78.7612,25.3822],[78.7529,25.3903],[78.7589,25.3935],[78.7596,25.4021],[78.7546,25.4062],[78.7416,25.3986],[78.7431,25.4127],[78.7562,25.4193],[78.8077,25.4252],[78.8129,25.4304],[78.7895,25.442],[78.7654,25.43],[78.7551,25.4339],[78.7481,25.4484],[78.7246,25.4633],[78.7263,25.4901],[78.7318,25.5007],[78.7361,25.5043],[78.7436,25.4849],[78.7565,25.4762],[78.7895,25.4835],[78.8299,25.4657],[78.8457,25.4544],[78.8372,25.448],[78.8139,25.4463],[78.8197,25.4378],[78.8343,25.4325],[78.8537,25.4523],[78.8572,25.4671],[78.846,25.4914],[78.827,25.5037],[78.8283,25.51],[78.8339,25.516],[78.876,25.5243],[78.8776,25.5332],[78.8684,25.5442],[78.869,25.5512],[78.8855,25.5608],[78.9104,25.5593],[78.9168,25.5413],[78.9257,25.56],[78.9417,25.5514],[78.9419,25.5312],[78.9322,25.5244],[78.9196,25.5274],[78.9164,25.5208],[78.9352,25.4943],[78.9356,25.48],[78.9275,25.4657],[78.9032,25.4469],[78.9291,25.4283],[78.9426,25.4417],[78.9601,25.4389],[78.9689,25.4251],[78.9655,25.4115],[78.9682,25.3966],[78.9758,25.3887],[78.9785,25.376],[78.9484,25.37],[78.9387,25.3528],[78.9286,25.3518],[78.9172,25.36],[78.897,25.3652],[78.8925,25.3753],[78.8954,25.3808],[78.9311,25.3771],[78.9389,25.3891],[78.9512,25.3965],[78.9494,25.4002],[78.931,25.4032],[78.9154,25.3996],[78.9011,25.3893],[78.8747,25.3877],[78.8377,25.3522],[78.8359,25.347],[78.8454,25.3387],[78.8435,25.3324],[78.8333,25.3313],[78.8146,25.311],[78.7919,25.3148],[78.7833,25.3032],[78.7832,25.2976],[78.7912,25.293],[78.8037,25.302],[78.8117,25.2998],[78.8056,25.2709],[78.8418,25.2292],[78.8623,25.2831],[78.8724,25.2882],[78.8669,25.311],[78.8564,25.317],[78.8756,25.334],[78.8765,25.3445],[78.8852,25.3467],[78.9079,25.3394],[78.9189,25.346],[78.9276,25.3317],[78.9458,25.3473],[78.9558,25.3478],[78.9528,25.3119],[78.9703,25.2911],[78.97,25.2852],[78.9475,25.2837],[78.9438,25.2801],[78.9462,25.2638],[78.9335,25.2635],[78.9152,25.2757],[78.9086,25.2744],[78.8917,25.2455],[78.8759,25.2558],[78.8722,25.2508],[78.8671,25.2325],[78.8824,25.2111],[78.8676,25.1863],[78.8718,25.166],[78.8771,25.1622],[78.9006,25.1805],[78.9242,25.2106],[78.9483,25.2202],[78.9639,25.2194],[78.9824,25.1992],[78.9958,25.1959],[79.0004,25.2161],[78.9933,25.2222],[78.9947,25.2337],[78.9712,25.2449],[78.9868,25.275],[79.005,25.277],[79.0124,25.274],[79.016,25.2651],[79.0121,25.2482],[79.0294,25.2493],[79.0265,25.2347],[79.0564,25.2257],[79.0551,25.2172],[79.0485,25.2098],[79.0428,25.2101],[79.0246,25.1866],[79.0358,25.1739],[79.0218,25.1432],[79.0431,25.1382],[79.0489,25.1475],[79.0581,25.1508],[79.0641,25.1725],[79.0843,25.1925],[79.0906,25.1762],[79.1204,25.1642],[79.1078,25.1437],[79.1251,25.1292],[79.1148,25.1178],[79.1243,25.1119],[79.1334,25.1111],[79.1382,25.1184],[79.1566,25.1119],[79.1689,25.1119],[79.1724,25.1185],[79.1793,25.1177],[79.1799,25.1288],[79.1688,25.1316],[79.1668,25.1423],[79.1849,25.1511],[79.1967,25.1429],[79.1962,25.1317],[79.2071,25.1244],[79.2064,25.1138],[79.2228,25.1233],[79.2384,25.1164],[79.2377,25.1313],[79.2435,25.1408],[79.2249,25.1402],[79.2139,25.1484],[79.2252,25.1582],[79.2458,25.162],[79.2592,25.1533],[79.2621,25.1412],[79.2545,25.1305],[79.2581,25.124],[79.27,25.1262],[79.2765,25.1203],[79.2822,25.1335],[79.301,25.1308],[79.3145,25.1519],[79.3019,25.1753],[79.2788,25.1974],[79.2815,25.2271],[79.2736,25.2481],[79.2933,25.2402],[79.3108,25.2195],[79.3253,25.2224],[79.3258,25.2108],[79.3326,25.2008],[79.347,25.2142],[79.3291,25.2299],[79.3411,25.2305],[79.3445,25.2643],[79.3401,25.2728],[79.3319,25.2763],[79.3147,25.2614],[79.3039,25.2654],[79.2878,25.2902],[79.2865,25.2811],[79.2711,25.2665],[79.262,25.2677],[79.2565,25.2795],[79.2601,25.3102],[79.2776,25.3281],[79.2913,25.3293],[79.2947,25.3402],[79.3042,25.3398],[79.3459,25.333],[79.3345,25.3174],[79.3419,25.3046],[79.3308,25.294],[79.3497,25.2884],[79.353,25.2654],[79.3657,25.2681],[79.3674,25.2943],[79.3835,25.2836],[79.3886,25.2862],[79.4019,25.2793],[79.4012,25.2624],[79.4153,25.2592],[79.4312,25.2596],[79.4516,25.2736],[79.4531,25.2826],[79.4574,25.2839],[79.4731,25.2821],[79.4763,25.2732],[79.4904,25.2704],[79.4897,25.2656],[79.484,25.265],[79.4592,25.2695],[79.4483,25.2508],[79.4386,25.2483],[79.427,25.225],[79.4424,25.221],[79.4427,25.2126],[79.4321,25.2028],[79.4096,25.2088],[79.4039,25.1896],[79.3839,25.1703],[79.3802,25.1491],[79.3893,25.1206],[79.3991,25.1135],[79.4092,25.1157],[79.415,25.123],[79.4184,25.1335],[79.4151,25.1391],[79.4311,25.1354],[79.4353,25.1265],[79.4311,25.1075],[79.4448,25.1131],[79.4684,25.1345],[79.4605,25.0963],[79.4715,25.0872],[79.4899,25.0828],[79.5002,25.0992],[79.5172,25.1018],[79.5138,25.1257],[79.5287,25.1374],[79.5273,25.1431],[79.5503,25.1694],[79.5655,25.1776],[79.574,25.1595],[79.5905,25.1468],[79.6028,25.1548],[79.5954,25.1356],[79.5979,25.1314],[79.62,25.1427],[79.6378,25.1311],[79.6662,25.1271],[79.6766,25.137],[79.7178,25.1338],[79.7456,25.1439],[79.7692,25.1253],[79.8052,25.111],[79.8187,25.1102],[79.8313,25.0981],[79.8492,25.097],[79.8559,25.0985],[79.8427,25.1163],[79.8477,25.1334],[79.8516,25.1398],[79.8722,25.1485],[79.8606,25.1561],[79.8626,25.177],[79.8519,25.2035],[79.863,25.2192],[79.8472,25.2324],[79.8471,25.2402],[79.861,25.243],[79.8725,25.2538],[79.8936,25.2462],[79.9024,25.2569],[79.9135,25.2334],[79.921,25.2507],[79.9326,25.2503],[79.9333,25.263],[79.9426,25.2719],[79.9492,25.2653],[79.9967,25.2687],[79.9913,25.2832],[79.9987,25.2938],[80.0126,25.3017],[80.0099,25.3248],[80.0207,25.3432],[80.07,25.3431],[80.0833,25.3558],[80.1233,25.3384],[80.1371,25.3557],[80.1591,25.3662],[80.1592,25.3776],[80.1879,25.3837],[80.1888,25.4064],[80.1939,25.4162],[80.2114,25.4039],[80.2296,25.4109],[80.2452,25.4049],[80.2559,25.4287],[80.2737,25.425],[80.2953,25.4078],[80.3108,25.3873],[80.3132,25.3723],[80.3026,25.3583],[80.3117,25.3342],[80.304,25.2889],[80.312,25.2822],[80.341,25.2786],[80.3577,25.2511],[80.378,25.2375],[80.3907,25.2457],[80.3991,25.243],[80.4017,25.221],[80.4237,25.1741],[80.4155,25.1653],[80.3868,25.1629],[80.3513,25.1449],[80.3441,25.1249],[80.3133,25.1012],[80.3105,25.082],[80.282,25.0632],[80.2778,25.044],[80.2669,25.0302],[80.2785,25.0216],[80.299,25.016],[80.3141,25.0035],[80.3259,25.0031],[80.338,25.0209],[80.3479,25.0165],[80.3588,25.0261],[80.3678,25.0254],[80.3728,25.0083],[80.3874,25.0124],[80.3809,25.0277],[80.3724,25.0292],[80.3802,25.0416],[80.3641,25.0477],[80.3658,25.0578],[80.3793,25.056],[80.3941,25.072],[80.4053,25.0608],[80.4099,25.0767],[80.4245,25.0715],[80.4351,25.081],[80.4443,25.0813],[80.4442,25.0682],[80.453,25.0688],[80.4559,25.0738],[80.4702,25.0447],[80.4942,25.0453],[80.4932,25.0543],[80.5002,25.0588],[80.5021,25.0674],[80.4906,25.0782],[80.4984,25.0826],[80.5,25.0896],[80.4776,25.0964],[80.4761,25.1023],[80.4947,25.1049],[80.5095,25.101],[80.519,25.0819],[80.5434,25.0677],[80.56,25.075],[80.5624,25.0914],[80.568,25.0853],[80.5876,25.0859],[80.6068,25.0722],[80.5878,25.1091],[80.5914,25.118],[80.6014,25.1228],[80.5901,25.1348],[80.5946,25.1552],[80.6058,25.1493],[80.6083,25.133],[80.625,25.1377],[80.6324,25.1233],[80.6312,25.1198],[80.6192,25.1202],[80.6133,25.1065],[80.6014,25.1044],[80.62,25.0896],[80.6235,25.0952],[80.6339,25.0938],[80.6352,25.0976],[80.6505,25.0875],[80.6563,25.0744],[80.6683,25.0868],[80.6793,25.0818],[80.6718,25.0673],[80.6736,25.0542],[80.7053,25.0614],[80.7272,25.0718],[80.7336,25.0624],[80.7759,25.0617],[80.7814,25.0696],[80.776,25.0843],[80.7511,25.0911],[80.7521,25.0954],[80.7458,25.0994],[80.7252,25.098],[80.719,25.104],[80.7199,25.1173],[80.7254,25.1229],[80.7173,25.1289],[80.7009,25.128],[80.6996,25.1371],[80.7106,25.1384],[80.7153,25.1467],[80.7231,25.1488],[80.7381,25.1346],[80.774,25.1466],[80.7821,25.1371],[80.7996,25.1464],[80.8083,25.1408],[80.8096,25.1307],[80.8186,25.1306],[80.8277,25.1103],[80.8334,25.1133],[80.8378,25.1275],[80.8321,25.1414],[80.8423,25.1712],[80.8363,25.1927],[80.8642,25.1879],[80.878,25.1956],[80.8862,25.1772],[80.9056,25.1645],[80.9049,25.1603],[80.8884,25.1412],[80.8754,25.1444],[80.865,25.1237],[80.873,25.1026],[80.8643,25.0882],[80.8751,25.0795],[80.8707,25.0711],[80.8411,25.0513],[80.8352,25.0397],[80.8267,25.0392],[80.8291,25.03],[80.8503,25.0031],[80.8482,24.9981],[80.8364,24.9861],[80.8247,24.9861],[80.8186,24.9736],[80.79,24.9718],[80.7916,24.9639],[80.8029,24.9569],[80.8022,24.9445],[80.8349,24.9345],[80.875,24.9407],[80.8848,24.9489],[80.9,24.9396],[80.9012,24.9434],[80.8933,24.9505],[80.8973,24.9567],[80.9368,24.9725],[80.9448,24.968],[80.9439,24.9507],[80.9522,24.9429],[80.9511,24.927],[80.9552,24.9257],[80.9657,24.9386],[80.9723,24.9396],[80.9793,24.9381],[80.981,24.9297],[81,24.9402],[81.0087,24.9325],[81.0168,24.9325],[81.0211,24.9383],[81.0126,24.9437],[81.0095,24.9543],[81.0192,24.945],[81.0199,24.952],[81.0267,24.955],[81.0764,24.9523],[81.0825,24.9477],[81.0805,24.9384],[81.0895,24.9245],[81.1324,24.8921],[81.1333,24.9056],[81.1401,24.9164],[81.1523,24.9163],[81.1512,24.9272],[81.1614,24.9585],[81.1766,24.955],[81.199,24.9347],[81.1844,24.9292],[81.1995,24.9269],[81.2126,24.9345],[81.206,24.9392],[81.206,24.9581],[81.2,24.9669],[81.2127,24.9817],[81.2017,24.9957],[81.2051,25.0031],[81.2166,25.0044],[81.2307,25.0181],[81.2616,25.0685],[81.26,25.0756],[81.253,25.079],[81.2591,25.0873],[81.2457,25.1055],[81.258,25.1169],[81.2612,25.1439],[81.2748,25.1534],[81.2691,25.1677],[81.3064,25.166],[81.3043,25.1453],[81.3147,25.1163],[81.323,25.1184],[81.311,25.149],[81.313,25.1635],[81.33,25.1725],[81.336,25.1663],[81.3494,25.1674],[81.3656,25.1443],[81.3645,25.1379],[81.3844,25.1351],[81.3912,25.1231],[81.4062,25.1234],[81.4002,25.1338],[81.4302,25.1336],[81.4383,25.1104],[81.4069,25.112],[81.4008,25.1078],[81.4589,25.093],[81.4583,25.0868],[81.4837,25.0749],[81.4865,25.0841],[81.4946,25.0821],[81.4974,25.096],[81.4943,25.1017],[81.5029,25.1017],[81.5076,25.1068],[81.4817,25.1173],[81.4729,25.1371],[81.4896,25.1342],[81.4954,25.1523],[81.5247,25.1436],[81.5187,25.1518],[81.53,25.1633],[81.5078,25.1763],[81.5096,25.187],[81.549,25.1866],[81.5664,25.1957],[81.588,25.1838],[81.5818,25.1683],[81.6055,25.1656],[81.61,25.1737],[81.619,25.1597],[81.6151,25.1439],[81.61,25.1472],[81.5921,25.1364],[81.591,25.123],[81.6023,25.1175],[81.6012,25.1002],[81.6168,25.1226],[81.6251,25.1204],[81.6226,25.1112],[81.632,25.1033],[81.6149,25.094],[81.6095,25.0852],[81.5938,25.0798],[81.6097,25.0647],[81.6032,25.0644],[81.6043,25.0607],[81.6219,25.0569],[81.6253,25.0625],[81.6356,25.0618],[81.6468,25.075],[81.6587,25.0797],[81.6622,25.0651],[81.6758,25.066],[81.6831,25.0568],[81.6819,25.0438],[81.7054,25.0379],[81.7134,25.0401],[81.7164,25.053],[81.7324,25.0487],[81.7382,25.0391],[81.7892,25.0101],[81.8294,25.0193],[81.8463,25.0071],[81.8814,24.9995],[81.8861,24.9928],[81.894,25.0035],[81.8893,25.0131],[81.8985,25.0096],[81.8945,24.9874],[81.9016,24.9828],[81.8983,24.9753],[81.9041,24.9423],[81.912,24.9309],[81.8964,24.8925],[81.9027,24.8841],[81.9284,24.8731],[81.9267,24.8608],[81.9549,24.8392],[81.9592,24.8306],[81.9681,24.8439],[82.0049,24.8507],[82.0243,24.8446],[82.0372,24.833],[82.0819,24.8221],[82.1048,24.8056],[82.1078,24.7937],[82.1122,24.7923],[82.1264,24.7939],[82.1322,24.8045],[82.1594,24.7923],[82.1734,24.801],[82.1628,24.805],[82.196,24.8245],[82.179,24.8047],[82.1886,24.7982],[82.2087,24.7978],[82.2049,24.7855],[82.2095,24.7815],[82.1894,24.7823],[82.1957,24.7637],[82.1915,24.7532],[82.1729,24.7396],[82.1887,24.7438],[82.2026,24.7408],[82.2084,24.739],[82.2138,24.7287],[82.2134,24.7442],[82.1995,24.7521],[82.2092,24.7595],[82.2228,24.7517],[82.2209,24.7671],[82.2384,24.7544],[82.2403,24.7755],[82.2437,24.7758],[82.2496,24.7564],[82.2459,24.7407],[82.2414,24.7385],[82.2431,24.7018],[82.2287,24.6908],[82.2299,24.6696],[82.2351,24.6659],[82.2355,24.6764],[82.248,24.6756],[82.2531,24.6661],[82.2667,24.6784],[82.2583,24.6821],[82.2634,24.6864],[82.2785,24.6809],[82.2817,24.6717],[82.2964,24.67],[82.2919,24.6648],[82.2981,24.6565],[82.2947,24.6539],[82.2984,24.628],[82.2939,24.6137],[82.3094,24.6129],[82.3298,24.6238],[82.346,24.6188],[82.3505,24.6082],[82.3608,24.602],[82.4092,24.5978],[82.4146,24.6064],[82.4057,24.6175],[82.4035,24.6362],[82.4118,24.6578],[82.4016,24.6838],[82.4074,24.6951],[82.4202,24.7053],[82.4323,24.7063],[82.4448,24.6964],[82.4484,24.6906],[82.4448,24.6801],[82.4489,24.6779],[82.4767,24.6836],[82.4868,24.6755],[82.5184,24.6783],[82.5293,24.652],[82.574,24.663],[82.5876,24.6737],[82.6364,24.6878],[82.6579,24.7004],[82.6656,24.6999],[82.696,24.6757],[82.6917,24.6486],[82.6952,24.6443],[82.7628,24.6457],[82.7679,24.6106],[82.7601,24.5998],[82.7964,24.5998],[82.8008,24.5527],[82.746,24.5415],[82.7454,24.5525],[82.7412,24.5546],[82.7335,24.5516],[82.7125,24.5562],[82.7156,24.5133],[82.7365,24.4998],[82.7338,24.4872],[82.7238,24.4763],[82.7306,24.4703],[82.725,24.4447],[82.7273,24.4341],[82.7327,24.4327],[82.7257,24.4263],[82.7202,24.4297],[82.7072,24.3852],[82.7185,24.3712],[82.7468,24.3725],[82.7545,24.3795],[82.7606,24.373],[82.7589,24.3632],[82.7645,24.3475],[82.7598,24.3191],[82.766,24.3122],[82.7641,24.2924],[82.7506,24.2681],[82.7499,24.2361],[82.727,24.2233],[82.7361,24.1684],[82.7231,24.1568],[82.7204,24.139],[82.6884,24.1442],[82.6794,24.1567],[82.6709,24.1585],[82.6652,24.1511],[82.6659,24.1428],[82.6574,24.1348],[82.6635,24.1239],[82.7014,24.0971],[82.7084,24.0808],[82.7263,24.0826],[82.7415,24.0751],[82.748,24.0805],[82.7549,24.0732],[82.7606,24.0797],[82.7663,24.0779],[82.7558,24.0436],[82.7399,24.0311],[82.742,24.0214],[82.7524,24.0084],[82.7973,24.0051],[82.8015,24.0011],[82.7989,23.9709],[82.8078,23.9631],[82.7968,23.9614],[82.7748,23.9386],[82.7538,23.9359],[82.7481,23.9223],[82.7019,23.9249],[82.6771,23.9098],[82.6565,23.9079],[82.6461,23.8887],[82.6602,23.8703],[82.652,23.8565],[82.6406,23.858],[82.6295,23.839],[82.6059,23.8362],[82.586,23.8229],[82.5482,23.8269],[82.5274,23.8241],[82.5409,23.8102],[82.5445,23.7942],[82.5162,23.7842],[82.4967,23.785],[82.4851,23.7884],[82.4827,23.7975],[82.46,23.8114],[82.4458,23.8109],[82.4364,23.8047],[82.3882,23.8014],[82.3683,23.8111],[82.347,23.8037],[82.3282,23.8037],[82.3111,23.8112],[82.2951,23.8086],[82.2553,23.8219],[82.2261,23.8069],[82.2161,23.821],[82.1993,23.8319],[82.2067,23.841],[82.2039,23.853],[82.1735,23.8391],[82.1697,23.8247],[82.1624,23.82],[82.1341,23.8182],[82.1175,23.8231],[82.1088,23.8187],[82.078,23.8171],[82.0454,23.8206],[82.0322,23.8293],[82.0352,23.8426],[82.0116,23.8523],[82.0007,23.8631],[81.9507,23.8529],[81.9323,23.8626],[81.9316,23.8679],[81.9164,23.873],[81.8941,23.8441],[81.8621,23.8348],[81.8529,23.8243],[81.8317,23.8213],[81.8117,23.8095],[81.7726,23.8142],[81.7305,23.8394],[81.7191,23.8404],[81.723,23.859],[81.7027,23.8634],[81.6974,23.886],[81.6869,23.8849],[81.6824,23.8898],[81.6795,23.9076],[81.6616,23.9256],[81.6292,23.9077],[81.6105,23.907],[81.6034,23.8924],[81.5969,23.889],[81.6149,23.8728],[81.6114,23.867],[81.5974,23.8619],[81.6058,23.8382],[81.6281,23.8343],[81.6426,23.8046],[81.6397,23.7711],[81.6741,23.754],[81.6783,23.7489],[81.6721,23.74],[81.6873,23.7214],[81.6732,23.6934],[81.6495,23.6835],[81.6431,23.6603],[81.6132,23.661],[81.6095,23.633],[81.6011,23.6139],[81.6027,23.6],[81.5948,23.5955],[81.5802,23.5968],[81.5697,23.5887],[81.5771,23.5549],[81.6057,23.5505],[81.607,23.5069],[81.6172,23.4949],[81.6311,23.4917],[81.6352,23.4984],[81.6477,23.5024],[81.6536,23.5139],[81.6545,23.5316],[81.6931,23.5233],[81.7064,23.5336],[81.7192,23.5561],[81.736,23.5674],[81.748,23.5654],[81.7564,23.5525],[81.8046,23.5458],[81.8126,23.5176],[81.8272,23.5113],[81.8507,23.5165],[81.8697,23.5146],[81.9,23.5341],[81.9164,23.5321],[81.9344,23.5056],[81.9489,23.4967],[81.9476,23.4716],[81.9714,23.4475],[81.9751,23.4318],[81.9705,23.4239],[81.9761,23.4131],[81.9874,23.4195],[81.9995,23.4128],[82.016,23.4235],[82.0232,23.4102],[82.0174,23.4081],[82.0199,23.4009],[82.0145,23.3879],[82.0232,23.3838],[82.0294,23.3876],[82.0457,23.3779],[82.0568,23.3935],[82.08,23.3972],[82.0851,23.3933],[82.0985,23.3977],[82.1052,23.3828],[82.1045,23.3632],[82.1109,23.3558],[82.1378,23.3618],[82.1581,23.3333],[82.1859,23.3254],[82.1895,23.2846],[82.1842,23.2753],[82.1698,23.2702],[82.1425,23.2277],[82.1467,23.2095],[82.1377,23.1881],[82.1417,23.1747],[82.1373,23.165],[82.1538,23.158],[82.1511,23.1417],[82.1328,23.1316],[82.1283,23.1121],[82.1159,23.1038],[82.0671,23.1168],[82.0614,23.1159],[82.0241,23.0801],[82.0022,23.0784],[81.9821,23.0862],[81.9693,23.0794],[81.9381,23.0778],[81.9379,23.0696],[81.9261,23.0622],[81.9184,23.041],[81.9372,23.0095],[81.9424,22.9753],[81.9402,22.9571],[81.9139,22.9482],[81.9015,22.9331],[81.8746,22.9133],[81.86,22.915],[81.8611,22.894],[81.8563,22.8909],[81.7694,22.8735],[81.7693,22.8512],[81.7609,22.8343],[81.773,22.8092],[81.7744,22.7856],[81.7843,22.7666],[81.764,22.7468],[81.7625,22.7353],[81.7491,22.7332],[81.7466,22.7265],[81.766,22.6761],[81.7627,22.6636],[81.7489,22.6461],[81.7405,22.6481],[81.7369,22.6691],[81.7229,22.6762],[81.7141,22.6556],[81.707,22.6496],[81.6989,22.6459],[81.6786,22.6489],[81.6632,22.6327],[81.6565,22.632],[81.6548,22.6216],[81.6484,22.62],[81.6414,22.6075],[81.6401,22.5866],[81.6494,22.5761],[81.6487,22.569],[81.6379,22.5621],[81.6236,22.5643],[81.6194,22.5586],[81.6219,22.5438],[81.6158,22.539],[81.5998,22.5357],[81.588,22.544],[81.5631,22.551],[81.5574,22.5469],[81.5573,22.5376],[81.5628,22.5342],[81.5569,22.5322],[81.5422,22.5299],[81.528,22.5398],[81.5191,22.54],[81.512,22.5235],[81.5066,22.5218],[81.5029,22.5268],[81.4932,22.5196],[81.4799,22.4933],[81.4381,22.4939],[81.4442,22.487],[81.4391,22.4795],[81.4439,22.4787],[81.4433,22.4715],[81.4503,22.4726],[81.448,22.4674],[81.436,22.4695],[81.4318,22.4805],[81.4244,22.4792],[81.4176,22.4736],[81.4189,22.4542],[81.3966,22.4413],[81.3862,22.4512],[81.3787,22.5053],[81.3665,22.5144],[81.3479,22.5141],[81.3229,22.5243],[81.3148,22.5159],[81.3159,22.4897],[81.304,22.4818],[81.2755,22.4994],[81.2605,22.4936],[81.2555,22.4725],[81.2404,22.4592],[81.2184,22.4517],[81.1942,22.4621],[81.1926,22.4825],[81.18,22.4902],[81.1641,22.4819],[81.1481,22.4559],[81.11,22.4411],[81.1049,22.4328],[81.1009,22.3832],[81.1157,22.3441],[81.1093,22.3296],[81.1147,22.3126],[81.1138,22.2944],[81.0968,22.2775],[81.0847,22.2468],[81.0726,22.2417],[81.0692,22.2463],[81.0489,22.2442],[81.0194,22.2292],[81.0158,22.2141],[81.0258,22.1977],[81.0251,22.1888],[81.0117,22.184],[81.0191,22.1653],[81.0158,22.1327],[80.9867,22.1309],[80.9718,22.1215],[80.9723,22.1119],[80.9873,22.1107],[81.0037,22.0969],[80.9974,22.0809],[81.0043,22.07],[80.9897,22.0565],[80.9878,22.0485],[80.9789,22.0483],[80.9634,22.0584],[80.9655,22.082],[80.9505,22.113],[80.9248,22.1207],[80.9108,22.1192],[80.9061,22.1144],[80.8982,22.1013],[80.8912,22.066],[80.8766,22.0568],[80.869,22.0336],[80.8686,22.0112],[80.8593,22.0001],[80.8458,21.9609],[80.8184,21.9568],[80.8234,21.9473],[80.8334,21.9466],[80.8366,21.9357],[80.8245,21.9084],[80.8241,21.8894],[80.8396,21.8754],[80.837,21.8625],[80.8412,21.8565],[80.8317,21.8462],[80.8377,21.8299],[80.8317,21.8048],[80.8106,21.761],[80.8112,21.7475],[80.7827,21.7396],[80.7621,21.7579],[80.743,21.758],[80.7185,21.7119],[80.7251,21.6983],[80.7074,21.6716],[80.7075,21.6641],[80.7124,21.6461],[80.7205,21.6407],[80.7225,21.6228],[80.7094,21.604],[80.7092,21.5868],[80.7195,21.5715],[80.7135,21.5557],[80.7307,21.5387],[80.722,21.4956],[80.7302,21.4721],[80.7212,21.4494],[80.6975,21.4272],[80.6993,21.4141],[80.6917,21.3882],[80.6715,21.3586],[80.6629,21.3373],[80.6483,21.3264],[80.6178,21.3192],[80.5932,21.3248],[80.5831,21.3312],[80.5816,21.3416],[80.5718,21.3456],[80.5614,21.3433],[80.5584,21.3532],[80.5642,21.3579],[80.5369,21.3691],[80.5194,21.3896],[80.5006,21.3908],[80.4855,21.3976],[80.4756,21.3947],[80.4739,21.3993],[80.4682,21.3952],[80.4483,21.4023],[80.4404,21.3721],[80.4034,21.3765],[80.3891,21.4074],[80.4113,21.4382],[80.401,21.4654],[80.3869,21.4734],[80.3753,21.4911],[80.3706,21.521],[80.3244,21.5487],[80.3301,21.5547],[80.3202,21.5736],[80.2919,21.578],[80.288,21.5923],[80.2754,21.5991],[80.2709,21.6106],[80.2602,21.6202],[80.2163,21.6203],[80.2047,21.6335],[80.1882,21.6342],[80.1479,21.6063],[80.1149,21.607],[80.1099,21.5934],[80.094,21.5863],[80.0636,21.5546],[80.0282,21.5573],[79.9936,21.5347],[79.9856,21.5368],[79.9662,21.5573],[79.9364,21.5568],[79.9212,21.5462],[79.9158,21.5245],[79.8923,21.5233],[79.8858,21.5296],[79.8571,21.5309],[79.8506,21.5375],[79.825,21.5467],[79.8182,21.559],[79.7918,21.5814],[79.7326,21.6025],[79.7138,21.5911],[79.6938,21.591],[79.6848,21.5807],[79.6581,21.5773],[79.6475,21.5572],[79.6087,21.5559],[79.5761,21.5434],[79.5603,21.548],[79.5366,21.5442],[79.5376,21.569],[79.5107,21.5832],[79.5058,21.5903],[79.5068,21.6024],[79.4982,21.6124],[79.5032,21.6224],[79.5125,21.6265],[79.5116,21.6311],[79.5026,21.6346],[79.4886,21.6741],[79.4585,21.6873],[79.4407,21.6822],[79.4158,21.6914],[79.3947,21.6746],[79.349,21.6789],[79.3483,21.6844],[79.3173,21.6858],[79.2848,21.6939],[79.2649,21.7149],[79.2287,21.7239],[79.2348,21.7152],[79.2209,21.6966],[79.2182,21.6813],[79.2284,21.6714],[79.2269,21.6577],[79.2216,21.6569],[79.2199,21.6508],[79.1478,21.6605],[79.1411,21.6395],[79.1277,21.6281],[79.0992,21.6189],[79.1041,21.6094],[79.0881,21.5992],[79.0761,21.6077],[79.0096,21.6015],[78.9944,21.6188],[78.9748,21.6176],[78.9403,21.5938],[78.9132,21.5924],[78.9116,21.5709],[78.9284,21.5644],[78.9278,21.5603],[78.9127,21.5631],[78.9044,21.5548],[78.9246,21.5387],[78.9234,21.5238],[78.9406,21.5137],[78.9318,21.4874],[78.9206,21.4876],[78.8958,21.5006],[78.8854,21.4856],[78.8799,21.485],[78.8515,21.4957],[78.8442,21.49],[78.7846,21.4891],[78.7722,21.4671],[78.7644,21.4743],[78.761,21.4898],[78.7465,21.4939],[78.7388,21.4729],[78.7297,21.4714],[78.7242,21.4644],[78.6962,21.4774],[78.6844,21.478],[78.6841,21.482],[78.6591,21.4789],[78.6375,21.4842],[78.621,21.4775],[78.6054,21.4884],[78.5986,21.4848],[78.5849,21.4869],[78.5653,21.506],[78.5665,21.5157],[78.5086,21.5284],[78.4804,21.5061],[78.4563,21.5045],[78.4517,21.4973],[78.4386,21.5038],[78.4301,21.5018],[78.4322,21.5199],[78.4206,21.5488],[78.4223,21.5637],[78.4135,21.5777],[78.4226,21.602],[78.4045,21.6101],[78.3893,21.6106],[78.3795,21.6187],[78.3717,21.615],[78.3776,21.5956],[78.361,21.5783],[78.3477,21.5789],[78.3368,21.5905],[78.3229,21.5774],[78.3041,21.5714],[78.3,21.5851],[78.2816,21.5868],[78.2661,21.5943],[78.2552,21.5898],[78.2554,21.5852],[78.2693,21.5707],[78.2387,21.5655],[78.2155,21.5537],[78.1809,21.5587],[78.1727,21.5533],[78.168,21.526],[78.1776,21.5143],[78.1693,21.4985],[78.0637,21.4389],[78.0435,21.435],[78.0196,21.4206],[77.9997,21.4162],[77.9803,21.4028],[77.9411,21.399],[77.9388,21.3869],[77.8819,21.3777],[77.8834,21.3855],[77.8547,21.3907],[77.818,21.4087],[77.7994,21.4123],[77.7934,21.3907],[77.7499,21.3857],[77.7339,21.3647],[77.7052,21.3591],[77.7043,21.3777],[77.6926,21.3807],[77.6911,21.3971],[77.6672,21.3715],[77.6621,21.388],[77.651,21.3934],[77.6392,21.3879],[77.6015,21.3936],[77.6048,21.367],[77.5844,21.3645],[77.5484,21.3812],[77.487,21.3778],[77.4818,21.4157],[77.4692,21.4371],[77.4693,21.4569],[77.4572,21.4671],[77.4383,21.4729],[77.4351,21.4816],[77.4392,21.4893],[77.4208,21.5163],[77.417,21.5331],[77.4235,21.5426],[77.4466,21.5456],[77.452,21.5556],[77.4575,21.5566],[77.5044,21.5547],[77.5119,21.5475],[77.567,21.5298],[77.5892,21.5304],[77.6071,21.5428],[77.6058,21.5509],[77.5907,21.5616],[77.5741,21.5575],[77.571,21.5626],[77.5678,21.6211],[77.5713,21.627],[77.5604,21.6452],[77.5586,21.6687],[77.5474,21.6816],[77.5422,21.701],[77.5334,21.7127],[77.521,21.7141],[77.5179,21.727],[77.4969,21.7492],[77.4759,21.7579],[77.4755,21.7714],[77.4011,21.7562],[77.3423,21.7618],[77.3213,21.757],[77.2862,21.7628],[77.2771,21.7598],[77.2783,21.7491],[77.2845,21.7464],[77.2833,21.7385],[77.2869,21.7364],[77.2832,21.7242],[77.2674,21.7291],[77.258,21.7158],[77.2246,21.7179],[77.2216,21.7001],[77.2074,21.694],[77.1843,21.7045],[77.188,21.7226],[77.1714,21.7273],[77.1578,21.7134],[77.1211,21.7253],[77.0838,21.7186],[77.0723,21.7229],[77.0595,21.7094],[76.9973,21.6816],[76.9116,21.6149],[76.9011,21.6008],[76.8522,21.615],[76.8335,21.5931],[76.7953,21.5975],[76.7836,21.578],[76.7802,21.5625],[76.7878,21.5401],[76.7629,21.5227],[76.7918,21.4899],[76.7842,21.4665],[76.7434,21.4431],[76.7321,21.4088],[76.6684,21.3695],[76.6245,21.3351],[76.6611,21.2824],[76.6585,21.2478],[76.6426,21.2477],[76.6317,21.2289],[76.6316,21.2054],[76.6234,21.1927],[76.6168,21.1986],[76.5867,21.1987],[76.5594,21.2058],[76.5292,21.1893],[76.4874,21.1961],[76.4783,21.1757],[76.477,21.1553],[76.469,21.1506],[76.4655,21.1392],[76.4575,21.1383],[76.4527,21.1149],[76.4337,21.1067],[76.4118,21.1073],[76.4094,21.0941],[76.3901,21.0881],[76.3764,21.0773],[76.3613,21.08],[76.2818,21.0753],[76.2692,21.093],[76.2621,21.0947],[76.1839,21.09],[76.1726,21.0846],[76.167,21.0896],[76.1685,21.1054],[76.1357,21.1262],[76.1399,21.1401],[76.1284,21.1567],[76.114,21.1646],[76.1143,21.1705],[76.1274,21.1779],[76.1668,21.1707],[76.1727,21.1883],[76.1659,21.1955],[76.164,21.2242],[76.1455,21.2332],[76.1444,21.2381],[76.1592,21.2591],[76.145,21.2878],[76.1293,21.2975],[76.116,21.3388],[76.0987,21.3739],[76.0524,21.3527],[76.0275,21.3681],[75.9849,21.3772],[75.9687,21.394],[75.9165,21.3898],[75.8881,21.3996],[75.8762,21.3982],[75.8628,21.3873],[75.8434,21.3895],[75.8326,21.3833],[75.8014,21.3901],[75.7589,21.3855],[75.7441,21.3932],[75.7329,21.3933],[75.7227,21.3892],[75.6948,21.3896],[75.6734,21.3804],[75.6295,21.3812],[75.6194,21.3935],[75.6089,21.395],[75.5766,21.3855],[75.5813,21.3799],[75.5642,21.3781],[75.5598,21.3823],[75.5481,21.3725],[75.5246,21.3872],[75.4684,21.3942],[75.4134,21.3911],[75.3984,21.383],[75.3845,21.3856],[75.3614,21.4032],[75.3538,21.3935],[75.312,21.3953],[75.3019,21.3893],[75.2996,21.4157],[75.2591,21.4052],[75.2364,21.4171],[75.2199,21.4109],[75.1298,21.4493],[75.1151,21.4596],[75.0949,21.4938],[75.09,21.5143],[75.0577,21.5649],[75.0178,21.5726],[75.0134,21.5812],[74.9957,21.5907],[74.9195,21.6131],[74.9019,21.6302],[74.87,21.6303],[74.8642,21.6339],[74.8356,21.619],[74.8316,21.6106],[74.8029,21.6161],[74.8021,21.6101],[74.7881,21.611],[74.7066,21.6284],[74.6633,21.6529],[74.5914,21.6638],[74.5857,21.6704],[74.5835,21.6851],[74.5648,21.6798],[74.558,21.6828],[74.561,21.702],[74.5524,21.7184],[74.5223,21.7183],[74.5112,21.7267],[74.5179,21.7637],[74.506,21.7826],[74.5036,21.8072],[74.5118,21.8212],[74.5184,21.8901],[74.5275,21.9088],[74.5146,21.9225],[74.5156,21.9339],[74.4899,21.9471],[74.4934,21.9545],[74.4722,21.9655],[74.46,21.9628],[74.4486,21.9711],[74.4426,21.9936],[74.4363,21.9995],[74.4457,22.0069],[74.4539,22.0023],[74.4426,22.0216],[74.446,22.0265],[74.4355,22.031],[74.3883,22.0202],[74.3744,21.9969],[74.3555,21.9797],[74.302,21.9674],[74.2897,21.9358],[74.2016,21.9255],[74.1863,21.9296],[74.1632,21.9499],[74.146,21.9541],[74.1489,21.9607],[74.1437,21.9722],[74.1532,21.9756],[74.1538,21.9864],[74.105,21.9989],[74.1003,22.0016],[74.0977,22.0155],[74.1166,22.0246],[74.1251,22.0359],[74.1452,22.0437],[74.1378,22.0535],[74.163,22.0606],[74.1618,22.0711],[74.1676,22.0824],[74.1807,22.0866],[74.1702,22.1013],[74.1547,22.1055],[74.1303,22.0977],[74.1313,22.1244],[74.1266,22.1321],[74.135,22.1617],[74.1249,22.1722],[74.1228,22.2129],[74.1076,22.2206],[74.0758,22.2219],[74.0745,22.2345],[74.0916,22.2437],[74.0807,22.25],[74.0783,22.2682],[74.0646,22.2759],[74.0592,22.2857],[74.0591,22.3054],[74.0664,22.3054],[74.0683,22.3307],[74.076,22.3413],[74.072,22.3602],[74.0953,22.3624],[74.0999,22.373],[74.112,22.3716],[74.1171,22.3576],[74.1245,22.3583],[74.1291,22.3527],[74.1343,22.3323],[74.1911,22.3219],[74.1957,22.3254],[74.1948,22.3493],[74.2022,22.343],[74.2068,22.3676],[74.2134,22.3592],[74.227,22.3585],[74.2254,22.3782],[74.2456,22.3775],[74.246,22.3832],[74.2561,22.386],[74.258,22.4],[74.2739,22.393],[74.2942,22.3945],[74.2712,22.405],[74.2641,22.4246],[74.254,22.4331],[74.2186,22.4428],[74.2163,22.4344],[74.2046,22.4372],[74.2045,22.4667],[74.2025,22.4723],[74.1908,22.4779],[74.1827,22.4645],[74.1867,22.4442],[74.1727,22.442],[74.1708,22.4336],[74.1611,22.4322],[74.156,22.4399],[74.1563,22.4567],[74.1442,22.4567],[74.1311,22.4363],[74.1304,22.4215],[74.123,22.4208],[74.1051,22.4334],[74.1007,22.4453],[74.1057,22.4559],[74.1033,22.4678],[74.0781,22.4656],[74.0803,22.486],[74.0889,22.4797],[74.0904,22.4826],[74.0853,22.5085],[74.0588,22.5105],[74.0457,22.4929],[74.0371,22.4915],[74.0347,22.5084],[74.0436,22.5168],[74.0408,22.5302],[74.0446,22.5421],[74.0781,22.5516],[74.1058,22.5377],[74.1186,22.5398],[74.1335,22.5188],[74.1533,22.5174],[74.1587,22.5343],[74.1952,22.5569],[74.1901,22.5674],[74.2138,22.5674],[74.2185,22.5815],[74.2262,22.585],[74.2367,22.6139],[74.2437,22.6139],[74.2499,22.623],[74.2576,22.6244],[74.2564,22.6357],[74.2654,22.6448],[74.2736,22.6406],[74.2782,22.6477],[74.3172,22.6365],[74.3254,22.6386],[74.3281,22.6442],[74.364,22.6365],[74.3811,22.6386],[74.3849,22.6696],[74.3969,22.6921],[74.4031,22.7307],[74.4392,22.7856],[74.4392,22.8094],[74.4649,22.8151],[74.4789,22.8586],[74.4628,22.9135],[74.4515,22.924],[74.4386,22.9177],[74.4319,22.9226],[74.4187,22.9184],[74.4004,22.8994],[74.3816,22.9099],[74.362,22.9331],[74.36,22.9422],[74.3416,22.9647],[74.3571,22.9772],[74.3708,22.9801],[74.3554,23.0031],[74.3492,23.0302],[74.3277,23.0427],[74.3228,23.0627],[74.3551,23.0758],[74.3611,23.0903],[74.3912,23.112],[74.4332,23.1057],[74.4454,23.0929],[74.4672,23.0853],[74.5123,23.0888],[74.5136,23.0959],[74.5427,23.1069],[74.5475,23.1185],[74.5457,23.1321],[74.6081,23.1448],[74.6257,23.1629],[74.6547,23.182],[74.6692,23.2015],[74.7155,23.1947],[74.7457,23.2121],[74.7508,23.2304],[74.7458,23.2327],[74.7243,23.2201],[74.695,23.2231],[74.6955,23.2286],[74.7222,23.2425],[74.7033,23.2616],[74.7011,23.2721],[74.6731,23.2749],[74.6462,23.2597],[74.6321,23.2634],[74.6223,23.2813],[74.5868,23.2845],[74.5719,23.3009],[74.5535,23.2825],[74.5357,23.3095],[74.5337,23.323],[74.5192,23.3219],[74.5183,23.3287],[74.5427,23.3387],[74.5458,23.3638],[74.5602,23.3645],[74.5707,23.3778],[74.574,23.4225],[74.5985,23.4298],[74.6131,23.4516],[74.6134,23.4614],[74.6547,23.4644],[74.6693,23.4839],[74.6837,23.4866],[74.6874,23.4958],[74.7007,23.5037],[74.7337,23.5005],[74.7424,23.5195],[74.7639,23.5247],[74.7741,23.5433],[74.785,23.548],[74.7963,23.5463],[74.8029,23.5341],[74.8454,23.5542],[74.8726,23.5782],[74.8746,23.5901],[74.8861,23.6064],[74.898,23.6122],[74.906,23.623],[74.9219,23.6223],[74.9397,23.6304],[74.939,23.6432],[74.9306,23.6482],[74.9242,23.6685],[74.9076,23.6828],[74.9231,23.6966],[74.9242,23.7192],[74.9406,23.7349],[74.9319,23.7564],[74.9395,23.7707],[74.9299,23.7942],[74.9276,23.7983],[74.9103,23.8008],[74.9158,23.8457],[74.9069,23.8564],[74.9057,23.8739],[74.9146,23.9125],[74.9234,23.9249],[74.9213,23.9357],[74.9298,23.941],[74.9415,23.9605],[74.9687,23.9797],[74.9722,24.0036],[74.9878,24.0143],[74.993,24.0297],[74.9812,24.041],[74.9794,24.072],[74.9652,24.0827],[74.9595,24.1101],[74.9362,24.1238],[74.9367,24.139],[74.9235,24.1493],[74.9275,24.1572],[74.9003,24.1743],[74.8811,24.2135],[74.8867,24.2249],[74.9059,24.2337],[74.9073,24.2408],[74.897,24.2492],[74.8943,24.2617],[74.8697,24.2807],[74.8533,24.27],[74.8152,24.277],[74.7725,24.272],[74.7528,24.2827],[74.7575,24.2962],[74.7836,24.3168],[74.7862,24.3488],[74.7817,24.3584],[74.787,24.3717],[74.8023,24.3873],[74.8123,24.4092],[74.8252,24.4083],[74.827,24.4236],[74.8575,24.4515],[74.8581,24.4673],[74.8409,24.4672],[74.8338,24.4604],[74.8183,24.462],[74.8247,24.4792],[74.8168,24.4912],[74.7919,24.4933],[74.779,24.4834],[74.7662,24.4907],[74.7507,24.492],[74.7308,24.51],[74.7119,24.5109],[74.7234,24.5312],[74.7477,24.5362],[74.7485,24.5517],[74.7568,24.5546],[74.748,24.5968],[74.7901,24.6108],[74.7834,24.6368],[74.7949,24.6547],[74.8049,24.6596],[74.8087,24.67],[74.8171,24.6717],[74.8133,24.6862],[74.7923,24.6843],[74.7895,24.6789],[74.7753,24.6877],[74.7832,24.7182],[74.7897,24.7266],[74.7839,24.7304],[74.7801,24.7427],[74.8031,24.7549],[74.7993,24.7956],[74.8098,24.7964],[74.8185,24.7653],[74.8488,24.7087],[74.8498,24.6987],[74.8543,24.6967],[74.8564,24.7052],[74.8598,24.6939],[74.8669,24.6905],[74.8734,24.6695],[74.8929,24.6554],[74.897,24.6656],[74.9025,24.6563],[74.9085,24.6616],[74.9429,24.6604],[74.943,24.6689],[74.952,24.6703],[74.9573,24.6827],[74.962,24.6796],[74.9622,24.7008],[74.9999,24.7085],[74.9908,24.7338],[74.9934,24.7527],[75.0202,24.7528],[75.0214,24.7729],[75.0129,24.7938],[75.0071,24.7961],[74.9704,24.7909],[74.9294,24.7955],[74.9169,24.7872],[74.91,24.7882],[74.9052,24.7975],[74.8847,24.8024],[74.8781,24.8132],[74.8586,24.8131],[74.8579,24.7946],[74.8489,24.7927],[74.8375,24.8085],[74.859,24.8202],[74.8559,24.8532],[74.8424,24.875],[74.8378,24.8972],[74.8271,24.8991],[74.8241,24.9148],[74.825,24.9459],[74.8327,24.9675],[74.8532,24.9747],[74.8621,24.9658],[74.8672,24.9369],[74.8773,24.9394],[74.8791,24.9488],[74.8847,24.9498],[74.8899,24.9415],[74.9005,24.9397],[74.9043,24.9301],[74.9129,24.9284],[74.9069,24.9072],[74.9125,24.8991],[74.9295,24.8879],[74.9308,24.894],[74.9487,24.8948],[74.9448,24.8779],[75.0126,24.8741],[75.0297,24.8605],[75.0434,24.8592],[75.0599,24.8747],[75.0563,24.8819],[75.0631,24.8775],[75.0735,24.8873],[75.0853,24.8889],[75.0901,24.8797],[75.1189,24.889],[75.1149,24.9118],[75.1194,24.9181],[75.1157,24.9654],[75.1198,24.9758],[75.1335,24.9752],[75.1491,24.9812],[75.1343,24.9827],[75.138,24.9864],[75.1609,24.9876],[75.1644,24.9917],[75.1692,25.01],[75.1653,25.0223],[75.1547,25.0289],[75.1591,25.0455],[75.167,25.0442],[75.1738,25.0538],[75.2006,25.0345],[75.2055,25.0424],[75.2271,25.0385],[75.3105,25.0461],[75.3456,25.0428],[75.3542,25.0374],[75.3501,25.0333],[75.3515,25.0252],[75.3295,25.0176],[75.3189,25.0065],[75.3231,25.0009],[75.3231,24.9822],[75.3375,24.9631],[75.3139,24.9004],[75.3027,24.9432],[75.2905,24.952],[75.2854,24.9767],[75.2759,24.9767],[75.2663,24.9619],[75.2717,24.9494],[75.2772,24.9479],[75.2758,24.9403],[75.2849,24.9371],[75.2931,24.9232],[75.2824,24.9225],[75.278,24.9131],[75.2717,24.9179],[75.267,24.9142],[75.2608,24.9053],[75.2615,24.8897],[75.2881,24.8797],[75.2941,24.8714],[75.3113,24.8695],[75.326,24.887],[75.372,24.878],[75.4075,24.8919],[75.4242,24.8928],[75.4171,24.8639],[75.3441,24.8328],[75.3302,24.8317],[75.3198,24.8178],[75.3057,24.8133],[75.3005,24.8152],[75.2904,24.8409],[75.2789,24.8535],[75.2417,24.8609],[75.2274,24.8592],[75.248,24.8809],[75.2499,24.8957],[75.2412,24.9026],[75.2234,24.89],[75.2197,24.8922],[75.2192,24.9065],[75.2082,24.91],[75.2082,24.8978],[75.2013,24.8842],[75.2277,24.8478],[75.241,24.8469],[75.2519,24.8372],[75.2467,24.8218],[75.2174,24.8205],[75.2064,24.8099],[75.2027,24.7888],[75.1923,24.7888],[75.1855,24.7681],[75.1869,24.7603],[75.1982,24.7569],[75.2169,24.7224],[75.2241,24.7355],[75.2495,24.7291],[75.2672,24.7327],[75.3044,24.7207],[75.3509,24.7171],[75.3639,24.7095],[75.4519,24.6932],[75.4835,24.6976],[75.5351,24.72],[75.5521,24.7138],[75.5819,24.7227],[75.6133,24.6884],[75.634,24.6912],[75.6592,24.7017],[75.68,24.7278],[75.7308,24.7556],[75.7597,24.7648],[75.7726,24.762],[75.7862,24.7655],[75.8055,24.7563],[75.8388,24.7299],[75.842,24.7175],[75.8271,24.6715],[75.8282,24.6682],[75.8439,24.6694],[75.8486,24.6646],[75.8488,24.6531],[75.8439,24.6393],[75.8462,24.6314],[75.8304,24.62],[75.8281,24.6134],[75.8392,24.6087],[75.8354,24.5976],[75.8384,24.5957],[75.845,24.6104],[75.8635,24.6129],[75.8657,24.6073],[75.8741,24.6071],[75.8758,24.5908],[75.8844,24.5817],[75.9111,24.5771],[75.9174,24.5715],[75.9078,24.5654],[75.9066,24.5522],[75.9205,24.5438],[75.925,24.5334],[75.9093,24.5149],[75.9022,24.522],[75.8926,24.5215],[75.8911,24.5096],[75.9055,24.5053],[75.9118,24.4924],[75.909,24.4561],[75.9034,24.4539],[75.8986,24.4416],[75.8473,24.419],[75.829,24.4225],[75.8241,24.4308],[75.8125,24.4368],[75.8096,24.4412],[75.8151,24.4651],[75.805,24.4728],[75.7911,24.4752],[75.7841,24.4647],[75.7836,24.4518],[75.7762,24.4539],[75.7682,24.4404],[75.7487,24.4284],[75.7564,24.4277],[75.7553,24.4093],[75.7358,24.4034],[75.7269,24.4053],[75.7297,24.3895],[75.7386,24.3953],[75.7418,24.353],[75.7379,24.348],[75.7651,24.3107],[75.781,24.3086],[75.7974,24.3143],[75.8112,24.3035],[75.8168,24.2908],[75.8114,24.2847],[75.8118,24.2704],[75.8185,24.2682],[75.8127,24.2569],[75.8269,24.2464],[75.8213,24.241],[75.8078,24.2407],[75.8053,24.2297],[75.7919,24.2232],[75.7735,24.2209],[75.7678,24.2075],[75.7686,24.1933],[75.7435,24.1396],[75.7763,24.139],[75.779,24.1246],[75.7896,24.1098],[75.8024,24.1183],[75.8122,24.1029],[75.8358,24.1114],[75.8306,24.0816],[75.8338,24.0754],[75.7796,24.0621],[75.7778,24.0275],[75.7713,24.0122],[75.7609,24.0129],[75.762,23.998],[75.7378,23.9953],[75.7331,23.9789],[75.7004,23.9691],[75.6961,23.9904],[75.6841,23.9931],[75.6858,24.0179],[75.677,24.0201],[75.6692,24.0335],[75.6415,24.0184],[75.6347,23.9998],[75.5974,23.9986],[75.5838,23.9919],[75.576,24.0006],[75.5693,23.9994],[75.5717,24.0174],[75.5669,24.0227],[75.5426,24.0256],[75.5144,24.0487],[75.4892,24.0003],[75.4648,23.9807],[75.4565,23.9207],[75.4874,23.9108],[75.5041,23.8919],[75.5167,23.8888],[75.5606,23.86],[75.5762,23.8415],[75.5723,23.8348],[75.5601,23.8369],[75.5561,23.8259],[75.5625,23.8169],[75.5833,23.8152],[75.5825,23.8004],[75.6121,23.8066],[75.624,23.8005],[75.6518,23.8019],[75.6591,23.7889],[75.6744,23.7845],[75.6845,23.7606],[75.6987,23.7918],[75.6874,23.8193],[75.7179,23.819],[75.7222,23.8269],[75.7157,23.8456],[75.724,23.848],[75.7291,23.8582],[75.7275,23.8645],[75.7066,23.8682],[75.7047,23.8748],[75.6981,23.8771],[75.7023,23.9041],[75.713,23.9],[75.7313,23.9015],[75.7365,23.8941],[75.7497,23.89],[75.7592,23.8813],[75.7616,23.8569],[75.7771,23.8539],[75.7942,23.8743],[75.8027,23.8711],[75.8304,23.8848],[75.837,23.8813],[75.8414,23.8884],[75.8607,23.8956],[75.8786,23.8846],[75.9212,23.9042],[75.9318,23.9019],[75.9482,23.9223],[75.9758,23.9329],[75.9809,23.943],[75.9802,23.9744],[75.9602,23.9975],[75.9602,24.0254],[76.0021,24.0352],[76.0267,24.0505],[76.033,24.0642],[76.047,24.0757],[76.0845,24.0822],[76.1086,24.0971],[76.1233,24.0923],[76.1347,24.0953],[76.1292,24.1189],[76.1369,24.1313],[76.1289,24.1749],[76.12,24.1801],[76.1213,24.1964],[76.1234,24.2054],[76.147,24.2278],[76.1545,24.2438],[76.143,24.2853],[76.1495,24.2922],[76.1692,24.2961],[76.1721,24.3156],[76.1855,24.3315],[76.2062,24.3109],[76.1947,24.2848],[76.2022,24.2768],[76.2062,24.2328],[76.2156,24.2168],[76.2234,24.2233],[76.2477,24.2279],[76.2828,24.2157],[76.2939,24.2407],[76.3269,24.2536],[76.353,24.2489],[76.4001,24.2228],[76.4144,24.2074],[76.4225,24.2142],[76.4181,24.2244],[76.4236,24.227],[76.4532,24.2168],[76.4699,24.2314],[76.4794,24.2175],[76.5054,24.2055],[76.5133,24.1729],[76.5232,24.1632],[76.5314,24.1635],[76.5548,24.1682],[76.5797,24.1807],[76.577,24.1913],[76.5658,24.2008],[76.5715,24.2135],[76.5974,24.2299],[76.588,24.2496],[76.614,24.2422],[76.6163,24.2628],[76.6401,24.2623],[76.6472,24.2724],[76.6683,24.2674],[76.6787,24.2706],[76.6848,24.2827],[76.693,24.285],[76.7025,24.2488],[76.6878,24.2325],[76.6768,24.2105],[76.6742,24.1934],[76.7011,24.1714],[76.7207,24.1617],[76.7294,24.1706],[76.755,24.1721],[76.7626,24.1642],[76.7689,24.1647],[76.7909,24.1258],[76.8011,24.1203],[76.8147,24.1265],[76.8277,24.1256],[76.856,24.1389],[76.8733,24.1398],[76.8863,24.1317],[76.8999,24.1311],[76.9161,24.1887],[76.9332,24.1869],[76.9439,24.1989],[76.9444,24.2063],[76.9226,24.2168],[76.9165,24.232],[76.8742,24.2711],[76.8636,24.2898],[76.8588,24.3123],[76.8402,24.3387],[76.837,24.3607],[76.8517,24.3702],[76.8523,24.3749],[76.848,24.3788],[76.8483,24.3963],[76.8359,24.4166],[76.846,24.4193],[76.8511,24.4354],[76.8379,24.4506],[76.8386,24.4542],[76.8459,24.4533],[76.8513,24.4691],[76.8463,24.4755],[76.8453,24.4909],[76.8353,24.4944],[76.8146,24.5344],[76.846,24.551],[76.8662,24.5494],[76.8741,24.5431],[76.8729,24.532],[76.8795,24.5253],[76.889,24.5268],[76.8998,24.5478],[76.9129,24.5436],[76.9188,24.53],[76.9147,24.4877],[76.9411,24.4674],[76.9653,24.4609],[76.975,24.4649],[76.9797,24.4746],[76.9925,24.4735],[77.0015,24.4779],[77.006,24.494],[77.0241,24.5013],[77.0248,24.5171],[77.032,24.5288],[77.0503,24.5265],[77.052,24.5413],[77.0615,24.5548],[77.0647,24.5699],[77.0585,24.5948],[77.0595,24.6424],[77.0267,24.7109],[76.9921,24.7174],[76.972,24.7317],[76.9633,24.7596],[76.9517,24.7655],[76.9217,24.7488],[76.9094,24.7468],[76.8867,24.7542],[76.8473,24.7504],[76.8467,24.77],[76.8016,24.8198],[76.8023,24.8266],[76.8317,24.8402],[76.895,24.8395],[76.9265,24.8498],[76.9431,24.8601],[76.9489,24.8729],[76.9357,24.8787],[76.934,24.8843],[76.9139,24.8879],[76.9127,24.8972],[76.9246,24.9104],[76.9209,24.9168],[76.9074,24.9233],[76.8912,24.9197],[76.8932,24.9354],[76.8752,24.951],[76.8673,24.9654],[76.8681,25.0014],[76.8543,25.0103],[76.8745,25.0131],[76.882,25.0341],[76.9098,25.0357],[76.9687,25.0559],[76.9747,25.0707],[76.9937,25.08],[77.0772,25.058],[77.0904,25.0664],[77.1145,25.0691],[77.1283,25.0891],[77.1402,25.0962],[77.1405,25.0909],[77.1577,25.0883],[77.1646,25.0986],[77.1628,25.1097],[77.1696,25.1137],[77.1888,25.1118],[77.1974,25.1167],[77.2208,25.1102],[77.2623,25.1193],[77.2756,25.1121],[77.3029,25.0839],[77.3571,25.1016],[77.3685,25.1085],[77.3684,25.1141],[77.3867,25.122],[77.3985,25.1133],[77.3869,25.133],[77.3907,25.1882],[77.4031,25.1865],[77.418,25.193],[77.4064,25.2263],[77.3916,25.2312],[77.3756,25.249],[77.3627,25.2501],[77.3603,25.2609],[77.3497,25.2718],[77.3726,25.2943],[77.3718,25.3202],[77.3638,25.333],[77.3532,25.3324],[77.3493,25.3241],[77.3364,25.3256],[77.356,25.3679],[77.3447,25.3798],[77.3443,25.3879],[77.3613,25.413],[77.3543,25.424],[77.3437,25.4224],[77.3053,25.4364],[77.283,25.4236],[77.26,25.3995],[77.2203,25.3734],[77.215,25.3245],[77.2104,25.3245],[77.2107,25.3337],[77.1982,25.3305],[77.2051,25.3114],[77.1536,25.3133],[77.1158,25.3351],[77.0755,25.3397],[77.0583,25.3219],[77.0394,25.3251],[77.0242,25.3011],[76.9587,25.2972],[76.9527,25.2786],[76.9418,25.2754],[76.9287,25.2792],[76.9326,25.2875],[76.9292,25.2973],[76.8932,25.3224],[76.843,25.3305],[76.7953,25.3218],[76.7701,25.3122],[76.7598,25.3227],[76.7667,25.3362],[76.7404,25.3478],[76.7145,25.3424],[76.7032,25.3476],[76.6811,25.3455],[76.6436,25.3764],[76.6363,25.3803],[76.6255,25.3751],[76.6096,25.3883],[76.6025,25.389],[76.589,25.4315],[76.5643,25.4424],[76.5596,25.4733],[76.5379,25.5102],[76.5203,25.5299],[76.5222,25.5504],[76.5098,25.5798],[76.5158,25.607],[76.5147,25.6337],[76.5054,25.6382],[76.4994,25.6483],[76.5108,25.6728],[76.4891,25.6834],[76.4778,25.6951],[76.4824,25.7181],[76.503,25.7286],[76.5306,25.734],[76.5222,25.7663],[76.5293,25.798],[76.5927,25.8742],[76.6266,25.8709],[76.6317,25.8752],[76.6383,25.9015],[76.6461,25.9089],[76.6744,25.9118],[76.7222,25.9003],[76.7455,25.9092],[76.7624,25.9221],[76.7534,25.9322],[76.7559,25.9417],[76.7859,25.9405],[76.8063,25.953],[76.8189,25.9713],[76.8198,25.9887],[76.8371,26.002],[76.8402,26.0113],[76.8304,26.0296],[76.8704,26.0565],[76.8878,26.0933],[76.9063,26.1011],[76.9387,26.1061],[76.986,26.1324],[76.9945,26.1378],[77.0048,26.1592],[77.0347,26.1819],[77.0917,26.1909],[77.1051,26.2091],[77.1136,26.2314],[77.124,26.238],[77.158,26.2385],[77.1702,26.2445],[77.1845,26.2368],[77.2031,26.2374],[77.2378,26.2627],[77.267,26.2762],[77.2899,26.2956],[77.3082,26.315],[77.318,26.3464],[77.3294,26.3481],[77.3347,26.3572],[77.3662,26.3715],[77.3829,26.3624],[77.4018,26.3687],[77.4324,26.365],[77.4368,26.3681],[77.4397,26.3787],[77.4264,26.3955],[77.4277,26.4069],[77.475,26.4146],[77.5229,26.4149],[77.5372,26.4235],[77.5515,26.4406],[77.5691,26.4431],[77.5791,26.4511],[77.6087,26.4593],[77.6267,26.483],[77.6677,26.5083],[77.695,26.5009],[77.714,26.5043],[77.727,26.5154],[77.7307,26.5299],[77.7443,26.5453],[77.767,26.5535],[77.7977,26.5503],[77.813,26.5548],[77.8247,26.5727],[77.8204,26.5998],[77.8424,26.6152],[77.8794,26.6203],[77.8888,26.6328],[77.8946,26.6622],[77.9036,26.6662],[77.9479,26.665],[77.9688,26.6766],[77.9922,26.7026],[78.0491,26.6898],[78.0694,26.6785],[78.0857,26.6831],[78.0891,26.7381],[78.1161,26.7546],[78.0957,26.7718],[78.0954,26.7894],[78.1055,26.8008],[78.119,26.8026],[78.1458,26.7917],[78.1761,26.7915],[78.1794,26.8012],[78.161,26.827],[78.1676,26.832],[78.1921,26.8298],[78.223,26.8372],[78.2609,26.821],[78.2653,26.8247],[78.2678,26.8497],[78.2821,26.8641],[78.3412,26.874],[78.3646,26.8688]]]}},{"type":"Feature","id":"Maharashtra","properties":{"name":"Maharashtra","type":"State","code":""},"geometry":{"type":"MultiPolygon","coordinates":[[[[73.456,15.8899],[73.456,15.8899]]],[[[73.4626,15.8904],[73.4643,15.8868],[73.4626,15.8904]]],[[[73.4662,15.896],[73.4662,15.896]]],[[[73.4601,16.0457],[73.4613,16.0388],[73.4571,16.0407],[73.4601,16.0457]]],[[[73.4432,16.1026],[73.4437,16.0996],[73.4432,16.1026]]],[[[73.0843,17.8188],[73.0835,17.814],[73.0843,17.8188]]],[[[73.0382,18.0521],[73.0382,18.0521]]],[[[72.966,18.3013],[72.9635,18.2985],[72.966,18.3013]]],[[[73.079,18.3104],[73.0762,18.3049],[73.079,18.3104]]],[[[73.0821,18.3221],[73.0804,18.319],[73.0821,18.3221]]],[[[72.8649,18.6357],[72.8635,18.6326],[72.8649,18.6357]]],[[[72.8126,18.7065],[72.8151,18.7029],[72.8126,18.7065]]],[[[72.8426,18.7085],[72.8412,18.7051],[72.8426,18.7085]]],[[[72.9015,18.9643],[72.9085,18.9596],[72.9088,18.9532],[72.9076,18.9579],[72.9037,18.9568],[72.8988,18.941],[72.9015,18.9643]]],[[[72.939,18.9724],[72.9421,18.9657],[72.934,18.9521],[72.9243,18.9635],[72.939,18.9724]]],[[[73.026,18.9999],[73.0285,18.9929],[73.026,18.9999]]],[[[72.7818,19.1354],[72.7835,19.1324],[72.7818,19.1354]]],[[[72.7312,19.4685],[72.7365,19.4657],[72.7329,19.4574],[72.7262,19.4671],[72.7312,19.4685]]],[[[74.4355,22.031],[74.446,22.0265],[74.4445,22.016],[74.4538,22.0062],[74.4539,22.0023],[74.4457,22.0069],[74.4362,22.0022],[74.4486,21.9711],[74.46,21.9628],[74.4722,21.9655],[74.4934,21.9545],[74.4899,21.9471],[74.5156,21.9339],[74.5146,21.9225],[74.5275,21.9088],[74.5184,21.8901],[74.5118,21.8212],[74.5036,21.8072],[74.506,21.7826],[74.5179,21.7637],[74.5114,21.7259],[74.5243,21.7179],[74.5524,21.7184],[74.561,21.702],[74.5573,21.6835],[74.5648,21.6798],[74.5842,21.6847],[74.5898,21.6646],[74.6633,21.6529],[74.7066,21.6284],[74.7931,21.6103],[74.8021,21.6101],[74.8021,21.6161],[74.8316,21.6106],[74.8356,21.619],[74.8642,21.6339],[74.87,21.6303],[74.9019,21.6302],[74.9195,21.6131],[74.9957,21.5907],[75.0134,21.5812],[75.0178,21.5726],[75.0577,21.5649],[75.09,21.5143],[75.1067,21.4696],[75.123,21.4533],[75.2199,21.4109],[75.2364,21.4171],[75.2591,21.4052],[75.2996,21.4157],[75.3019,21.3893],[75.312,21.3953],[75.3538,21.3935],[75.3614,21.4032],[75.3845,21.3856],[75.3984,21.383],[75.4134,21.3911],[75.4684,21.3942],[75.5246,21.3872],[75.5481,21.3725],[75.5598,21.3823],[75.5642,21.3781],[75.5813,21.3799],[75.5766,21.3855],[75.6089,21.395],[75.6194,21.3935],[75.6295,21.3812],[75.6734,21.3804],[75.6948,21.3896],[75.7227,21.3892],[75.7329,21.3933],[75.7441,21.3932],[75.7589,21.3855],[75.8014,21.3901],[75.8326,21.3833],[75.8434,21.3895],[75.8628,21.3873],[75.8762,21.3982],[75.8881,21.3996],[75.9165,21.3898],[75.9594,21.3962],[75.9687,21.394],[75.9849,21.3772],[76.0275,21.3681],[76.0524,21.3527],[76.0987,21.3739],[76.116,21.3388],[76.1293,21.2975],[76.145,21.2878],[76.1592,21.2591],[76.1444,21.2381],[76.1455,21.2332],[76.164,21.2242],[76.1659,21.1955],[76.1727,21.1883],[76.1668,21.1707],[76.1274,21.1779],[76.1143,21.1705],[76.114,21.1646],[76.1284,21.1567],[76.1399,21.1401],[76.1357,21.1262],[76.1685,21.1054],[76.1686,21.0858],[76.2621,21.0947],[76.2692,21.093],[76.2818,21.0753],[76.3613,21.08],[76.3764,21.0773],[76.3901,21.0881],[76.4094,21.0941],[76.4118,21.1073],[76.4337,21.1067],[76.4527,21.1149],[76.4575,21.1383],[76.4655,21.1392],[76.469,21.1506],[76.477,21.1553],[76.4783,21.1757],[76.4912,21.1978],[76.5292,21.1893],[76.5594,21.2058],[76.5867,21.1987],[76.6168,21.1986],[76.6234,21.1927],[76.6316,21.2054],[76.6317,21.2289],[76.6426,21.2477],[76.6585,21.2478],[76.6611,21.2824],[76.6245,21.3351],[76.6684,21.3695],[76.7321,21.4088],[76.7434,21.4431],[76.7842,21.4665],[76.7918,21.4899],[76.7629,21.5227],[76.7878,21.5401],[76.7802,21.5625],[76.7836,21.578],[76.7953,21.5975],[76.8335,21.5931],[76.8522,21.615],[76.9011,21.6008],[76.9116,21.6149],[76.9973,21.6816],[77.0595,21.7094],[77.0723,21.7229],[77.0838,21.7186],[77.1211,21.7253],[77.1578,21.7134],[77.1714,21.7273],[77.188,21.7226],[77.1843,21.7045],[77.2074,21.694],[77.2216,21.7001],[77.2246,21.7179],[77.258,21.7158],[77.2674,21.7291],[77.2832,21.7242],[77.2869,21.7364],[77.2833,21.7385],[77.2845,21.7464],[77.2783,21.7491],[77.2771,21.7598],[77.2862,21.7628],[77.3213,21.757],[77.3423,21.7618],[77.4011,21.7562],[77.4755,21.7714],[77.4759,21.7579],[77.4969,21.7492],[77.5179,21.727],[77.521,21.7141],[77.5334,21.7127],[77.5422,21.701],[77.5474,21.6816],[77.5586,21.6687],[77.5604,21.6452],[77.5713,21.627],[77.5678,21.6211],[77.571,21.5626],[77.5741,21.5575],[77.5907,21.5616],[77.6058,21.5509],[77.6071,21.5428],[77.5892,21.5304],[77.567,21.5298],[77.5119,21.5475],[77.5044,21.5547],[77.4575,21.5566],[77.452,21.5556],[77.4466,21.5456],[77.4235,21.5426],[77.417,21.5331],[77.4208,21.5163],[77.4392,21.4893],[77.4351,21.4816],[77.4383,21.4729],[77.4572,21.4671],[77.4693,21.4569],[77.4692,21.4371],[77.4818,21.4157],[77.487,21.3778],[77.5484,21.3812],[77.5844,21.3645],[77.6048,21.367],[77.6015,21.3936],[77.6392,21.3879],[77.651,21.3934],[77.6621,21.388],[77.6672,21.3715],[77.6911,21.3971],[77.6926,21.3807],[77.7043,21.3777],[77.7052,21.3591],[77.7339,21.3647],[77.7499,21.3857],[77.7934,21.3907],[77.7994,21.4123],[77.818,21.4087],[77.8547,21.3907],[77.8834,21.3855],[77.8819,21.3777],[77.9388,21.3869],[77.9411,21.399],[77.9803,21.4028],[77.9997,21.4162],[78.0196,21.4206],[78.0435,21.435],[78.0637,21.4389],[78.1693,21.4985],[78.1776,21.5143],[78.168,21.526],[78.1727,21.5533],[78.1809,21.5587],[78.2155,21.5537],[78.2387,21.5655],[78.2693,21.5707],[78.2554,21.5852],[78.2552,21.5898],[78.2661,21.5943],[78.2816,21.5868],[78.3,21.5851],[78.3041,21.5714],[78.3229,21.5774],[78.3368,21.5905],[78.3477,21.5789],[78.361,21.5783],[78.3776,21.5956],[78.3717,21.615],[78.3795,21.6187],[78.3893,21.6106],[78.4045,21.6101],[78.4226,21.602],[78.4135,21.5777],[78.4223,21.5637],[78.4206,21.5488],[78.4322,21.5199],[78.4301,21.5018],[78.4386,21.5038],[78.4517,21.4973],[78.4563,21.5045],[78.4804,21.5061],[78.5086,21.5284],[78.5665,21.5157],[78.5653,21.506],[78.5849,21.4869],[78.5986,21.4848],[78.6054,21.4884],[78.621,21.4775],[78.6375,21.4842],[78.6591,21.4789],[78.6841,21.482],[78.6844,21.478],[78.6962,21.4774],[78.7242,21.4644],[78.7297,21.4714],[78.7388,21.4729],[78.7465,21.4939],[78.761,21.4898],[78.7644,21.4743],[78.7722,21.4671],[78.7846,21.4891],[78.8442,21.49],[78.8515,21.4957],[78.8799,21.485],[78.8854,21.4856],[78.8958,21.5006],[78.9206,21.4876],[78.9318,21.4874],[78.9406,21.5137],[78.9234,21.5238],[78.9246,21.5387],[78.9044,21.5548],[78.9127,21.5631],[78.9278,21.5603],[78.9284,21.5644],[78.9116,21.5709],[78.9132,21.5924],[78.9403,21.5938],[78.9748,21.6176],[78.9944,21.6188],[79.0096,21.6015],[79.0761,21.6077],[79.0881,21.5992],[79.1041,21.6094],[79.0992,21.6189],[79.1277,21.6281],[79.1411,21.6395],[79.1478,21.6605],[79.2199,21.6508],[79.2216,21.6569],[79.2269,21.6577],[79.2284,21.6714],[79.2182,21.6813],[79.2209,21.6966],[79.2348,21.7152],[79.2287,21.7239],[79.2649,21.7149],[79.2848,21.6939],[79.3173,21.6858],[79.3483,21.6844],[79.349,21.6789],[79.3947,21.6746],[79.4158,21.6914],[79.4407,21.6822],[79.4585,21.6873],[79.4886,21.6741],[79.5026,21.6346],[79.5116,21.6311],[79.5125,21.6265],[79.5032,21.6224],[79.4982,21.6124],[79.5068,21.6024],[79.5058,21.5903],[79.5107,21.5832],[79.5376,21.569],[79.5366,21.5442],[79.5603,21.548],[79.5761,21.5434],[79.6087,21.5559],[79.6475,21.5572],[79.6581,21.5773],[79.6848,21.5807],[79.6938,21.591],[79.7138,21.5911],[79.7326,21.6025],[79.7918,21.5814],[79.8182,21.559],[79.825,21.5467],[79.8506,21.5375],[79.8571,21.5309],[79.8858,21.5296],[79.8923,21.5233],[79.9158,21.5245],[79.9212,21.5462],[79.9364,21.5568],[79.9662,21.5573],[79.9856,21.5368],[79.9936,21.5347],[80.0282,21.5573],[80.0636,21.5546],[80.094,21.5863],[80.1099,21.5934],[80.1149,21.607],[80.1479,21.6063],[80.1882,21.6342],[80.2047,21.6335],[80.2163,21.6203],[80.2602,21.6202],[80.2709,21.6106],[80.2754,21.5991],[80.288,21.5923],[80.2919,21.578],[80.3202,21.5736],[80.3301,21.5547],[80.3244,21.5487],[80.3706,21.521],[80.3753,21.4911],[80.3869,21.4734],[80.401,21.4654],[80.4113,21.4382],[80.3891,21.4074],[80.4034,21.3765],[80.4404,21.3721],[80.4483,21.4023],[80.4682,21.3952],[80.4739,21.3993],[80.4756,21.3947],[80.4855,21.3976],[80.5006,21.3908],[80.5114,21.3919],[80.5297,21.381],[80.5369,21.3691],[80.5642,21.3579],[80.5584,21.3532],[80.5614,21.3433],[80.5718,21.3456],[80.5816,21.3416],[80.5831,21.3312],[80.5932,21.3248],[80.6178,21.3192],[80.6565,21.3308],[80.6738,21.3091],[80.671,21.2959],[80.6548,21.2895],[80.6449,21.276],[80.6353,21.2501],[80.6157,21.24],[80.6034,21.2274],[80.5816,21.2218],[80.5506,21.2012],[80.5207,21.2035],[80.5076,21.1824],[80.4955,21.1833],[80.4749,21.1714],[80.4573,21.1728],[80.4387,21.1214],[80.4492,21.1119],[80.4395,21.1118],[80.4333,21.0972],[80.442,21.0806],[80.4473,21.0366],[80.4238,21.0096],[80.4381,20.9921],[80.4389,20.9716],[80.4556,20.9321],[80.4739,20.9274],[80.5418,20.9339],[80.5381,20.9261],[80.5498,20.8889],[80.5504,20.8457],[80.5559,20.8197],[80.5433,20.7918],[80.5455,20.7654],[80.5545,20.7472],[80.5602,20.7118],[80.5749,20.6984],[80.5801,20.6836],[80.5728,20.6743],[80.5527,20.6731],[80.5076,20.6546],[80.4848,20.6352],[80.4816,20.6171],[80.5001,20.5869],[80.5119,20.5851],[80.5514,20.5991],[80.559,20.61],[80.5673,20.6124],[80.5857,20.6142],[80.6223,20.6039],[80.6129,20.5906],[80.6197,20.5673],[80.6099,20.5563],[80.6134,20.5416],[80.6033,20.4624],[80.5947,20.4464],[80.6034,20.4333],[80.5898,20.4128],[80.586,20.3956],[80.5902,20.3844],[80.6022,20.3764],[80.6009,20.3692],[80.6178,20.3337],[80.6167,20.3257],[80.6067,20.3254],[80.6054,20.3202],[80.5842,20.3193],[80.542,20.3068],[80.5358,20.2947],[80.5108,20.2696],[80.4945,20.2748],[80.4654,20.2716],[80.4229,20.2526],[80.383,20.2417],[80.398,20.2128],[80.412,20.2022],[80.414,20.1902],[80.3946,20.1816],[80.386,20.1628],[80.3938,20.144],[80.4396,20.1291],[80.4513,20.1449],[80.4773,20.1385],[80.498,20.1389],[80.5036,20.1288],[80.5236,20.1245],[80.5404,20.1098],[80.535,20.0854],[80.5462,20.0657],[80.5325,20.0039],[80.5435,19.9951],[80.5455,19.9872],[80.5324,19.9671],[80.5338,19.953],[80.5263,19.9486],[80.5204,19.9309],[80.5017,19.9248],[80.4805,19.9278],[80.4698,19.9337],[80.4645,19.9463],[80.453,19.9452],[80.4437,19.9527],[80.4251,19.9373],[80.4063,19.9325],[80.4027,19.9096],[80.4077,19.9059],[80.4444,19.8936],[80.4612,19.9034],[80.4827,19.8989],[80.4917,19.8905],[80.4975,19.8688],[80.475,19.8571],[80.4686,19.8375],[80.4603,19.828],[80.4317,19.8103],[80.4173,19.8092],[80.3975,19.8162],[80.3947,19.7946],[80.4177,19.7971],[80.4427,19.7905],[80.4524,19.7929],[80.4781,19.7724],[80.4826,19.7807],[80.4802,19.7954],[80.4748,19.8034],[80.4629,19.8058],[80.4595,19.8113],[80.4692,19.8247],[80.5075,19.8299],[80.5178,19.8289],[80.5354,19.8181],[80.5424,19.8193],[80.5397,19.7746],[80.5705,19.7547],[80.5821,19.7381],[80.6335,19.7185],[80.6658,19.6922],[80.6569,19.6123],[80.662,19.6087],[80.721,19.6084],[80.7643,19.5848],[80.7664,19.5683],[80.7852,19.5604],[80.8196,19.5654],[80.8276,19.5627],[80.8454,19.5292],[80.8791,19.519],[80.8897,19.4993],[80.8921,19.4657],[80.8675,19.4435],[80.8351,19.4424],[80.7879,19.4267],[80.8085,19.397],[80.8127,19.3827],[80.8428,19.3661],[80.845,19.3609],[80.8028,19.3323],[80.7993,19.3252],[80.7781,19.3185],[80.7492,19.2867],[80.6886,19.2835],[80.6818,19.2958],[80.6842,19.32],[80.6719,19.3264],[80.6579,19.3243],[80.6255,19.3068],[80.6102,19.3071],[80.6001,19.3181],[80.5886,19.3444],[80.5839,19.3772],[80.5678,19.4009],[80.5315,19.3743],[80.5138,19.3482],[80.4756,19.335],[80.4454,19.2699],[80.4281,19.2544],[80.3885,19.2433],[80.3792,19.2326],[80.377,19.2174],[80.3867,19.189],[80.3729,19.1751],[80.3455,19.1629],[80.3355,19.1476],[80.3249,19.1415],[80.3209,19.1245],[80.3315,19.1011],[80.3199,19.0882],[80.3221,19.0749],[80.3158,19.0646],[80.2888,19.0463],[80.2953,19.0287],[80.2934,19.0216],[80.2677,18.9873],[80.269,18.9642],[80.2641,18.9405],[80.2676,18.9288],[80.3357,18.8561],[80.3485,18.8239],[80.3462,18.8111],[80.3187,18.796],[80.2942,18.7906],[80.2718,18.7622],[80.2546,18.766],[80.2422,18.7597],[80.2408,18.7487],[80.2675,18.718],[80.2467,18.7013],[80.2253,18.6962],[80.2079,18.7005],[80.1941,18.6885],[80.189,18.6756],[80.171,18.6773],[80.1581,18.6959],[80.1108,18.6762],[80.0821,18.7025],[80.0747,18.7026],[80.0619,18.7165],[80.0464,18.7209],[80.0329,18.7464],[80.0187,18.751],[80.0124,18.7668],[79.932,18.7844],[79.9163,18.7973],[79.894,18.8308],[79.9255,18.8375],[79.939,18.8589],[79.9409,18.9377],[79.9313,18.9748],[79.9345,19.0217],[79.926,19.0425],[79.9161,19.0474],[79.8908,19.0455],[79.8596,19.0346],[79.858,19.1041],[79.8712,19.1227],[79.906,19.1418],[79.9261,19.161],[79.9407,19.1644],[79.9432,19.1706],[79.9225,19.2034],[79.9202,19.2264],[79.9452,19.2841],[79.9618,19.2975],[79.9572,19.3346],[79.9645,19.3507],[79.9731,19.401],[79.9458,19.4408],[79.945,19.4588],[79.9402,19.4645],[79.911,19.4923],[79.8702,19.505],[79.8282,19.537],[79.8166,19.569],[79.7933,19.5801],[79.7854,19.5936],[79.7403,19.6031],[79.7129,19.5833],[79.6397,19.575],[79.6158,19.5586],[79.6009,19.508],[79.5913,19.5017],[79.5734,19.5066],[79.5525,19.52],[79.5427,19.5485],[79.515,19.542],[79.5134,19.5181],[79.4704,19.4975],[79.4582,19.519],[79.4413,19.5335],[79.4136,19.5335],[79.3712,19.5615],[79.369,19.5712],[79.3297,19.5737],[79.3143,19.5655],[79.3048,19.5902],[79.2439,19.6126],[79.2371,19.6095],[79.2377,19.5995],[79.2487,19.5869],[79.2501,19.5777],[79.2398,19.5595],[79.2366,19.5268],[79.2157,19.5106],[79.2068,19.4917],[79.2229,19.4678],[79.189,19.4587],[79.1778,19.4607],[79.1403,19.5011],[79.1047,19.5127],[79.1029,19.528],[79.0634,19.5313],[79.0515,19.5453],[79.0184,19.54],[78.9929,19.562],[78.9785,19.5509],[78.9546,19.5518],[78.9496,19.5575],[78.9805,19.5851],[78.9656,19.6045],[78.9629,19.6173],[78.969,19.6492],[78.9542,19.6634],[78.935,19.6622],[78.9159,19.6677],[78.891,19.6553],[78.8588,19.6563],[78.8635,19.6968],[78.8569,19.7313],[78.8456,19.7584],[78.8383,19.7621],[78.8076,19.758],[78.7849,19.7787],[78.7632,19.7756],[78.7384,19.7794],[78.7164,19.7668],[78.6959,19.7897],[78.6352,19.8038],[78.6037,19.8175],[78.585,19.8117],[78.5263,19.8217],[78.5124,19.8143],[78.5037,19.7924],[78.4939,19.7932],[78.4762,19.8164],[78.4287,19.8231],[78.3977,19.8364],[78.3859,19.8527],[78.3841,19.8792],[78.3363,19.8832],[78.323,19.895],[78.3346,19.9043],[78.3351,19.9101],[78.3284,19.9161],[78.3102,19.9127],[78.2941,19.8496],[78.339,19.8392],[78.3414,19.8329],[78.336,19.8187],[78.3392,19.8135],[78.3605,19.8057],[78.367,19.7945],[78.3677,19.7811],[78.3532,19.7378],[78.3454,19.7344],[78.3453,19.7136],[78.3227,19.7037],[78.3161,19.6906],[78.2858,19.6897],[78.2697,19.6631],[78.2876,19.6545],[78.311,19.6042],[78.3112,19.5718],[78.2999,19.5668],[78.2965,19.5584],[78.2791,19.5582],[78.295,19.5373],[78.2994,19.5041],[78.3121,19.4793],[78.3089,19.4564],[78.2973,19.4488],[78.2732,19.4538],[78.252,19.4301],[78.2243,19.434],[78.1981,19.4075],[78.1822,19.4118],[78.1876,19.3956],[78.1796,19.353],[78.1871,19.3386],[78.1972,19.3317],[78.1932,19.3029],[78.1832,19.279],[78.1864,19.2494],[78.1833,19.2415],[78.1701,19.2363],[78.1497,19.2301],[78.1267,19.2464],[78.0994,19.2455],[78.0823,19.2548],[78.0751,19.2466],[78.0576,19.2398],[78.0511,19.2418],[78.0457,19.2709],[78.0329,19.2741],[78.0183,19.2963],[77.9855,19.309],[77.9769,19.3211],[77.9489,19.3413],[77.9406,19.3425],[77.9123,19.318],[77.9058,19.3158],[77.8933,19.3212],[77.888,19.3124],[77.8609,19.3021],[77.8619,19.2841],[77.9007,19.2771],[77.9057,19.2672],[77.9004,19.2561],[77.8846,19.2602],[77.8674,19.2553],[77.8615,19.2263],[77.8465,19.197],[77.8445,19.1882],[77.8584,19.1808],[77.853,19.1768],[77.8492,19.1553],[77.8377,19.1383],[77.8311,19.1357],[77.8452,19.1142],[77.8441,19.0961],[77.8481,19.0901],[77.8286,19.0849],[77.8152,19.1037],[77.8027,19.102],[77.8013,19.0844],[77.7935,19.0712],[77.7972,19.0513],[77.7617,19.062],[77.7574,19.0286],[77.7653,19.0154],[77.7674,18.9814],[77.7815,18.9763],[77.7871,18.9843],[77.8171,18.9824],[77.8127,18.9495],[77.8274,18.9457],[77.8305,18.9502],[77.8537,18.9523],[77.8405,18.9113],[77.8566,18.9061],[77.8816,18.9085],[77.8877,18.8851],[77.8987,18.8837],[77.8992,18.8679],[77.9253,18.8592],[77.9246,18.8541],[77.9324,18.8509],[77.9296,18.8465],[77.9441,18.8423],[77.9426,18.8223],[77.9287,18.8217],[77.9076,18.8295],[77.8375,18.8075],[77.8027,18.7293],[77.8022,18.7161],[77.7865,18.6943],[77.7864,18.6841],[77.7694,18.6906],[77.7644,18.7079],[77.7576,18.7071],[77.7499,18.6978],[77.7495,18.6898],[77.7329,18.676],[77.7281,18.6642],[77.7332,18.6621],[77.7297,18.6427],[77.7481,18.6053],[77.7365,18.5548],[77.7279,18.5515],[77.7124,18.5544],[77.6759,18.5413],[77.6576,18.5272],[77.6453,18.5363],[77.6522,18.5496],[77.6488,18.5526],[77.6405,18.5539],[77.6344,18.5452],[77.6291,18.5506],[77.6163,18.5487],[77.6133,18.5424],[77.6109,18.5478],[77.5973,18.5475],[77.5933,18.5231],[77.6014,18.522],[77.5871,18.5099],[77.5863,18.5029],[77.5939,18.4939],[77.6028,18.4914],[77.6011,18.4742],[77.5931,18.4735],[77.5908,18.4811],[77.5765,18.4838],[77.5706,18.4669],[77.5462,18.4634],[77.5498,18.458],[77.5836,18.4536],[77.5852,18.4455],[77.5602,18.435],[77.5345,18.4424],[77.5285,18.4405],[77.5259,18.4274],[77.5352,18.4212],[77.5552,18.4179],[77.5493,18.3877],[77.5214,18.3647],[77.5195,18.3493],[77.5273,18.3394],[77.5534,18.3312],[77.5669,18.3179],[77.5702,18.3082],[77.55,18.2913],[77.5198,18.3074],[77.5095,18.3067],[77.5102,18.2784],[77.4977,18.2734],[77.4922,18.2659],[77.4803,18.2687],[77.4654,18.26],[77.4452,18.2701],[77.4449,18.2772],[77.4369,18.282],[77.4364,18.3065],[77.4278,18.3092],[77.4078,18.2996],[77.3625,18.3083],[77.3554,18.3185],[77.378,18.3287],[77.3793,18.3391],[77.3928,18.3405],[77.3928,18.3457],[77.3983,18.3475],[77.3918,18.3659],[77.4079,18.3785],[77.4101,18.3885],[77.4005,18.3978],[77.3698,18.4007],[77.3644,18.4298],[77.3696,18.4477],[77.3541,18.4487],[77.3421,18.4303],[77.3327,18.4485],[77.326,18.4489],[77.3256,18.4551],[77.3174,18.4538],[77.3133,18.4394],[77.3023,18.4385],[77.2646,18.4184],[77.2584,18.4104],[77.2402,18.4086],[77.2329,18.3861],[77.245,18.3706],[77.2308,18.3656],[77.2214,18.3472],[77.2273,18.3449],[77.21,18.3137],[77.2001,18.3192],[77.1954,18.3127],[77.1976,18.2955],[77.2045,18.2905],[77.2062,18.278],[77.1917,18.2743],[77.1778,18.2819],[77.1705,18.2809],[77.1657,18.2559],[77.1572,18.2531],[77.1478,18.2377],[77.15,18.2166],[77.1422,18.216],[77.1395,18.2072],[77.121,18.2067],[77.0955,18.1951],[77.1163,18.1676],[77.1089,18.1527],[77.0966,18.1581],[77.0862,18.1503],[77.0577,18.1524],[77.0503,18.1613],[77.0494,18.1732],[77.0328,18.1838],[77.0217,18.1782],[77.024,18.1627],[76.9978,18.1668],[76.9879,18.1885],[76.9541,18.1849],[76.9438,18.1547],[76.9334,18.1579],[76.9254,18.1448],[76.9318,18.1366],[76.9226,18.1161],[76.9322,18.111],[76.9534,18.1101],[76.9683,18.0971],[76.9643,18.0882],[76.9497,18.0823],[76.947,18.0738],[76.9527,18.0634],[76.9486,18.0457],[76.9546,18.0397],[76.9177,18.0332],[76.9196,17.9854],[76.9132,17.9372],[76.9192,17.9367],[76.9164,17.9151],[76.9002,17.9147],[76.8894,17.8972],[76.8812,17.8931],[76.8538,17.8978],[76.8318,17.8907],[76.8331,17.8828],[76.8082,17.8831],[76.8028,17.8683],[76.7746,17.877],[76.766,17.8984],[76.7407,17.898],[76.7375,17.8571],[76.7546,17.8566],[76.7657,17.8508],[76.7882,17.8265],[76.7763,17.7994],[76.7663,17.7967],[76.7628,17.7871],[76.7489,17.7864],[76.7394,17.7791],[76.7246,17.7851],[76.7157,17.7819],[76.7128,17.7714],[76.721,17.7676],[76.718,17.7479],[76.7276,17.737],[76.6982,17.726],[76.7035,17.7186],[76.7008,17.7073],[76.6909,17.7019],[76.6906,17.68],[76.6781,17.6873],[76.6631,17.6879],[76.6552,17.7164],[76.6307,17.729],[76.627,17.756],[76.6144,17.7683],[76.6041,17.7558],[76.5932,17.7176],[76.587,17.7079],[76.5732,17.7022],[76.5694,17.7037],[76.5646,17.7537],[76.5733,17.76],[76.5598,17.7631],[76.5237,17.7589],[76.5236,17.7152],[76.4864,17.7135],[76.4847,17.6696],[76.4893,17.6607],[76.4523,17.6555],[76.4515,17.6515],[76.4408,17.6494],[76.4428,17.6419],[76.4287,17.6444],[76.4157,17.6042],[76.3317,17.5949],[76.34,17.5426],[76.3609,17.5363],[76.3661,17.5222],[76.3664,17.5167],[76.3463,17.5115],[76.3435,17.4944],[76.375,17.4935],[76.3723,17.4858],[76.35,17.4721],[76.3308,17.4688],[76.3337,17.4323],[76.3732,17.4344],[76.362,17.3751],[76.4081,17.3693],[76.4106,17.3477],[76.393,17.3363],[76.3817,17.3118],[76.3523,17.3106],[76.3436,17.3499],[76.313,17.3433],[76.3172,17.3294],[76.2759,17.3305],[76.2702,17.3565],[76.25,17.3579],[76.2504,17.3667],[76.2444,17.3747],[76.2304,17.3703],[76.229,17.3632],[76.1829,17.3565],[76.1723,17.3487],[76.1763,17.3215],[76.1838,17.311],[76.1758,17.2972],[76.1638,17.3003],[76.1631,17.3409],[76.1376,17.3526],[76.1212,17.3663],[76.096,17.3578],[76.0869,17.3337],[76.0787,17.3301],[76.0632,17.3519],[76.0545,17.3543],[76.0367,17.349],[76.0155,17.3506],[76.0003,17.3377],[75.9715,17.3365],[75.9312,17.3241],[75.9107,17.3458],[75.8937,17.3536],[75.8964,17.395],[75.8872,17.4173],[75.8784,17.4165],[75.8789,17.4003],[75.862,17.3859],[75.856,17.4077],[75.8389,17.4205],[75.8247,17.4229],[75.8163,17.3978],[75.8151,17.3739],[75.8023,17.3701],[75.7823,17.3788],[75.7698,17.4068],[75.7588,17.4084],[75.737,17.4219],[75.7152,17.4089],[75.6912,17.4126],[75.6808,17.4362],[75.6776,17.458],[75.6623,17.4597],[75.6496,17.4734],[75.6356,17.4775],[75.6313,17.4612],[75.6253,17.4581],[75.6154,17.422],[75.6101,17.4195],[75.6158,17.3919],[75.5785,17.3829],[75.5848,17.3498],[75.6131,17.3423],[75.616,17.3288],[75.606,17.3033],[75.6247,17.2938],[75.6323,17.2722],[75.6575,17.2706],[75.6599,17.2614],[75.6621,17.2083],[75.6436,17.1941],[75.6426,17.1882],[75.6307,17.1862],[75.628,17.1701],[75.6527,17.1327],[75.6536,17.1131],[75.6741,17.1136],[75.6785,17.0942],[75.6784,17.0629],[75.6627,17.0618],[75.6438,17.0364],[75.654,17.0306],[75.6722,17.0357],[75.6688,16.9778],[75.6784,16.9639],[75.6746,16.9603],[75.645,16.951],[75.6363,16.9658],[75.6107,16.9696],[75.6095,17.0031],[75.5758,17.0078],[75.5699,17.0062],[75.5703,16.9636],[75.5329,16.9667],[75.5107,16.9473],[75.4925,16.9429],[75.4897,16.9654],[75.4825,16.976],[75.4686,16.9796],[75.4679,16.9853],[75.4438,16.9795],[75.431,16.9635],[75.3948,16.9764],[75.3717,16.9687],[75.3596,16.9569],[75.3453,16.9525],[75.2884,16.9548],[75.2846,16.9536],[75.2836,16.9429],[75.2856,16.9094],[75.2918,16.9011],[75.2828,16.8742],[75.2683,16.8609],[75.2434,16.8645],[75.23,16.8409],[75.2159,16.8403],[75.1832,16.842],[75.1925,16.8696],[75.1897,16.8735],[75.1718,16.8648],[75.1411,16.8735],[75.1384,16.8929],[75.1236,16.9004],[75.1188,16.91],[75.098,16.9139],[75.0941,16.9472],[75.0904,16.9487],[75.0654,16.9393],[75.0481,16.9387],[75.0319,16.9257],[75.0303,16.9415],[75.0037,16.9458],[74.9858,16.929],[74.9695,16.9359],[74.958,16.9291],[74.9524,16.9362],[74.9384,16.941],[74.9285,16.9352],[74.927,16.9256],[74.9528,16.9065],[74.9673,16.9054],[74.9641,16.8779],[74.9486,16.8801],[74.9397,16.8765],[74.9371,16.8692],[74.912,16.8559],[74.9159,16.7857],[74.9238,16.77],[74.855,16.7708],[74.8503,16.7603],[74.8041,16.7508],[74.8004,16.7457],[74.779,16.7486],[74.775,16.7408],[74.7366,16.7158],[74.6982,16.7152],[74.6956,16.6858],[74.6873,16.679],[74.6961,16.675],[74.6717,16.6635],[74.6605,16.6376],[74.666,16.6287],[74.6739,16.6285],[74.6943,16.6152],[74.6904,16.6045],[74.6786,16.6066],[74.6639,16.6011],[74.6428,16.6068],[74.6364,16.5757],[74.6239,16.5819],[74.617,16.568],[74.6048,16.5621],[74.5934,16.5638],[74.592,16.5556],[74.5741,16.552],[74.5597,16.5598],[74.5597,16.5714],[74.5698,16.5812],[74.5656,16.5904],[74.5499,16.5922],[74.5514,16.6332],[74.5103,16.6315],[74.498,16.6266],[74.4859,16.6391],[74.4774,16.6608],[74.4648,16.653],[74.4628,16.6445],[74.4725,16.6048],[74.4408,16.5987],[74.4335,16.5944],[74.4288,16.5827],[74.4035,16.5787],[74.3984,16.5654],[74.4011,16.5609],[74.3955,16.5595],[74.3957,16.5357],[74.3899,16.5279],[74.3626,16.5387],[74.3629,16.5486],[74.3692,16.5533],[74.3656,16.5571],[74.3461,16.5465],[74.3294,16.5535],[74.3238,16.5515],[74.3222,16.5445],[74.3239,16.5063],[74.3141,16.5021],[74.3069,16.5292],[74.2945,16.5315],[74.2896,16.5226],[74.2843,16.5431],[74.2764,16.5445],[74.2716,16.5387],[74.2766,16.5206],[74.2844,16.5165],[74.2858,16.5034],[74.2532,16.4949],[74.2688,16.476],[74.2825,16.4826],[74.2805,16.4894],[74.2889,16.5038],[74.2999,16.5026],[74.2963,16.459],[74.3046,16.4608],[74.3219,16.45],[74.3389,16.4522],[74.3438,16.4255],[74.3373,16.4202],[74.3427,16.4005],[74.3646,16.4032],[74.3691,16.3943],[74.3596,16.3788],[74.3617,16.3648],[74.3519,16.3663],[74.3431,16.3907],[74.335,16.3887],[74.3326,16.3756],[74.3255,16.3793],[74.3322,16.357],[74.3237,16.3536],[74.3344,16.3405],[74.3235,16.3399],[74.3291,16.3326],[74.323,16.3251],[74.3373,16.3234],[74.34,16.3169],[74.3315,16.3164],[74.3321,16.3108],[74.3406,16.3116],[74.3401,16.304],[74.3448,16.3033],[74.3487,16.2915],[74.3318,16.2862],[74.3287,16.2794],[74.3338,16.2681],[74.3371,16.2657],[74.3599,16.2796],[74.3517,16.2882],[74.3533,16.2918],[74.3626,16.2871],[74.3801,16.2935],[74.3904,16.2902],[74.3913,16.2756],[74.4212,16.2806],[74.4225,16.2575],[74.4418,16.2542],[74.4428,16.2496],[74.4612,16.2484],[74.4634,16.2418],[74.4732,16.2385],[74.4841,16.2467],[74.5083,16.2229],[74.5021,16.2141],[74.5133,16.2012],[74.5129,16.1883],[74.4978,16.1813],[74.4947,16.155],[74.4858,16.147],[74.491,16.142],[74.4971,16.1124],[74.4891,16.0873],[74.4789,16.0879],[74.4645,16.1021],[74.4346,16.1106],[74.4185,16.1009],[74.4152,16.0918],[74.3973,16.0871],[74.3972,16.0784],[74.381,16.0783],[74.3801,16.0696],[74.3682,16.053],[74.3817,16.0536],[74.3786,16.0366],[74.3901,16.0351],[74.4155,16.0511],[74.4405,16.057],[74.468,16.0467],[74.4703,16.0405],[74.4497,15.9985],[74.45,15.9832],[74.4352,15.9512],[74.3919,15.9012],[74.3993,15.8958],[74.4026,15.8783],[74.3992,15.8744],[74.4116,15.8526],[74.4031,15.849],[74.3934,15.8518],[74.3741,15.8916],[74.3705,15.8904],[74.367,15.8711],[74.3445,15.8521],[74.3893,15.8441],[74.3894,15.8363],[74.3746,15.8275],[74.3664,15.8155],[74.374,15.8104],[74.3758,15.8012],[74.3649,15.7737],[74.3509,15.7634],[74.3298,15.7704],[74.3241,15.7565],[74.2922,15.7393],[74.274,15.7531],[74.2501,15.7412],[74.2352,15.754],[74.2389,15.7845],[74.2273,15.7857],[74.2174,15.7788],[74.2113,15.7586],[74.2044,15.7534],[74.1677,15.7493],[74.1601,15.7343],[74.1306,15.7179],[74.1415,15.7004],[74.1336,15.6784],[74.1175,15.6708],[74.0965,15.6709],[74.1045,15.6592],[74.126,15.6503],[74.1228,15.6452],[74.0806,15.6262],[74.0393,15.6209],[74.0356,15.6093],[74.0279,15.6046],[74.0024,15.6091],[73.976,15.6289],[73.9693,15.6443],[73.9757,15.6598],[73.9713,15.6873],[73.9657,15.695],[73.9572,15.6967],[73.9589,15.7113],[73.9454,15.7415],[73.9148,15.7455],[73.9086,15.7423],[73.8824,15.7494],[73.8869,15.7703],[73.8751,15.7829],[73.8735,15.7953],[73.8655,15.7975],[73.8616,15.7939],[73.857,15.7782],[73.8519,15.7784],[73.8472,15.7661],[73.8388,15.7609],[73.833,15.7378],[73.8204,15.7399],[73.8028,15.7322],[73.7976,15.7251],[73.7865,15.7233],[73.7758,15.7305],[73.7582,15.7328],[73.7487,15.7306],[73.737,15.7173],[73.7276,15.7225],[73.711,15.7202],[73.6973,15.7262],[73.6771,15.7254],[73.6485,15.7457],[73.6582,15.7476],[73.6665,15.7568],[73.6746,15.7532],[73.6632,15.7576],[73.6543,15.7876],[73.6624,15.8046],[73.6526,15.794],[73.6499,15.8032],[73.6365,15.8154],[73.639,15.8204],[73.6296,15.8457],[73.6212,15.8588],[73.6188,15.8521],[73.6129,15.8546],[73.6029,15.8851],[73.5912,15.9004],[73.5904,15.9124],[73.5857,15.9093],[73.5687,15.9126],[73.5668,15.9188],[73.5371,15.9376],[73.5321,15.9329],[73.5221,15.9385],[73.5101,15.9371],[73.5015,15.9554],[73.506,15.9682],[73.4999,15.9696],[73.4887,15.9879],[73.491,16.0115],[73.4832,16.036],[73.4685,16.0465],[73.4668,16.054],[73.4551,16.0546],[73.4551,16.0632],[73.4615,16.0632],[73.4676,16.0713],[73.4635,16.0793],[73.4571,16.0807],[73.4576,16.086],[73.4626,16.0863],[73.4574,16.121],[73.4357,16.199],[73.444,16.1982],[73.4393,16.2051],[73.449,16.2079],[73.4485,16.2121],[73.4424,16.2068],[73.4474,16.2246],[73.4432,16.211],[73.4299,16.199],[73.411,16.2735],[73.4149,16.2832],[73.4357,16.2865],[73.4171,16.2857],[73.4168,16.2924],[73.4104,16.2779],[73.4054,16.2971],[73.3938,16.3146],[73.3954,16.3318],[73.3854,16.3365],[73.3904,16.3465],[73.3893,16.3621],[73.3943,16.3549],[73.4104,16.3582],[73.4112,16.3621],[73.4063,16.3579],[73.3932,16.3587],[73.3913,16.3657],[73.3838,16.3587],[73.3679,16.3635],[73.3721,16.3735],[73.3665,16.3793],[73.3712,16.3899],[73.3751,16.3863],[73.3737,16.3763],[73.3882,16.3949],[73.4013,16.3896],[73.4054,16.4049],[73.3954,16.4004],[73.3863,16.4035],[73.3799,16.3957],[73.3654,16.3976],[73.3671,16.4099],[73.3579,16.424],[73.3571,16.4404],[73.3649,16.4396],[73.3504,16.446],[73.3415,16.4785],[73.3315,16.489],[73.3251,16.5138],[73.3162,16.5135],[73.3174,16.5307],[73.3101,16.539],[73.3193,16.5504],[73.3176,16.5563],[73.3221,16.5518],[73.3349,16.5615],[73.3454,16.5426],[73.3468,16.5299],[73.3632,16.5174],[73.3635,16.5118],[73.349,16.5043],[73.3668,16.5132],[73.3901,16.5099],[73.3901,16.5143],[73.3579,16.5263],[73.3543,16.5393],[73.3729,16.5399],[73.3679,16.5449],[73.359,16.5407],[73.3507,16.5435],[73.3524,16.5504],[73.3457,16.5565],[73.3735,16.5501],[73.3826,16.5546],[73.394,16.5526],[73.3812,16.5576],[73.3749,16.5521],[73.3562,16.5554],[73.3549,16.566],[73.3624,16.5685],[73.3529,16.5643],[73.3426,16.5663],[73.3449,16.5763],[73.324,16.5818],[73.3168,16.601],[73.3204,16.6074],[73.3307,16.6085],[73.3524,16.5951],[73.349,16.6035],[73.3407,16.6054],[73.346,16.6126],[73.351,16.6118],[73.3518,16.6251],[73.3307,16.6201],[73.3354,16.6274],[73.3421,16.6282],[73.3399,16.6382],[73.3299,16.6415],[73.3238,16.6363],[73.3218,16.6424],[73.3332,16.6535],[73.3296,16.6857],[73.3396,16.6857],[73.3182,16.6965],[73.3185,16.7057],[73.3054,16.7293],[73.3076,16.7801],[73.3176,16.7951],[73.3176,16.806],[73.3332,16.8165],[73.3265,16.8207],[73.3204,16.8101],[73.3112,16.8068],[73.2954,16.8168],[73.294,16.8388],[73.2879,16.8435],[73.2932,16.849],[73.2879,16.8582],[73.2951,16.8582],[73.2949,16.8621],[73.2857,16.8807],[73.2968,16.8899],[73.3135,16.889],[73.2937,16.8979],[73.2771,16.8921],[73.2868,16.9162],[73.2821,16.9293],[73.2874,16.9351],[73.2818,16.9496],[73.2921,16.9568],[73.2943,16.986],[73.2799,16.9924],[73.271,16.9865],[73.2693,17.0001],[73.2829,17.001],[73.2838,17.0121],[73.2763,17.0235],[73.2665,17.0246],[73.2574,17.0196],[73.2543,17.0274],[73.2557,17.0474],[73.266,17.0476],[73.2776,17.034],[73.2754,17.0254],[73.2826,17.0179],[73.2899,17.0218],[73.2862,17.0179],[73.2893,17.0068],[73.2932,17.0226],[73.2804,17.0321],[73.2843,17.0401],[73.3138,17.0332],[73.3138,17.0379],[73.3199,17.0382],[73.3026,17.0374],[73.2949,17.0446],[73.2876,17.044],[73.2901,17.0476],[73.2785,17.0404],[73.2879,17.0543],[73.2882,17.0754],[73.2985,17.0749],[73.2982,17.0785],[73.2832,17.0796],[73.2835,17.1132],[73.266,17.1129],[73.2724,17.1218],[73.2524,17.1899],[73.2312,17.1982],[73.2346,17.2021],[73.2451,17.1965],[73.2471,17.2104],[73.2432,17.226],[73.2351,17.2268],[73.2318,17.2332],[73.231,17.2468],[73.2232,17.2476],[73.2288,17.251],[73.2215,17.2557],[73.2235,17.2665],[73.2118,17.2757],[73.2043,17.2687],[73.2024,17.2882],[73.1893,17.2979],[73.1957,17.3068],[73.2049,17.2987],[73.2104,17.3043],[73.2221,17.3029],[73.2276,17.2815],[73.2346,17.2863],[73.2393,17.3049],[73.244,17.3074],[73.2426,17.3188],[73.2293,17.319],[73.2188,17.3293],[73.2268,17.3343],[73.2146,17.3457],[73.2199,17.3565],[73.214,17.3621],[73.2162,17.371],[73.2087,17.3715],[73.2071,17.3843],[73.1926,17.3888],[73.1901,17.3843],[73.1765,17.3874],[73.1671,17.4051],[73.1787,17.4068],[73.1871,17.4146],[73.1868,17.4307],[73.2057,17.439],[73.186,17.4418],[73.184,17.4557],[73.1937,17.4685],[73.1815,17.5004],[73.184,17.5057],[73.1624,17.5299],[73.1543,17.5293],[73.1532,17.5382],[73.1421,17.5451],[73.1371,17.556],[73.1404,17.5685],[73.1515,17.5738],[73.156,17.5668],[73.1632,17.5685],[73.1621,17.5754],[73.1685,17.5824],[73.1621,17.5912],[73.1524,17.5943],[73.1529,17.5985],[73.1437,17.6018],[73.1271,17.6371],[73.1349,17.6482],[73.1218,17.6651],[73.114,17.6943],[73.1357,17.7076],[73.1351,17.7162],[73.1129,17.7765],[73.1121,17.7896],[73.0957,17.811],[73.0885,17.8082],[73.0949,17.824],[73.0874,17.8388],[73.0938,17.8418],[73.1149,17.8335],[73.1249,17.836],[73.134,17.8246],[73.1326,17.8301],[73.1251,17.8368],[73.114,17.8346],[73.0968,17.8429],[73.1018,17.8446],[73.0901,17.844],[73.0713,17.8888],[73.076,17.8968],[73.0635,17.8907],[73.0501,17.9068],[73.0551,17.9132],[73.0521,17.929],[73.0668,17.9265],[73.0621,17.9274],[73.066,17.9326],[73.0682,17.9268],[73.0724,17.9274],[73.0924,17.9407],[73.0704,17.929],[73.0674,17.934],[73.0415,17.9324],[73.0296,17.9443],[73.0293,17.9668],[73.0401,17.9779],[73.0385,17.9835],[73.0296,17.9913],[73.0179,17.991],[73.0215,17.9938],[73.0168,18.0065],[73.0085,18.0104],[73.0021,18.0212],[73.0235,18.0238],[73.0407,18.0432],[73.0454,18.0415],[73.0407,18.0443],[73.0296,18.0321],[73.0215,18.0393],[73.0268,18.046],[73.0396,18.0487],[73.0404,18.0532],[73.0251,18.0504],[73.0157,18.0321],[73.0049,18.0526],[72.9949,18.0493],[72.9899,18.0551],[72.9935,18.0665],[73.0029,18.0757],[72.9987,18.0746],[72.9899,18.1001],[72.979,18.1082],[72.971,18.1321],[72.9818,18.1371],[72.9865,18.1574],[72.9904,18.1579],[72.979,18.1926],[72.9879,18.1943],[72.9682,18.2051],[72.9557,18.2196],[72.9446,18.2232],[72.9357,18.2168],[72.931,18.2204],[72.9415,18.2346],[72.9426,18.2468],[72.9351,18.281],[72.9479,18.2854],[72.9551,18.2776],[72.9646,18.2801],[72.974,18.2629],[72.974,18.2468],[72.9815,18.2421],[72.9987,18.2485],[73.0126,18.2421],[73.0179,18.2457],[73.0201,18.2412],[73.0579,18.2299],[73.0693,18.2221],[73.0707,18.2074],[73.0576,18.199],[73.0554,18.1882],[73.0715,18.1724],[73.0687,18.1654],[73.0732,18.1699],[73.0771,18.1649],[73.0726,18.1565],[73.0793,18.1624],[73.0882,18.1515],[73.0837,18.1618],[73.0924,18.1626],[73.0907,18.169],[73.0829,18.1701],[73.0804,18.1793],[73.0596,18.1907],[73.0618,18.1965],[73.0757,18.1999],[73.0804,18.2313],[73.0615,18.251],[73.069,18.2654],[73.0674,18.271],[73.0629,18.2785],[73.0526,18.2799],[73.0429,18.2971],[73.0482,18.3037],[73.0768,18.2985],[73.0863,18.2879],[73.0776,18.2985],[73.0826,18.3013],[73.0821,18.3121],[73.0885,18.3235],[73.0857,18.3201],[73.0837,18.3254],[73.0879,18.3268],[73.084,18.3293],[73.0788,18.3146],[73.0682,18.3049],[73.0615,18.3029],[73.0504,18.3079],[73.0401,18.3015],[73.0401,18.2929],[73.0546,18.2704],[73.0279,18.2643],[73.0204,18.2704],[73.0221,18.2779],[73.0113,18.284],[72.9979,18.2829],[72.9929,18.2735],[72.9815,18.2999],[72.9704,18.2996],[72.9674,18.3104],[72.956,18.3151],[72.961,18.3196],[72.9499,18.3374],[72.9407,18.3443],[72.934,18.3429],[72.9343,18.351],[72.9199,18.3468],[72.914,18.3549],[72.9112,18.3668],[72.9168,18.3726],[72.9262,18.3729],[72.926,18.3879],[72.9235,18.3924],[72.9132,18.3932],[72.9065,18.4026],[72.909,18.4218],[72.904,18.4282],[72.9065,18.4351],[72.9013,18.4515],[72.8946,18.4571],[72.8954,18.4726],[72.9013,18.4763],[72.9043,18.5021],[72.9112,18.5032],[72.911,18.5246],[72.9046,18.5393],[72.9071,18.5413],[72.9112,18.5304],[72.9174,18.529],[72.9287,18.5354],[72.9285,18.5418],[72.909,18.5793],[72.9101,18.586],[72.9057,18.5863],[72.8876,18.6215],[72.884,18.6385],[72.8971,18.6354],[72.8985,18.6296],[72.9018,18.6326],[72.8874,18.6413],[72.8821,18.6374],[72.8704,18.6396],[72.8551,18.6968],[72.8643,18.7213],[72.8624,18.7432],[72.8682,18.7563],[72.8632,18.7707],[72.8635,18.7912],[72.8693,18.8046],[72.8871,18.8037],[72.8874,18.7982],[72.9007,18.804],[72.9065,18.794],[72.9163,18.7924],[72.9407,18.8279],[72.9576,18.801],[72.9699,18.7901],[72.9826,18.8096],[72.9807,18.8507],[72.9885,18.8663],[72.9474,18.8465],[72.9265,18.851],[72.9218,18.8682],[72.9082,18.8857],[72.9079,18.9021],[72.9163,18.9046],[72.9168,18.9104],[72.9274,18.9115],[72.9418,18.8954],[72.9424,18.9093],[72.9576,18.9085],[72.9613,18.9232],[72.9393,18.946],[72.949,18.9624],[72.9476,18.9526],[72.9549,18.9638],[72.9557,18.974],[72.9793,18.9626],[72.9849,18.9699],[72.9962,18.9685],[73.0163,18.9801],[73.0173,18.9868],[73.0274,18.9888],[73.0323,18.9993],[73.0029,19.0015],[73.004,19.0276],[72.9935,19.0585],[72.9849,19.0626],[72.9632,19.0585],[72.9554,19.0276],[72.9185,18.9996],[72.9068,18.9993],[72.9093,18.9912],[72.9049,18.9954],[72.9051,18.9901],[72.9029,18.9974],[72.886,18.9996],[72.8851,19.009],[72.8621,19.0029],[72.8568,18.9921],[72.861,18.9815],[72.8512,18.9774],[72.8554,18.9743],[72.8501,18.9726],[72.8443,18.929],[72.8407,18.9324],[72.8382,18.9285],[72.8401,18.9224],[72.8449,18.9249],[72.8404,18.9201],[72.8332,18.9212],[72.826,18.9079],[72.821,18.9093],[72.8076,18.891],[72.8037,18.9085],[72.8076,18.9146],[72.8129,18.9112],[72.8165,18.9185],[72.8254,18.9196],[72.8185,18.9249],[72.8235,18.9415],[72.8176,18.951],[72.8082,18.9549],[72.7932,18.9387],[72.7918,18.9507],[72.7996,18.9593],[72.8057,18.9782],[72.814,18.9818],[72.8107,18.989],[72.8162,19.0132],[72.8146,19.0271],[72.8204,19.0176],[72.8265,19.0185],[72.8357,19.0276],[72.8382,19.0393],[72.8349,19.0499],[72.824,19.0424],[72.8243,19.0376],[72.8215,19.0426],[72.8162,19.0418],[72.8238,19.0551],[72.821,19.0776],[72.8262,19.0782],[72.8268,19.094],[72.8215,19.1221],[72.8035,19.1415],[72.8151,19.1579],[72.8296,19.166],[72.8299,19.1824],[72.8043,19.151],[72.7979,19.156],[72.8026,19.1451],[72.7949,19.1404],[72.7935,19.1299],[72.7862,19.1296],[72.789,19.1501],[72.7813,19.1576],[72.784,19.1624],[72.7801,19.1663],[72.7946,19.1721],[72.7968,19.199],[72.8115,19.2146],[72.8112,19.2213],[72.8224,19.231],[72.8282,19.2457],[72.8396,19.2507],[72.8351,19.2604],[72.8396,19.2674],[72.8343,19.2607],[72.8365,19.2512],[72.8204,19.2454],[72.8196,19.2362],[72.8051,19.221],[72.7985,19.2232],[72.804,19.2187],[72.7921,19.2038],[72.7937,19.196],[72.7824,19.1932],[72.7862,19.2026],[72.7793,19.2054],[72.7815,19.2151],[72.776,19.2246],[72.7846,19.266],[72.7782,19.279],[72.7838,19.2804],[72.7843,19.3026],[72.7932,19.3104],[72.799,19.3313],[72.7576,19.376],[72.766,19.3932],[72.7618,19.3962],[72.7588,19.4212],[72.7446,19.4629],[72.7801,19.4913],[72.7787,19.5088],[72.7862,19.526],[72.7754,19.5265],[72.784,19.5257],[72.7835,19.5163],[72.7726,19.5046],[72.7649,19.5043],[72.7418,19.5157],[72.7365,19.5265],[72.7246,19.5318],[72.7249,19.5388],[72.7182,19.5388],[72.7207,19.5435],[72.7168,19.5454],[72.7229,19.544],[72.721,19.5665],[72.7126,19.596],[72.7379,19.5979],[72.7301,19.6013],[72.7279,19.6249],[72.7201,19.6301],[72.7129,19.6446],[72.7063,19.6824],[72.7099,19.7068],[72.6937,19.7293],[72.7087,19.7263],[72.7193,19.7551],[72.7151,19.7546],[72.7068,19.7324],[72.6929,19.7365],[72.6854,19.7601],[72.6896,19.8029],[72.6957,19.8049],[72.6885,19.8057],[72.6871,19.7943],[72.6762,19.8171],[72.6593,19.821],[72.6507,19.8396],[72.6549,19.8426],[72.6507,19.8543],[72.6546,19.859],[72.6629,19.851],[72.6726,19.8526],[72.6813,19.8651],[72.6829,19.8885],[72.6757,19.9049],[72.6771,19.9193],[72.6643,19.9329],[72.6824,19.944],[72.6901,19.9582],[72.7079,19.9682],[72.7199,19.9688],[72.7307,19.9582],[72.7343,19.9426],[72.7524,19.941],[72.7549,19.9274],[72.7535,19.9429],[72.7379,19.9443],[72.7329,19.9613],[72.7162,19.9724],[72.7215,20.0012],[72.7076,20.0701],[72.7115,20.0793],[72.7268,20.0832],[72.7382,20.1146],[72.7376,20.1365],[72.8018,20.125],[72.8052,20.127],[72.8021,20.1485],[72.8159,20.1533],[72.8353,20.1446],[72.8288,20.1566],[72.8355,20.1877],[72.8497,20.1893],[72.8441,20.1978],[72.8503,20.2079],[72.872,20.2082],[72.8745,20.2258],[72.8998,20.2217],[72.9109,20.2261],[72.9704,20.2123],[72.9762,20.18],[72.986,20.1766],[72.9867,20.1713],[72.986,20.1575],[72.9732,20.1308],[72.9892,20.1132],[73.0043,20.1179],[73.0105,20.1402],[73.0175,20.135],[73.0102,20.1104],[73.0195,20.105],[73.0453,20.0718],[73.0592,20.0679],[73.0606,20.0991],[73.0985,20.0937],[73.1175,20.0788],[73.1297,20.0788],[73.1367,20.0853],[73.1445,20.0779],[73.1633,20.0731],[73.1814,20.0516],[73.1989,20.0623],[73.198,20.0778],[73.2191,20.0975],[73.2163,20.122],[73.2267,20.1226],[73.2326,20.1406],[73.2381,20.1281],[73.2595,20.1246],[73.2685,20.1393],[73.2936,20.1539],[73.2907,20.1774],[73.2941,20.1939],[73.3112,20.2072],[73.3529,20.1985],[73.3618,20.212],[73.3676,20.2134],[73.3648,20.201],[73.3743,20.1927],[73.3763,20.2053],[73.3837,20.2024],[73.3953,20.2092],[73.3981,20.196],[73.4268,20.2016],[73.4303,20.2123],[73.4224,20.2318],[73.4204,20.257],[73.4246,20.2768],[73.4369,20.2821],[73.4261,20.3159],[73.4234,20.3521],[73.4148,20.3816],[73.4077,20.3839],[73.3916,20.3729],[73.3914,20.3902],[73.3955,20.398],[73.4076,20.3963],[73.4088,20.4042],[73.4158,20.4062],[73.4163,20.4107],[73.4297,20.4144],[73.4308,20.4288],[73.449,20.4667],[73.4759,20.495],[73.4723,20.5141],[73.5007,20.5402],[73.4818,20.5434],[73.4858,20.5641],[73.4808,20.5836],[73.4375,20.5975],[73.4308,20.6205],[73.416,20.6262],[73.418,20.6305],[73.4027,20.6426],[73.4016,20.6492],[73.4192,20.6605],[73.4399,20.6648],[73.4436,20.678],[73.4545,20.6861],[73.4565,20.6934],[73.4473,20.7011],[73.4587,20.7143],[73.4752,20.7217],[73.4826,20.7172],[73.4973,20.686],[73.4972,20.681],[73.4874,20.6756],[73.4984,20.6534],[73.5178,20.6701],[73.5252,20.6671],[73.5384,20.6739],[73.5629,20.6474],[73.5742,20.6511],[73.5842,20.6479],[73.6222,20.6253],[73.6295,20.6123],[73.6368,20.5793],[73.6509,20.5764],[73.6707,20.5623],[73.701,20.5784],[73.7377,20.574],[73.7482,20.5674],[73.7871,20.6023],[73.8024,20.6058],[73.806,20.6015],[73.8254,20.614],[73.8383,20.6158],[73.8464,20.6235],[73.8454,20.6671],[73.8415,20.6751],[73.8254,20.6736],[73.8226,20.6938],[73.8428,20.7021],[73.8636,20.6943],[73.8856,20.7296],[73.9038,20.7306],[73.9088,20.7252],[73.9209,20.7235],[73.9495,20.7423],[73.9452,20.7493],[73.9472,20.7608],[73.9383,20.7608],[73.9402,20.8089],[73.9476,20.8251],[73.9451,20.8401],[73.9311,20.8484],[73.9273,20.8991],[73.9168,20.9151],[73.8963,20.933],[73.895,20.9401],[73.9018,20.9617],[73.9154,20.9648],[73.9064,20.9831],[73.8792,20.9865],[73.8501,21.0014],[73.8468,20.994],[73.8164,20.9961],[73.8077,21.0226],[73.7847,21.0196],[73.7749,21.0105],[73.7694,21.0145],[73.7756,21.0276],[73.7661,21.0401],[73.7476,21.04],[73.7422,21.0555],[73.7441,21.0817],[73.7391,21.0948],[73.7526,21.1141],[73.7389,21.1013],[73.7148,21.1072],[73.709,21.1123],[73.7106,21.119],[73.6934,21.101],[73.6789,21.1093],[73.6599,21.1084],[73.6577,21.1211],[73.6287,21.1202],[73.6236,21.138],[73.6291,21.1417],[73.6142,21.147],[73.6115,21.1545],[73.5888,21.1542],[73.5883,21.1679],[73.6069,21.1785],[73.6132,21.1761],[73.6197,21.1579],[73.6375,21.1531],[73.6364,21.1327],[73.6813,21.1521],[73.7132,21.1505],[73.7171,21.1417],[73.7367,21.1383],[73.748,21.1515],[73.7408,21.1604],[73.7416,21.1671],[73.7837,21.1651],[73.7963,21.1817],[73.8121,21.1721],[73.8225,21.1719],[73.8359,21.1952],[73.8213,21.1953],[73.8188,21.2039],[73.8201,21.2219],[73.8363,21.2423],[73.8321,21.2675],[73.8584,21.27],[73.892,21.2624],[73.9485,21.2976],[73.957,21.3445],[73.9528,21.4024],[73.9687,21.3921],[74.0158,21.418],[74.0485,21.4194],[74.0672,21.4819],[74.077,21.4705],[74.0781,21.4578],[74.1037,21.4539],[74.109,21.448],[74.1225,21.4507],[74.1233,21.4617],[74.1309,21.4637],[74.1408,21.4625],[74.1447,21.4547],[74.1565,21.4531],[74.1693,21.4634],[74.1783,21.4609],[74.1855,21.467],[74.2009,21.4597],[74.2226,21.459],[74.223,21.4755],[74.2291,21.4796],[74.2387,21.4784],[74.2443,21.4649],[74.2497,21.4629],[74.2632,21.4657],[74.2703,21.4753],[74.3059,21.4794],[74.3134,21.4896],[74.3277,21.4958],[74.3355,21.5402],[74.3158,21.5432],[74.31,21.5673],[74.3035,21.5598],[74.2853,21.5549],[74.2701,21.5356],[74.2558,21.5361],[74.2392,21.5503],[74.2278,21.5383],[74.2052,21.5292],[74.1997,21.531],[74.1829,21.5616],[74.1639,21.5599],[74.1556,21.5521],[74.1458,21.5503],[74.1352,21.5569],[74.0692,21.5595],[74.0472,21.5497],[74.0256,21.5526],[74.0053,21.5408],[73.9835,21.542],[73.9857,21.5214],[73.9745,21.5241],[73.9663,21.5391],[73.9573,21.5165],[73.9394,21.5101],[73.9338,21.5236],[73.9105,21.5202],[73.91,21.5133],[73.9036,21.5088],[73.8866,21.5047],[73.8826,21.5098],[73.8768,21.5012],[73.8608,21.4958],[73.845,21.5216],[73.8232,21.6007],[73.8068,21.6024],[73.7876,21.6251],[73.8001,21.6346],[73.829,21.6398],[73.8452,21.6332],[73.8603,21.6418],[73.8703,21.6388],[73.8856,21.6451],[73.8981,21.6673],[73.8964,21.7003],[73.8902,21.7106],[73.8464,21.742],[73.8312,21.7629],[73.8413,21.7687],[73.8384,21.7841],[73.845,21.7907],[73.8357,21.7935],[73.8389,21.8002],[73.8321,21.8108],[73.8136,21.8101],[73.8105,21.8233],[73.8415,21.8385],[73.8796,21.8386],[73.8995,21.8545],[73.9219,21.8566],[73.9364,21.8632],[74.023,21.906],[74.0467,21.9228],[74.1382,21.9534],[74.1569,21.9528],[74.1742,21.9434],[74.1879,21.9286],[74.2016,21.9255],[74.2897,21.9358],[74.3044,21.9692],[74.3494,21.9764],[74.3738,21.9962],[74.3883,22.0202],[74.4355,22.031]]]]}},{"type":"Feature","id":"Manipur","properties":{"name":"Manipur","type":"State","code":""},"geometry":{"type":"Polygon","coordinates":[[[94.5772,25.6483],[94.5761,25.6447],[94.5952,25.6439],[94.5838,25.6345],[94.5557,25.5858],[94.5615,25.5783],[94.5604,25.568],[94.5647,25.5679],[94.5574,25.5128],[94.633,25.4657],[94.666,25.4554],[94.6824,25.4597],[94.6738,25.4162],[94.6492,25.4064],[94.6312,25.3873],[94.6221,25.3368],[94.5987,25.2891],[94.5993,25.2669],[94.5854,25.2158],[94.6089,25.191],[94.6309,25.1904],[94.6478,25.1744],[94.6872,25.1579],[94.7035,25.1598],[94.7136,25.1499],[94.7457,25.1366],[94.7507,25.0635],[94.7422,25.0252],[94.7031,24.9783],[94.7038,24.9636],[94.7191,24.9425],[94.7015,24.9276],[94.6889,24.895],[94.6568,24.8736],[94.6561,24.8629],[94.6378,24.8424],[94.6348,24.8148],[94.6248,24.7958],[94.6333,24.765],[94.6177,24.7441],[94.6108,24.7221],[94.591,24.7109],[94.5845,24.7149],[94.5858,24.73],[94.5817,24.7313],[94.5734,24.722],[94.5766,24.7121],[94.5625,24.7183],[94.551,24.7165],[94.5466,24.7075],[94.5529,24.6928],[94.5507,24.6749],[94.5315,24.6324],[94.5024,24.5964],[94.4853,24.5822],[94.4655,24.5756],[94.4296,24.4933],[94.4034,24.4878],[94.4115,24.4697],[94.4005,24.4621],[94.408,24.4538],[94.4089,24.4441],[94.4039,24.4211],[94.3992,24.4131],[94.3668,24.4046],[94.3653,24.3997],[94.3861,24.3846],[94.3834,24.3794],[94.3518,24.342],[94.3263,24.3389],[94.328,24.2924],[94.3132,24.2541],[94.2951,24.2399],[94.2837,24.1799],[94.2627,24.1677],[94.258,24.1429],[94.2597,24.0896],[94.2472,24.0626],[94.2331,24.0669],[94.2453,24.0442],[94.1945,23.965],[94.196,23.9377],[94.1904,23.9341],[94.1769,23.9388],[94.1708,23.9351],[94.1615,23.8528],[94.1393,23.8559],[94.1351,23.8461],[94.1226,23.8427],[94.1148,23.8525],[94.1141,23.8666],[94.0961,23.8936],[94.0566,23.8976],[94.0511,23.9004],[94.0432,23.918],[94.0177,23.934],[93.9694,23.9339],[93.9538,23.9502],[93.907,23.9571],[93.877,23.9469],[93.8662,23.9379],[93.8486,23.9381],[93.8375,23.9321],[93.816,23.9298],[93.8081,23.9331],[93.7935,23.9675],[93.7856,23.9694],[93.7735,23.9824],[93.7569,24.0095],[93.7466,24.0085],[93.74,23.9992],[93.6775,24.0111],[93.6628,24.0047],[93.6524,24.0135],[93.6207,24.0142],[93.6163,24.0107],[93.6209,23.9912],[93.6035,23.9696],[93.5805,23.9701],[93.5688,23.9887],[93.5635,23.9896],[93.5549,23.9652],[93.5305,23.9608],[93.5151,23.9472],[93.5087,23.9489],[93.4858,23.9676],[93.4689,23.9739],[93.467,23.9993],[93.4533,24.0228],[93.444,24.0278],[93.4329,24.0617],[93.4247,24.0717],[93.4042,24.0843],[93.3664,24.093],[93.3514,24.1124],[93.3469,24.113],[93.3538,24.0977],[93.334,24.0901],[93.342,24.0674],[93.3374,24.0534],[93.2882,24.0516],[93.2739,24.0339],[93.2553,24.0238],[93.2524,24.0338],[93.2666,24.0603],[93.2637,24.0728],[93.248,24.0853],[93.2238,24.084],[93.2253,24.074],[93.2167,24.0501],[93.194,24.0563],[93.1698,24.055],[93.1699,24.0751],[93.1613,24.0776],[93.1585,24.0838],[93.1422,24.0868],[93.1294,24.0641],[93.1009,24.0451],[93.1023,24.074],[93.0895,24.0841],[93.0795,24.103],[93.0537,24.0907],[93.0273,24.1036],[93.0141,24.1045],[92.9964,24.1167],[92.9764,24.1148],[92.9736,24.1239],[92.9894,24.1318],[92.9911,24.1503],[93.0054,24.1606],[93.0033,24.174],[93.0109,24.1822],[93.003,24.1975],[93.0166,24.2],[93.0223,24.2101],[93.0194,24.2288],[93.0266,24.2326],[93.018,24.2364],[93.0067,24.254],[93.0067,24.2628],[93.0139,24.2717],[93.0082,24.2805],[93.0352,24.3184],[93.0434,24.3434],[93.0216,24.3468],[93.0221,24.3742],[93.0171,24.38],[93.0244,24.3905],[93.0005,24.4033],[93.0064,24.4119],[93.016,24.4025],[93.0392,24.4111],[93.0322,24.4289],[93.0379,24.4612],[93.0483,24.464],[93.0485,24.4755],[93.0358,24.4969],[93.0443,24.5058],[93.0414,24.5146],[93.0528,24.5197],[93.0485,24.5309],[93.0527,24.5447],[93.0612,24.5548],[93.0655,24.5473],[93.0727,24.5611],[93.0611,24.5748],[93.0871,24.5712],[93.0973,24.5825],[93.107,24.5836],[93.0987,24.5913],[93.0885,24.59],[93.0754,24.5962],[93.0768,24.6038],[93.0868,24.6113],[93.0794,24.6213],[93.0794,24.6263],[93.0894,24.6276],[93.0848,24.6477],[93.0963,24.6527],[93.1047,24.6753],[93.1018,24.6804],[93.0918,24.6778],[93.0932,24.6879],[93.0759,24.7104],[93.0787,24.7142],[93.0888,24.7092],[93.093,24.7243],[93.1072,24.7419],[93.1029,24.7469],[93.1015,24.7419],[93.0986,24.7444],[93.1057,24.7695],[93.1013,24.7783],[93.1071,24.7833],[93.1127,24.8022],[93.1098,24.8097],[93.1227,24.8198],[93.1213,24.8085],[93.1313,24.806],[93.1371,24.8111],[93.1529,24.7898],[93.1744,24.8037],[93.1788,24.7961],[93.1816,24.8049],[93.1931,24.8062],[93.1974,24.8113],[93.1916,24.8226],[93.1973,24.8339],[93.193,24.8364],[93.2016,24.8402],[93.1944,24.8439],[93.2016,24.8439],[93.1972,24.8565],[93.2087,24.8565],[93.2291,24.8773],[93.2262,24.8811],[93.2348,24.8899],[93.2305,24.8949],[93.2362,24.9025],[93.2434,24.9037],[93.239,24.915],[93.2533,24.9188],[93.2502,24.9301],[93.2431,24.9313],[93.2485,24.9401],[93.24,24.9388],[93.2441,24.9438],[93.2541,24.9426],[93.2492,24.9551],[93.2624,24.9514],[93.2632,24.9664],[93.2587,24.9727],[93.2529,24.9726],[93.2515,24.9814],[93.2557,25.0022],[93.2633,25.0042],[93.2469,25.0036],[93.2517,25.016],[93.2488,25.0188],[93.2578,25.0217],[93.2556,25.0287],[93.2638,25.0359],[93.2682,25.0497],[93.2845,25.0516],[93.2919,25.0471],[93.3001,25.0526],[93.3046,25.048],[93.3127,25.078],[93.3236,25.0917],[93.3358,25.0958],[93.3405,25.1144],[93.3492,25.1254],[93.3474,25.1639],[93.3531,25.1818],[93.3848,25.2257],[93.3887,25.2459],[93.4036,25.2631],[93.4207,25.2663],[93.4264,25.2811],[93.4448,25.2923],[93.46,25.2947],[93.474,25.3093],[93.4726,25.2854],[93.4768,25.279],[93.5108,25.2756],[93.5051,25.2441],[93.5206,25.2488],[93.5412,25.2454],[93.5547,25.2505],[93.5631,25.2466],[93.5749,25.2276],[93.5903,25.22],[93.593,25.2039],[93.608,25.2021],[93.6435,25.2659],[93.6499,25.2691],[93.6516,25.279],[93.6656,25.2984],[93.6661,25.3083],[93.6729,25.3115],[93.6721,25.3287],[93.6871,25.3312],[93.6928,25.3616],[93.7116,25.3581],[93.718,25.3616],[93.7231,25.3756],[93.7398,25.3844],[93.7401,25.3952],[93.7467,25.4057],[93.7811,25.4247],[93.7805,25.4295],[93.809,25.4656],[93.8139,25.4847],[93.7972,25.5044],[93.7885,25.5065],[93.7693,25.4968],[93.7658,25.4999],[93.7643,25.5155],[93.7693,25.5177],[93.7706,25.5403],[93.7795,25.538],[93.8197,25.5444],[93.825,25.556],[93.8333,25.5564],[93.8365,25.5631],[93.8622,25.5575],[93.9002,25.5687],[93.9652,25.5566],[93.9805,25.5713],[94.0104,25.5713],[94.0077,25.5909],[94.0147,25.5961],[94.0255,25.5934],[94.0349,25.5815],[94.0541,25.5768],[94.0694,25.559],[94.086,25.5597],[94.0962,25.5417],[94.0921,25.5327],[94.1387,25.5237],[94.1482,25.5317],[94.1529,25.5478],[94.1601,25.5553],[94.1679,25.547],[94.1828,25.5533],[94.1949,25.5524],[94.1907,25.5308],[94.2129,25.5082],[94.2149,25.5002],[94.2291,25.496],[94.2521,25.4991],[94.2573,25.5034],[94.2741,25.503],[94.2867,25.5117],[94.3026,25.4946],[94.309,25.4938],[94.329,25.5084],[94.3647,25.5215],[94.3885,25.5366],[94.4203,25.5426],[94.4264,25.5615],[94.4224,25.576],[94.43,25.5927],[94.4478,25.598],[94.474,25.6216],[94.4912,25.6198],[94.4934,25.6143],[94.5018,25.62],[94.5054,25.617],[94.5087,25.6269],[94.5242,25.6434],[94.5307,25.6426],[94.5315,25.6501],[94.5395,25.6511],[94.5518,25.6625],[94.573,25.6977],[94.5956,25.6913],[94.5969,25.6869],[94.5853,25.6749],[94.5852,25.6618],[94.5772,25.6483]]]}},{"type":"Feature","id":"Meghalaya","properties":{"name":"Meghalaya","type":"State","code":""},"geometry":{"type":"Polygon","coordinates":[[[91.8538,26.1048],[91.8758,26.0977],[91.8693,26.0569],[91.8832,26.03],[91.9075,26.0271],[91.917,26.0215],[91.9157,26.0103],[91.9221,25.9995],[91.934,26.0147],[91.9463,26.0145],[91.9782,26.0258],[91.9911,26.041],[92.0348,26.0397],[92.0529,26.0328],[92.0934,26.0485],[92.1331,26.0459],[92.1547,26.0681],[92.1783,26.0795],[92.1804,26.0685],[92.212,26.071],[92.2412,26.0625],[92.2686,26.0679],[92.2737,26.065],[92.2881,26.07],[92.296,26.0789],[92.3016,26.0765],[92.2217,25.9986],[92.2192,26.0008],[92.2074,25.9882],[92.1916,25.9852],[92.1674,25.9677],[92.1653,25.954],[92.1563,25.9448],[92.1637,25.9118],[92.1809,25.9086],[92.1867,25.9158],[92.1972,25.918],[92.2006,25.9082],[92.2226,25.9113],[92.2255,25.907],[92.2156,25.8938],[92.2033,25.8901],[92.1799,25.8702],[92.181,25.8514],[92.1531,25.8128],[92.151,25.7836],[92.1655,25.7344],[92.1496,25.7145],[92.1559,25.7091],[92.1644,25.6849],[92.1607,25.6719],[92.171,25.6669],[92.1879,25.6834],[92.2106,25.6959],[92.229,25.7162],[92.2368,25.7084],[92.2705,25.7109],[92.3083,25.7262],[92.3335,25.7252],[92.363,25.7365],[92.3851,25.7536],[92.387,25.7431],[92.4107,25.7431],[92.4164,25.7405],[92.4125,25.7374],[92.417,25.7297],[92.4332,25.7315],[92.442,25.7209],[92.4272,25.7104],[92.4343,25.6875],[92.4654,25.6825],[92.4813,25.6639],[92.5017,25.6229],[92.5106,25.6172],[92.5404,25.6178],[92.5576,25.612],[92.5563,25.5928],[92.561,25.5743],[92.5725,25.5604],[92.5814,25.5598],[92.5875,25.553],[92.6026,25.5574],[92.6087,25.5657],[92.6289,25.5695],[92.6406,25.5874],[92.6535,25.5922],[92.6605,25.5851],[92.6607,25.5703],[92.6499,25.56],[92.6447,25.5374],[92.6216,25.5158],[92.5756,25.4904],[92.5678,25.4808],[92.5674,25.4675],[92.5715,25.4641],[92.5823,25.4729],[92.5854,25.4676],[92.5982,25.4717],[92.6091,25.4166],[92.6286,25.425],[92.6293,25.4346],[92.6379,25.4288],[92.6416,25.4195],[92.6543,25.4353],[92.6537,25.4239],[92.6601,25.4104],[92.6738,25.4171],[92.6935,25.4],[92.7004,25.3878],[92.7129,25.3845],[92.7181,25.375],[92.7371,25.3813],[92.7401,25.3646],[92.7606,25.3353],[92.7725,25.3396],[92.7844,25.3325],[92.788,25.3176],[92.7838,25.308],[92.7922,25.2852],[92.7891,25.2785],[92.7698,25.2689],[92.7767,25.2605],[92.7646,25.2494],[92.7722,25.2333],[92.7863,25.2314],[92.8031,25.2215],[92.8036,25.2172],[92.7796,25.2031],[92.7471,25.2078],[92.7046,25.1905],[92.6939,25.1814],[92.6794,25.1831],[92.6669,25.1771],[92.6557,25.1541],[92.638,25.1452],[92.63,25.125],[92.6216,25.1177],[92.5817,25.1319],[92.5578,25.13],[92.5247,25.14],[92.5252,25.1256],[92.5429,25.0996],[92.5265,25.1059],[92.4843,25.1081],[92.4746,25.0708],[92.4598,25.0547],[92.4647,25.0472],[92.4633,25.0371],[92.4568,25.035],[92.4465,25.042],[92.4379,25.0338],[92.4259,25.0318],[92.4071,25.035],[92.4011,25.0415],[92.3754,25.0444],[92.3696,25.0512],[92.3472,25.0522],[92.3458,25.0557],[92.3566,25.0678],[92.356,25.0734],[92.3478,25.0783],[92.33,25.0818],[92.3149,25.0723],[92.2335,25.097],[92.2283,25.1066],[92.2123,25.1165],[92.2157,25.1205],[92.2323,25.1196],[92.2033,25.1283],[92.1875,25.122],[92.1841,25.1284],[92.1681,25.1315],[92.1677,25.1367],[92.1395,25.1455],[92.1408,25.1572],[92.1453,25.159],[92.132,25.1669],[92.1086,25.1793],[92.0718,25.1896],[92.0306,25.1821],[92.0139,25.1902],[91.9889,25.1756],[91.9796,25.1756],[91.9732,25.1822],[91.9222,25.1871],[91.8631,25.1776],[91.8347,25.1824],[91.7819,25.1683],[91.7529,25.1798],[91.744,25.1512],[91.7073,25.1588],[91.7078,25.1511],[91.6958,25.1391],[91.679,25.1382],[91.6445,25.1227],[91.6283,25.1283],[91.6259,25.145],[91.6056,25.1458],[91.6068,25.1572],[91.6033,25.1599],[91.6097,25.1681],[91.6189,25.1701],[91.6174,25.1759],[91.5803,25.1729],[91.5764,25.1643],[91.5792,25.1606],[91.5669,25.1588],[91.5589,25.1493],[91.5378,25.1444],[91.5136,25.1454],[91.5026,25.1355],[91.4741,25.1339],[91.4702,25.1348],[91.4712,25.1501],[91.446,25.1491],[91.4301,25.156],[91.4198,25.1701],[91.4165,25.1651],[91.4032,25.1642],[91.3753,25.1671],[91.3681,25.1756],[91.3599,25.1702],[91.3423,25.1723],[91.3263,25.1824],[91.2949,25.1858],[91.2976,25.1906],[91.2738,25.2043],[91.2515,25.1946],[91.2035,25.1998],[91.132,25.1933],[91.0799,25.1972],[91.0709,25.1914],[91.0277,25.1853],[90.9299,25.1606],[90.8857,25.1643],[90.867,25.1561],[90.8245,25.1611],[90.8198,25.1659],[90.8144,25.1625],[90.8085,25.1652],[90.8105,25.1717],[90.8042,25.172],[90.8002,25.1783],[90.7888,25.1782],[90.7854,25.184],[90.7697,25.1769],[90.7645,25.1662],[90.7404,25.1646],[90.7464,25.1587],[90.7393,25.1544],[90.7199,25.1665],[90.7118,25.1603],[90.7081,25.1628],[90.7044,25.1553],[90.6876,25.1662],[90.6928,25.1717],[90.673,25.1666],[90.6712,25.1973],[90.665,25.1856],[90.6483,25.182],[90.6488,25.1733],[90.6259,25.1724],[90.6162,25.1784],[90.5828,25.1708],[90.5167,25.1751],[90.5157,25.1698],[90.5081,25.1714],[90.494,25.1614],[90.4596,25.1523],[90.4524,25.1445],[90.4145,25.16],[90.3795,25.1643],[90.3415,25.1935],[90.3181,25.1897],[90.2414,25.2068],[90.2286,25.2034],[90.1749,25.224],[90.1152,25.2269],[90.0993,25.2387],[90.0807,25.2449],[90.0598,25.2629],[90.0343,25.267],[90.0083,25.2824],[89.9993,25.279],[89.9859,25.2824],[89.9799,25.2982],[89.9712,25.3031],[89.9606,25.3021],[89.9534,25.2956],[89.9486,25.304],[89.9367,25.3006],[89.9113,25.3087],[89.8815,25.287],[89.8606,25.2878],[89.8343,25.2957],[89.8474,25.3103],[89.8354,25.3197],[89.8369,25.3342],[89.8225,25.3557],[89.8217,25.3854],[89.828,25.3946],[89.8287,25.4126],[89.8398,25.4386],[89.8567,25.4625],[89.8551,25.476],[89.864,25.4729],[89.88,25.4886],[89.8703,25.5215],[89.8757,25.5285],[89.8712,25.537],[89.8746,25.5416],[89.8701,25.5442],[89.8864,25.5579],[89.9358,25.5627],[89.9416,25.5676],[89.9665,25.5717],[89.9728,25.5746],[89.9792,25.5907],[90.0021,25.5842],[90.0184,25.6084],[90.0045,25.6238],[89.9833,25.6267],[89.9804,25.6376],[89.947,25.6588],[89.937,25.6866],[89.9211,25.6944],[89.9185,25.7027],[89.8942,25.7272],[89.8954,25.7441],[89.9219,25.7392],[89.9335,25.7446],[89.9337,25.7525],[89.9552,25.7745],[89.952,25.8109],[89.9456,25.8161],[89.9446,25.8245],[89.9735,25.8281],[89.9759,25.834],[89.9908,25.8355],[90.0016,25.8422],[89.9974,25.8442],[90.0003,25.8486],[90.0083,25.8468],[90.0219,25.8655],[90.0047,25.8787],[90.0213,25.8932],[90.0421,25.8908],[90.0633,25.9155],[90.078,25.9177],[90.0807,25.9245],[90.0919,25.9288],[90.088,25.9362],[90.1054,25.9419],[90.1187,25.9613],[90.1232,25.9572],[90.14,25.9581],[90.1534,25.9647],[90.1584,25.9583],[90.1761,25.9571],[90.1825,25.9445],[90.194,25.957],[90.2084,25.9616],[90.2128,25.9539],[90.2274,25.9551],[90.3243,25.9744],[90.3299,25.9885],[90.3369,25.9902],[90.3393,25.9969],[90.365,26.0103],[90.3965,26.0142],[90.411,26.0059],[90.4174,25.9923],[90.4286,25.989],[90.4575,25.9996],[90.4773,26.0153],[90.5057,25.996],[90.5345,25.958],[90.5338,25.9363],[90.5111,25.9001],[90.5125,25.8962],[90.5255,25.901],[90.5534,25.9291],[90.5714,25.939],[90.5728,25.9482],[90.5825,25.9598],[90.5873,25.9539],[90.6019,25.9518],[90.629,25.9374],[90.6076,25.9196],[90.6065,25.9123],[90.6142,25.8995],[90.6248,25.8989],[90.6289,25.9065],[90.6273,25.917],[90.6757,25.9365],[90.686,25.9508],[90.7177,25.9547],[90.7254,25.9488],[90.7474,25.9573],[90.7403,25.9409],[90.7441,25.9328],[90.7526,25.934],[90.7405,25.9152],[90.7454,25.9123],[90.7501,25.9192],[90.7589,25.9216],[90.7577,25.9111],[90.7781,25.9083],[90.7917,25.9357],[90.8099,25.9522],[90.8239,25.9451],[90.8362,25.9473],[90.8368,25.9382],[90.8432,25.9448],[90.8729,25.9429],[90.8724,25.9467],[90.8802,25.9463],[90.883,25.9518],[90.8965,25.9375],[90.8954,25.9315],[90.9191,25.9133],[90.9159,25.9432],[90.9321,25.9397],[90.9427,25.9476],[90.9456,25.9391],[90.9579,25.9339],[90.9606,25.9277],[90.9675,25.8872],[90.9848,25.8899],[91.0137,25.8843],[91.0292,25.888],[91.0265,25.8666],[91.0131,25.8572],[91.0008,25.8223],[91.0208,25.8226],[91.0491,25.8488],[91.0659,25.8464],[91.0785,25.8526],[91.0729,25.8383],[91.0499,25.8289],[91.0633,25.8204],[91.0665,25.8258],[91.0814,25.8293],[91.1208,25.8313],[91.1317,25.8419],[91.1529,25.8501],[91.179,25.8428],[91.1965,25.859],[91.2026,25.8405],[91.1899,25.8208],[91.191,25.8107],[91.1799,25.7763],[91.1892,25.7635],[91.192,25.7296],[91.2239,25.7234],[91.2554,25.7478],[91.2756,25.7469],[91.3336,25.8388],[91.3533,25.8377],[91.4189,25.8547],[91.4444,25.841],[91.4687,25.859],[91.5079,25.8648],[91.5254,25.8729],[91.5326,25.8841],[91.5297,25.8897],[91.5258,25.8901],[91.5078,25.8674],[91.4937,25.8655],[91.4748,25.8712],[91.4834,25.8911],[91.4929,25.8956],[91.5033,25.8922],[91.5012,25.8985],[91.5085,25.9098],[91.5313,25.9237],[91.5359,25.934],[91.5056,25.9131],[91.5016,25.9208],[91.5198,25.9409],[91.5185,25.9582],[91.5372,25.9621],[91.5373,25.9684],[91.5513,25.9749],[91.5654,26.0018],[91.57,26.0275],[91.5758,26.0331],[91.5881,26.0301],[91.5971,26.0171],[91.5968,26.0208],[91.6203,26.027],[91.6322,26.0224],[91.633,26.0049],[91.6247,25.9859],[91.6379,25.9648],[91.6301,25.9446],[91.6109,25.9446],[91.6112,25.9399],[91.6515,25.9077],[91.6619,25.9099],[91.6693,25.9054],[91.702,25.9379],[91.7009,25.9419],[91.7202,25.9541],[91.7232,26.0303],[91.7264,26.0469],[91.7346,26.0566],[91.7313,26.0592],[91.7595,26.0713],[91.7785,26.0912],[91.7904,26.087],[91.8018,26.1049],[91.8108,26.1052],[91.8193,26.1187],[91.8538,26.1048]]]}},{"type":"Feature","id":"Mizoram","properties":{"name":"Mizoram","type":"State","code":""},"geometry":{"type":"Polygon","coordinates":[[[92.8008,24.4191],[92.8095,24.4193],[92.8112,24.4136],[92.8183,24.4127],[92.8314,24.4005],[92.825,24.3905],[92.8327,24.3764],[92.8443,24.3799],[92.8516,24.3924],[92.8629,24.3995],[92.8739,24.3973],[92.8908,24.4023],[92.8944,24.3953],[92.9052,24.3945],[92.9115,24.4129],[92.9357,24.3955],[92.9512,24.4048],[92.9603,24.3959],[92.9803,24.4097],[93.0244,24.3905],[93.0171,24.38],[93.0221,24.3742],[93.0216,24.3468],[93.0434,24.3434],[93.0352,24.3184],[93.0111,24.2881],[93.0082,24.2805],[93.0139,24.2717],[93.0067,24.2628],[93.0067,24.254],[93.018,24.2364],[93.0266,24.2326],[93.0194,24.2288],[93.0237,24.2176],[93.0166,24.2],[93.003,24.1975],[93.0109,24.1822],[93.0033,24.174],[93.0054,24.1606],[92.9911,24.1503],[92.9894,24.1318],[92.9736,24.1239],[92.9764,24.1148],[92.9964,24.1167],[93.0141,24.1045],[93.0273,24.1036],[93.0537,24.0907],[93.0795,24.103],[93.0895,24.0841],[93.1023,24.074],[93.1009,24.0451],[93.1294,24.0641],[93.1351,24.0792],[93.1479,24.0881],[93.1699,24.0751],[93.1698,24.055],[93.194,24.0563],[93.2167,24.0501],[93.2253,24.074],[93.2238,24.084],[93.248,24.0853],[93.2637,24.0728],[93.2666,24.0603],[93.2524,24.0338],[93.2553,24.0238],[93.2739,24.0339],[93.2882,24.0516],[93.3374,24.0534],[93.3422,24.0446],[93.3332,24.0398],[93.3422,24.0307],[93.3369,24.0238],[93.3403,24.0124],[93.3344,23.987],[93.3516,23.978],[93.3559,23.9613],[93.371,23.9405],[93.3987,23.9303],[93.3971,23.8409],[93.3992,23.8242],[93.411,23.8077],[93.4053,23.7616],[93.4177,23.7326],[93.4169,23.7121],[93.4365,23.6962],[93.4447,23.6824],[93.4283,23.6535],[93.4347,23.5888],[93.424,23.5694],[93.4276,23.5344],[93.4076,23.5085],[93.406,23.4673],[93.3972,23.4333],[93.3983,23.4113],[93.4142,23.388],[93.3964,23.374],[93.3988,23.3643],[93.3763,23.3626],[93.3658,23.3545],[93.3793,23.3327],[93.3767,23.3195],[93.3812,23.2899],[93.3751,23.2746],[93.3784,23.2561],[93.3947,23.2243],[93.3874,23.2112],[93.3739,23.1503],[93.3791,23.1436],[93.3907,23.1479],[93.3936,23.1386],[93.365,23.1167],[93.362,23.0954],[93.3511,23.0803],[93.3582,23.0779],[93.3574,23.0728],[93.353,23.0648],[93.3452,23.0648],[93.3326,23.0357],[93.3212,23.0219],[93.315,23.0221],[93.2977,23.0058],[93.2786,23.0056],[93.2681,23.0123],[93.2532,23.0065],[93.2341,23.0219],[93.2202,23.0452],[93.1945,23.0603],[93.1678,23.049],[93.1556,23.0581],[93.1419,23.0606],[93.1329,23.0475],[93.1358,23.0352],[93.1316,23.0259],[93.1358,23.0129],[93.1292,23.0008],[93.1426,22.9937],[93.1481,22.9756],[93.1425,22.9644],[93.1516,22.95],[93.1534,22.9306],[93.1684,22.9191],[93.1628,22.9135],[93.1388,22.9132],[93.1332,22.8752],[93.1217,22.8628],[93.1208,22.8373],[93.1112,22.8282],[93.1162,22.8163],[93.0993,22.8104],[93.1127,22.7442],[93.0991,22.7143],[93.0918,22.7093],[93.1042,22.6962],[93.1069,22.6863],[93.1035,22.6741],[93.1185,22.6515],[93.1148,22.6392],[93.1364,22.6229],[93.1444,22.5989],[93.1456,22.5861],[93.136,22.5815],[93.1178,22.5589],[93.1117,22.5318],[93.1309,22.5261],[93.1337,22.5199],[93.1289,22.5098],[93.1378,22.4951],[93.1345,22.4749],[93.1421,22.4633],[93.1567,22.4521],[93.1754,22.4513],[93.1908,22.4273],[93.1889,22.4135],[93.1943,22.4089],[93.1915,22.3959],[93.1974,22.38],[93.1926,22.3708],[93.1995,22.3372],[93.2066,22.3295],[93.1963,22.3246],[93.2086,22.2611],[93.1904,22.2497],[93.1471,22.2465],[93.1464,22.2411],[93.1565,22.2287],[93.1591,22.2098],[93.1698,22.2001],[93.163,22.1823],[93.1544,22.1782],[93.1307,22.1791],[93.1172,22.2013],[93.0973,22.1993],[93.077,22.2101],[93.0467,22.1976],[93.0445,22.1937],[93.0549,22.1654],[93.0469,22.1387],[93.0665,22.1133],[93.0656,22.1021],[93.0521,22.0992],[93.023,22.1057],[93.0133,22.1022],[93.0145,22.0852],[93,22.0504],[93.0016,22.0321],[93.0104,22.0112],[93.0092,21.9839],[92.999,21.9779],[92.988,21.9829],[92.9795,22.0064],[92.9695,22.0141],[92.9666,22.0271],[92.9558,22.0299],[92.9421,22.0183],[92.9316,22.0175],[92.9391,22.0086],[92.9277,21.9959],[92.9158,21.9651],[92.9161,21.9494],[92.9109,21.9462],[92.9058,21.9536],[92.9047,21.9808],[92.8943,22.012],[92.8747,22.0301],[92.8677,22.0654],[92.8446,22.0634],[92.8365,22.0764],[92.8256,22.0797],[92.8171,22.0956],[92.7888,22.1089],[92.7737,22.1111],[92.7701,22.1231],[92.7378,22.139],[92.7328,22.1496],[92.7179,22.1526],[92.7034,22.1538],[92.6994,22.1483],[92.6975,22.0862],[92.6936,22.0773],[92.6896,22.1071],[92.6864,22.1094],[92.6838,22.1053],[92.69,22.041],[92.6844,22.0179],[92.6808,22.0142],[92.6592,22.0147],[92.6379,21.9887],[92.6119,21.9819],[92.6097,21.9768],[92.6115,22.0002],[92.6051,22.0101],[92.6049,22.0309],[92.599,22.0378],[92.605,22.0576],[92.5704,22.1291],[92.5876,22.1397],[92.5965,22.1366],[92.61,22.1213],[92.6139,22.1729],[92.6048,22.1825],[92.5977,22.2572],[92.5862,22.2894],[92.5875,22.321],[92.5656,22.3919],[92.5515,22.4922],[92.5528,22.5205],[92.5471,22.5257],[92.5416,22.5541],[92.5314,22.5623],[92.5337,22.575],[92.5405,22.5788],[92.5398,22.6041],[92.527,22.6762],[92.5042,22.7357],[92.5114,22.7366],[92.5031,22.7411],[92.5055,22.744],[92.4846,22.7503],[92.4921,22.7539],[92.4813,22.7625],[92.4865,22.7728],[92.4765,22.7876],[92.4778,22.7983],[92.4577,22.8211],[92.4648,22.8328],[92.4575,22.8417],[92.4645,22.8432],[92.4592,22.8538],[92.4644,22.856],[92.4535,22.8656],[92.4583,22.872],[92.4506,22.8775],[92.4475,22.8936],[92.4329,22.8869],[92.4188,22.913],[92.4214,22.9201],[92.4056,22.9161],[92.3966,22.9316],[92.381,22.9303],[92.3754,22.9349],[92.3805,22.9819],[92.3855,22.9869],[92.3818,23.01],[92.3855,23.038],[92.3905,23.0418],[92.3937,23.0582],[92.3839,23.0874],[92.378,23.0888],[92.3658,23.1059],[92.3734,23.1279],[92.3647,23.1374],[92.3716,23.1598],[92.3656,23.1775],[92.3696,23.1839],[92.3622,23.192],[92.3611,23.2375],[92.4086,23.2422],[92.4086,23.2461],[92.3961,23.2674],[92.4006,23.2663],[92.389,23.2888],[92.3877,23.3086],[92.3812,23.3207],[92.3753,23.3182],[92.3729,23.3229],[92.3835,23.3502],[92.3804,23.3625],[92.3744,23.371],[92.3694,23.3671],[92.3642,23.3695],[92.3691,23.3789],[92.3598,23.3813],[92.3634,23.3891],[92.3586,23.3947],[92.3618,23.4091],[92.3525,23.4148],[92.3502,23.4343],[92.3408,23.4312],[92.3358,23.4494],[92.3391,23.456],[92.3323,23.4613],[92.3366,23.46],[92.3381,23.4645],[92.3232,23.4738],[92.3326,23.4787],[92.3234,23.4902],[92.3275,23.4919],[92.3232,23.5247],[92.3128,23.5338],[92.318,23.5546],[92.3059,23.5913],[92.3018,23.5881],[92.2936,23.596],[92.2933,23.6155],[92.3002,23.6253],[92.2814,23.6301],[92.2862,23.6365],[92.28,23.6438],[92.2953,23.6755],[92.2953,23.6927],[92.2685,23.7286],[92.2678,23.77],[92.2594,23.815],[92.2868,23.8168],[92.2739,23.8417],[92.2748,23.8491],[92.2852,23.8573],[92.292,23.8714],[92.2951,23.8655],[92.3099,23.8626],[92.3202,23.8658],[92.3221,23.8738],[92.3163,23.8833],[92.323,23.9042],[92.3299,23.9055],[92.3311,23.9118],[92.3297,23.9231],[92.3134,23.9345],[92.3114,23.9606],[92.3126,23.9702],[92.3221,23.9753],[92.3291,23.9897],[92.3275,24.0042],[92.3172,24.0176],[92.3217,24.0188],[92.3167,24.028],[92.3193,24.0313],[92.3141,24.0347],[92.3153,24.0487],[92.3217,24.0587],[92.3168,24.0668],[92.3273,24.0745],[92.3228,24.0775],[92.3291,24.0822],[92.3316,24.0988],[92.3283,24.0986],[92.3324,24.1068],[92.3282,24.1386],[92.3368,24.1468],[92.3286,24.1661],[92.3295,24.1912],[92.3202,24.2026],[92.3246,24.2058],[92.3097,24.2148],[92.3138,24.2229],[92.3009,24.222],[92.2976,24.2272],[92.2966,24.2517],[92.4224,24.2531],[92.419,24.1944],[92.4342,24.1814],[92.4374,24.1514],[92.4439,24.1531],[92.4506,24.1437],[92.4668,24.135],[92.4748,24.1429],[92.4809,24.1413],[92.4788,24.1487],[92.4859,24.1622],[92.5001,24.1605],[92.5049,24.1673],[92.5128,24.1626],[92.5086,24.1692],[92.5148,24.1702],[92.5151,24.1755],[92.5297,24.1748],[92.5506,24.2459],[92.5646,24.2501],[92.588,24.2449],[92.6116,24.2533],[92.6243,24.3327],[92.6377,24.3355],[92.641,24.3287],[92.645,24.3277],[92.6452,24.3318],[92.649,24.3288],[92.6575,24.3435],[92.6748,24.3498],[92.6838,24.3475],[92.6907,24.3548],[92.6969,24.374],[92.7041,24.3762],[92.7141,24.413],[92.7508,24.4915],[92.7536,24.507],[92.7652,24.5208],[92.8028,24.4273],[92.8008,24.4191]]]}},{"type":"Feature","id":"Nagaland","properties":{"name":"Nagaland","type":"State","code":""},"geometry":{"type":"Polygon","coordinates":[[[95.2144,26.937],[95.2256,26.9344],[95.2319,26.9261],[95.2339,26.8908],[95.2299,26.8857],[95.2129,26.8856],[95.1845,26.8648],[95.1956,26.8496],[95.2086,26.8507],[95.199,26.8399],[95.2151,26.7984],[95.2449,26.7873],[95.2316,26.7777],[95.2332,26.7719],[95.2201,26.7598],[95.2161,26.7353],[95.2361,26.7122],[95.2337,26.6971],[95.2376,26.6863],[95.2098,26.6515],[95.182,26.6433],[95.1547,26.6195],[95.1545,26.5808],[95.1444,26.563],[95.1268,26.5624],[95.1148,26.548],[95.1208,26.5298],[95.1035,26.5129],[95.1024,26.5032],[95.076,26.4777],[95.0663,26.4568],[95.0664,26.4504],[95.087,26.452],[95.1062,26.43],[95.1048,26.4013],[95.1217,26.398],[95.1357,26.3878],[95.1283,26.3547],[95.1335,26.3426],[95.1275,26.3359],[95.1311,26.2925],[95.1207,26.2749],[95.1297,26.2562],[95.1212,26.2387],[95.1425,26.2142],[95.1247,26.1966],[95.1258,26.1827],[95.1168,26.163],[95.1279,26.137],[95.1206,26.1097],[95.1267,26.101],[95.138,26.1026],[95.1516,26.0949],[95.171,26.0968],[95.1857,26.0804],[95.1656,26.0534],[95.1626,26.0314],[95.1175,25.9877],[95.1065,25.9682],[95.0789,25.9508],[95.0574,25.947],[95.0449,25.9348],[95.0367,25.9351],[95.0364,25.927],[95.0219,25.91],[95.0222,25.8875],[95.0156,25.8807],[95.0154,25.872],[95.0332,25.8465],[95.0375,25.8202],[95.0518,25.8052],[95.0455,25.7828],[95.0525,25.7627],[95.0337,25.7414],[95.0094,25.7385],[94.989,25.7091],[94.9376,25.669],[94.9197,25.6111],[94.8889,25.5929],[94.8877,25.5876],[94.905,25.5671],[94.8494,25.5607],[94.8339,25.5467],[94.8125,25.4954],[94.7845,25.4902],[94.7727,25.4813],[94.7567,25.492],[94.7465,25.4791],[94.6957,25.4681],[94.6698,25.4554],[94.633,25.4657],[94.5574,25.5128],[94.5647,25.5679],[94.5604,25.568],[94.5615,25.5783],[94.5557,25.5858],[94.5838,25.6345],[94.5952,25.6439],[94.5761,25.6447],[94.5768,25.6528],[94.5852,25.6618],[94.5853,25.6749],[94.5969,25.6869],[94.5956,25.6913],[94.573,25.6977],[94.5518,25.6625],[94.5395,25.6511],[94.5315,25.6501],[94.5307,25.6426],[94.5242,25.6434],[94.5087,25.6269],[94.5054,25.617],[94.5018,25.62],[94.4934,25.6143],[94.4912,25.6198],[94.474,25.6216],[94.4478,25.598],[94.43,25.5927],[94.4224,25.576],[94.4264,25.5615],[94.4203,25.5426],[94.3885,25.5366],[94.3647,25.5215],[94.329,25.5084],[94.3135,25.4945],[94.3026,25.4946],[94.2867,25.5117],[94.2741,25.503],[94.2573,25.5034],[94.2521,25.4991],[94.2291,25.496],[94.2149,25.5002],[94.2129,25.5082],[94.1907,25.5308],[94.1949,25.5524],[94.1828,25.5533],[94.1679,25.547],[94.1601,25.5553],[94.1529,25.5478],[94.1482,25.5317],[94.1387,25.5237],[94.0921,25.5327],[94.0962,25.5417],[94.086,25.5597],[94.0694,25.559],[94.0541,25.5768],[94.0349,25.5815],[94.0255,25.5934],[94.0147,25.5961],[94.0077,25.5909],[94.0104,25.5713],[93.9805,25.5713],[93.9652,25.5566],[93.9002,25.5687],[93.8622,25.5575],[93.8365,25.5631],[93.8333,25.5564],[93.825,25.556],[93.8197,25.5444],[93.7795,25.538],[93.7706,25.5403],[93.7693,25.5177],[93.7643,25.5155],[93.7658,25.4999],[93.7693,25.4968],[93.7885,25.5065],[93.7972,25.5044],[93.8139,25.4847],[93.809,25.4656],[93.7805,25.4295],[93.7811,25.4247],[93.7467,25.4057],[93.7401,25.3952],[93.7398,25.3844],[93.7231,25.3756],[93.718,25.3616],[93.7116,25.3581],[93.6928,25.3616],[93.6871,25.3312],[93.6721,25.3287],[93.6729,25.3115],[93.6661,25.3083],[93.6656,25.2984],[93.6126,25.2062],[93.608,25.2021],[93.593,25.2039],[93.5903,25.22],[93.5749,25.2276],[93.5631,25.2466],[93.5547,25.2505],[93.5412,25.2454],[93.5206,25.2488],[93.5051,25.2441],[93.5108,25.2756],[93.4768,25.279],[93.4726,25.2854],[93.474,25.3093],[93.4567,25.3253],[93.4619,25.3366],[93.4519,25.3442],[93.4782,25.3799],[93.4633,25.411],[93.4619,25.4347],[93.435,25.4548],[93.4171,25.4528],[93.3959,25.4641],[93.3904,25.4692],[93.3864,25.4934],[93.3718,25.5011],[93.3502,25.5337],[93.3523,25.5376],[93.3404,25.5373],[93.3317,25.5468],[93.3483,25.5632],[93.3642,25.5607],[93.3652,25.5698],[93.3734,25.5692],[93.3765,25.5773],[93.3847,25.5779],[93.3824,25.5848],[93.3906,25.5891],[93.3901,25.5947],[93.4068,25.5965],[93.4076,25.6094],[93.4168,25.6149],[93.4275,25.6315],[93.4342,25.6299],[93.4468,25.6388],[93.462,25.6334],[93.4571,25.6406],[93.4748,25.6443],[93.4759,25.648],[93.4834,25.6458],[93.4836,25.6518],[93.4999,25.6565],[93.5203,25.6837],[93.5168,25.6881],[93.5259,25.6997],[93.5306,25.6927],[93.538,25.7032],[93.5436,25.7017],[93.5498,25.719],[93.5448,25.727],[93.5467,25.7345],[93.5569,25.7377],[93.5563,25.7419],[93.5655,25.7413],[93.5733,25.7608],[93.5838,25.7578],[93.5882,25.7682],[93.5937,25.7643],[93.6028,25.7708],[93.6056,25.7675],[93.6081,25.7769],[93.6223,25.7798],[93.629,25.8044],[93.6485,25.824],[93.6686,25.8246],[93.6695,25.8288],[93.6781,25.8289],[93.6825,25.8407],[93.692,25.8441],[93.6905,25.8476],[93.7036,25.8535],[93.7024,25.847],[93.7055,25.8486],[93.6858,25.9049],[93.6877,25.9094],[93.7051,25.9213],[93.7165,25.9217],[93.7518,25.9364],[93.7494,25.9421],[93.7628,25.9549],[93.7703,25.9535],[93.773,25.966],[93.7894,25.9526],[93.7866,25.9474],[93.7933,25.9367],[93.7886,25.933],[93.7932,25.931],[93.7983,25.9097],[93.7875,25.8789],[93.7918,25.8697],[93.7815,25.8593],[93.7838,25.85],[93.7798,25.8463],[93.7913,25.816],[93.7958,25.8144],[93.8076,25.8163],[93.8188,25.8262],[93.8243,25.8471],[93.8423,25.8626],[93.8517,25.863],[93.8827,25.8459],[93.8934,25.8648],[93.8986,25.8638],[93.9159,25.8877],[93.9346,25.8914],[93.9402,25.901],[93.9598,25.9053],[93.9794,25.9197],[93.9827,25.9263],[93.9711,25.9449],[93.9692,25.9608],[93.956,25.9742],[93.9606,25.997],[93.9549,26.0073],[93.9659,26.0424],[93.9726,26.045],[93.9911,26.0726],[93.9864,26.0883],[93.9925,26.0928],[93.9941,26.1061],[94.0022,26.1114],[93.9912,26.1181],[93.9983,26.131],[93.9908,26.1339],[94.0052,26.1419],[93.9997,26.1582],[94.0048,26.1733],[94.013,26.1863],[94.0357,26.2032],[94.0382,26.2295],[94.0491,26.2502],[94.0646,26.2618],[94.0705,26.26],[94.0778,26.2754],[94.0768,26.2852],[94.0872,26.2904],[94.1027,26.3087],[94.108,26.3264],[94.1287,26.3233],[94.1194,26.3337],[94.1388,26.3416],[94.1467,26.3354],[94.1755,26.3442],[94.18,26.3541],[94.1677,26.3533],[94.1645,26.3601],[94.1756,26.3718],[94.1791,26.3887],[94.174,26.4209],[94.1865,26.4605],[94.2011,26.4699],[94.2115,26.4898],[94.2399,26.5114],[94.2767,26.5588],[94.2898,26.5641],[94.2853,26.5582],[94.2849,26.5403],[94.2939,26.4807],[94.3033,26.4673],[94.3165,26.4629],[94.3243,26.4707],[94.3239,26.4794],[94.3521,26.4958],[94.3555,26.5035],[94.3511,26.5086],[94.3776,26.5131],[94.3783,26.5253],[94.3914,26.5328],[94.3995,26.5323],[94.4013,26.5441],[94.408,26.5497],[94.4048,26.5552],[94.412,26.5585],[94.4078,26.5614],[94.4148,26.5833],[94.406,26.6019],[94.4079,26.6143],[94.4545,26.639],[94.4625,26.6355],[94.4586,26.6554],[94.4645,26.6675],[94.4983,26.6737],[94.5155,26.6873],[94.5227,26.7044],[94.5278,26.7013],[94.5451,26.7109],[94.5634,26.7074],[94.563,26.6906],[94.5747,26.691],[94.5715,26.6962],[94.5828,26.7056],[94.5924,26.7027],[94.5962,26.7182],[94.6047,26.7172],[94.6032,26.7238],[94.5933,26.7261],[94.6041,26.7393],[94.6101,26.7401],[94.6227,26.7195],[94.6534,26.7236],[94.6866,26.7326],[94.7365,26.7674],[94.7458,26.7821],[94.7564,26.7723],[94.7683,26.7834],[94.7731,26.795],[94.8022,26.8061],[94.8054,26.8122],[94.7966,26.8185],[94.8131,26.8248],[94.8211,26.8545],[94.8515,26.8813],[94.8696,26.915],[94.8862,26.9325],[94.9282,26.9521],[94.9336,26.9385],[94.9573,26.9436],[94.9857,26.9182],[94.9921,26.9184],[94.9931,26.9262],[95.0213,26.9254],[95.038,26.9385],[95.0869,26.9527],[95.11,26.9669],[95.1169,26.9837],[95.1495,26.9998],[95.1955,27.043],[95.2001,27.0062],[95.1952,26.99],[95.21,26.9826],[95.2052,26.9822],[95.215,26.9704],[95.2068,26.9626],[95.2134,26.9588],[95.2092,26.9567],[95.2144,26.937]]]}},{"type":"Feature","id":"Orissa","properties":{"name":"Orissa","type":"State","code":""},"geometry":{"type":"MultiPolygon","coordinates":[[[[84.7699,19.106],[84.7649,19.1015],[84.7699,19.106]]],[[[84.7565,19.111],[84.7607,19.1096],[84.7582,19.1051],[84.7654,19.1074],[84.7654,19.104],[84.7568,19.1015],[84.7565,19.111]]],[[[84.7832,19.111],[84.7613,19.0713],[84.7302,19.0893],[84.7474,19.0907],[84.7521,19.0879],[84.751,19.0821],[84.7582,19.0874],[84.7593,19.1007],[84.7657,19.0996],[84.7832,19.111]]],[[[86.2406,19.9094],[86.2367,19.9083],[86.2406,19.9094]]],[[[86.3725,19.9544],[86.3551,19.9499],[86.3721,19.9576],[86.3725,19.9544]]],[[[86.3869,19.9628],[86.3789,19.9594],[86.3869,19.9628]]],[[[86.3925,19.9661],[86.3994,19.9723],[86.3925,19.9661]]],[[[86.3686,19.9739],[86.3728,19.9734],[86.3722,19.9692],[86.365,19.9686],[86.3686,19.9739]]],[[[86.3211,19.9881],[86.3186,19.995],[86.3211,19.9881]]],[[[86.3214,19.9989],[86.3208,19.9933],[86.3156,19.9992],[86.3194,20.0023],[86.3214,19.9989]]],[[[86.3356,19.9908],[86.3272,19.9986],[86.3294,20.0106],[86.3358,20.0031],[86.3356,19.9908]]],[[[86.3104,20.0162],[86.3147,20.0153],[86.3153,20.0081],[86.3104,20.0162]]],[[[86.2531,20.0253],[86.2583,20.0219],[86.2531,20.0253]]],[[[86.4109,20.0183],[86.4125,20.0258],[86.4109,20.0183]]],[[[86.2725,20.0244],[86.2647,20.0222],[86.2708,20.0272],[86.2725,20.0244]]],[[[86.3203,20.0294],[86.3267,20.0244],[86.3242,20.0219],[86.3203,20.0294]]],[[[86.315,20.0317],[86.3253,20.0164],[86.3214,20.01],[86.3158,20.0217],[86.3011,20.0264],[86.315,20.0317]]],[[[86.2658,20.0336],[86.2678,20.0308],[86.2625,20.0322],[86.2658,20.0336]]],[[[86.31,20.0408],[86.3136,20.0386],[86.31,20.0408]]],[[[86.3006,20.0425],[86.303,20.0386],[86.3006,20.0425]]],[[[86.4264,20.0386],[86.4208,20.0319],[86.4258,20.0436],[86.4264,20.0386]]],[[[86.295,20.0497],[86.3003,20.0444],[86.2911,20.0478],[86.295,20.0497]]],[[[86.2703,20.0581],[86.2675,20.0531],[86.2733,20.0553],[86.3081,20.0344],[86.2797,20.0267],[86.2669,20.0353],[86.2452,20.0294],[86.2459,20.0378],[86.2561,20.0511],[86.2703,20.0581]]],[[[86.2634,20.0581],[86.2506,20.0517],[86.2634,20.0581]]],[[[86.4372,20.0594],[86.4322,20.0511],[86.4372,20.0594]]],[[[86.4911,20.1497],[86.4928,20.1458],[86.4911,20.1497]]],[[[86.5017,20.1758],[86.5081,20.1725],[86.4944,20.1622],[86.4896,20.1704],[86.5017,20.1758]]],[[[86.553,20.2053],[86.553,20.2053]]],[[[86.7917,20.3736],[86.7958,20.3722],[86.7922,20.3653],[86.7917,20.3736]]],[[[86.7939,20.3799],[86.7964,20.3744],[86.7911,20.3764],[86.7939,20.3799]]],[[[86.7931,20.3842],[86.7939,20.3875],[86.7931,20.3842]]],[[[86.8028,20.4208],[86.8122,20.4156],[86.8149,20.4067],[86.8039,20.3714],[86.8061,20.3879],[86.8017,20.3861],[86.8003,20.3899],[86.8005,20.4109],[86.8069,20.4133],[86.8028,20.4208]]],[[[86.7897,20.3876],[86.7914,20.4292],[86.7954,20.3938],[86.7897,20.3876]]],[[[86.8027,20.4595],[86.8025,20.4626],[86.8027,20.4595]]],[[[86.8053,20.4919],[86.8094,20.4767],[86.8036,20.4636],[86.8008,20.4739],[86.8058,20.4808],[86.8053,20.4919]]],[[[86.8742,20.6736],[86.8783,20.6795],[86.8742,20.6736]]],[[[86.7981,20.6919],[86.7892,20.6751],[86.7986,20.7006],[86.7981,20.6919]]],[[[87.003,20.7108],[87.009,20.7202],[87.003,20.7108]]],[[[87.0085,20.7081],[87.0024,20.709],[87.0158,20.7222],[87.0172,20.7143],[87.0085,20.7081]]],[[[87.0575,20.7444],[87.049,20.7438],[87.0575,20.7444]]],[[[87.0706,20.7362],[87.0718,20.7488],[87.0706,20.7362]]],[[[87.0908,20.7575],[87.0921,20.7522],[87.0725,20.7541],[87.0833,20.7577],[87.0845,20.7644],[87.0908,20.7575]]],[[[86.8707,20.7718],[86.8958,20.7669],[86.9931,20.7706],[87.0069,20.7431],[87.0014,20.7158],[86.995,20.7095],[86.9732,20.715],[86.9287,20.7147],[86.8934,20.6955],[86.8592,20.6647],[86.8578,20.6692],[86.8653,20.6789],[86.8569,20.6842],[86.8853,20.7072],[86.8772,20.7164],[86.8783,20.7331],[86.8758,20.7172],[86.8839,20.7072],[86.8564,20.6861],[86.8636,20.6783],[86.8564,20.6703],[86.8597,20.6628],[86.8535,20.6567],[86.842,20.6522],[86.8311,20.672],[86.8027,20.6765],[86.7954,20.6656],[86.8061,20.6673],[86.8134,20.6624],[86.8219,20.6471],[86.8191,20.6392],[86.8058,20.6453],[86.7738,20.6464],[86.8015,20.6834],[86.8053,20.7047],[86.8186,20.7194],[86.83,20.76],[86.8542,20.7758],[86.8707,20.7718]]],[[[86.8753,20.7758],[86.8775,20.7728],[86.8753,20.7758]]],[[[86.865,20.7811],[86.8717,20.7761],[86.865,20.7811]]],[[[86.9842,20.7822],[86.9875,20.7794],[86.9814,20.7783],[86.9842,20.7822]]],[[[86.9481,20.7846],[86.9436,20.7853],[86.9481,20.7846]]],[[[86.8819,20.7886],[86.9419,20.7797],[86.9515,20.7747],[86.8872,20.7722],[86.8653,20.7825],[86.8819,20.7886]]],[[[87.0165,20.8028],[87.0144,20.7972],[87.0057,20.8096],[87.0025,20.8322],[87.0186,20.8229],[87.0165,20.8028]]],[[[87.1239,21.5197],[87.1236,21.5144],[87.1189,21.5172],[87.1239,21.5197]]],[[[86.0783,22.5304],[86.1014,22.4902],[86.1119,22.4829],[86.1199,22.4856],[86.1462,22.4791],[86.1451,22.4751],[86.1555,22.4791],[86.1737,22.4764],[86.1967,22.4677],[86.2024,22.4703],[86.2091,22.4628],[86.2182,22.4682],[86.2115,22.4597],[86.2204,22.4491],[86.2652,22.4395],[86.2798,22.4455],[86.288,22.4254],[86.3007,22.4153],[86.3022,22.4052],[86.3177,22.3906],[86.3199,22.3804],[86.3474,22.359],[86.3527,22.3454],[86.3755,22.3371],[86.4013,22.3194],[86.4217,22.3139],[86.4244,22.3063],[86.4334,22.3015],[86.4393,22.3058],[86.4384,22.3234],[86.4582,22.3221],[86.4684,22.3323],[86.4785,22.3345],[86.4837,22.3444],[86.4999,22.341],[86.508,22.324],[86.5237,22.3186],[86.5251,22.3124],[86.5208,22.3115],[86.5324,22.2982],[86.5399,22.3037],[86.5521,22.2953],[86.5677,22.297],[86.5707,22.293],[86.5785,22.2978],[86.5909,22.2748],[86.6085,22.2788],[86.6456,22.2614],[86.6511,22.2332],[86.6651,22.2386],[86.6822,22.2195],[86.721,22.2168],[86.7128,22.1783],[86.7169,22.1638],[86.7154,22.1435],[86.7522,22.144],[86.7903,22.1539],[86.8005,22.1459],[86.7971,22.1261],[86.808,22.1238],[86.8062,22.1142],[86.8233,22.1129],[86.832,22.0951],[86.8417,22.0918],[86.8479,22.0984],[86.9088,22.0864],[86.9572,22.0834],[86.9671,22.0778],[86.9719,22.0663],[86.9905,22.0494],[87.0176,22.0413],[87.026,22.0287],[87.0223,22.0121],[87.0343,21.9892],[87.0055,21.9407],[86.9979,21.9075],[87.0048,21.8955],[87.02,21.8858],[87.0302,21.8653],[87.0946,21.8603],[87.0961,21.8863],[87.0885,21.8951],[87.0935,21.9079],[87.1142,21.9222],[87.1368,21.918],[87.1564,21.9289],[87.1606,21.9624],[87.1674,21.9734],[87.1951,21.9536],[87.2096,21.9574],[87.2348,21.9544],[87.2322,21.9404],[87.2354,21.9337],[87.2524,21.9178],[87.2394,21.9068],[87.2348,21.8956],[87.249,21.8665],[87.2448,21.8564],[87.2476,21.8482],[87.2553,21.8439],[87.2676,21.8215],[87.2624,21.8139],[87.2738,21.8117],[87.2716,21.8034],[87.2806,21.7992],[87.2928,21.8055],[87.2966,21.7953],[87.3061,21.7939],[87.3092,21.7889],[87.318,21.7906],[87.3173,21.7857],[87.3327,21.7872],[87.3367,21.7792],[87.3445,21.786],[87.3521,21.7857],[87.3574,21.7772],[87.3678,21.7746],[87.3701,21.7601],[87.3833,21.7709],[87.391,21.7704],[87.3952,21.7624],[87.4393,21.7644],[87.4437,21.7609],[87.4433,21.7421],[87.4511,21.7354],[87.4429,21.7291],[87.4661,21.7252],[87.4608,21.7205],[87.4708,21.7072],[87.4697,21.6916],[87.4586,21.6449],[87.4678,21.6457],[87.4821,21.6259],[87.4811,21.6078],[87.4614,21.605],[87.4144,21.5658],[87.4133,21.5697],[87.4119,21.5617],[87.4044,21.5564],[87.3864,21.5666],[87.382,21.5533],[87.3914,21.55],[87.38,21.5456],[87.3642,21.5533],[87.3039,21.5557],[87.2009,21.5485],[87.1992,21.5434],[87.1653,21.5319],[87.1297,21.5129],[87.1317,21.5176],[87.1253,21.5147],[87.1236,21.5214],[87.1069,21.5177],[87.1147,21.5133],[87.1139,21.5083],[87.09,21.4844],[87.0736,21.4711],[87.0603,21.4769],[87.0442,21.4753],[87.0457,21.469],[87.0484,21.4755],[87.0614,21.4733],[87.0642,21.4639],[87.0605,21.4597],[87.0539,21.4628],[86.9811,21.4108],[86.9247,21.3472],[86.9108,21.3403],[86.9089,21.3294],[86.8922,21.3164],[86.8836,21.2944],[86.8544,21.2528],[86.8444,21.2331],[86.8489,21.2267],[86.8428,21.2292],[86.8383,21.2108],[86.8453,21.2192],[86.8394,21.2072],[86.8297,21.2042],[86.8294,21.1931],[86.8272,21.1986],[86.8225,21.1939],[86.8186,21.1781],[86.8283,21.1769],[86.8233,21.1383],[86.8367,21.0997],[86.8583,21.055],[86.8986,20.9978],[86.91,20.9558],[86.9592,20.8642],[86.9703,20.8233],[86.9636,20.7925],[86.9575,20.7847],[86.8814,20.7975],[86.8278,20.7717],[86.8128,20.7483],[86.8186,20.7442],[86.8156,20.7228],[86.7944,20.6972],[86.7875,20.6728],[86.7683,20.6481],[86.7651,20.6265],[86.7557,20.6133],[86.7686,20.6222],[86.7736,20.6453],[86.8056,20.6436],[86.8159,20.6364],[86.8206,20.6396],[86.823,20.6465],[86.8141,20.6637],[86.8047,20.6692],[86.7967,20.6652],[86.8022,20.6752],[86.8271,20.6731],[86.8451,20.6508],[86.8669,20.6645],[86.9025,20.6978],[86.9339,20.7107],[86.9695,20.7089],[87.0055,20.7001],[86.9872,20.6982],[87,20.6953],[87.0452,20.7095],[86.8872,20.6061],[86.885,20.6164],[86.885,20.6044],[86.8561,20.5864],[86.8538,20.5891],[86.8528,20.5833],[86.7922,20.5441],[86.7794,20.5275],[86.7728,20.5061],[86.7595,20.5056],[86.7533,20.4975],[86.7436,20.4686],[86.7339,20.4792],[86.7386,20.4725],[86.7294,20.4049],[86.7492,20.4056],[86.752,20.4],[86.74,20.3942],[86.7567,20.3992],[86.7567,20.3886],[86.7661,20.3983],[86.7797,20.3917],[86.7817,20.3822],[86.7642,20.3664],[86.7732,20.3754],[86.7861,20.3769],[86.7786,20.3547],[86.7808,20.3636],[86.7889,20.3697],[86.7897,20.3592],[86.7778,20.3428],[86.7736,20.3469],[86.7747,20.3381],[86.7692,20.3311],[86.735,20.3078],[86.7117,20.3006],[86.7086,20.2925],[86.7172,20.2928],[86.7181,20.2878],[86.6811,20.27],[86.68,20.2633],[86.6736,20.2694],[86.6764,20.2786],[86.6725,20.2733],[86.6693,20.2752],[86.6711,20.2822],[86.6664,20.2733],[86.6797,20.2581],[86.6363,20.2455],[86.5828,20.2183],[86.5569,20.2078],[86.5536,20.21],[86.5447,20.1972],[86.541,20.2019],[86.5361,20.2],[86.5097,20.1772],[86.4936,20.1817],[86.5003,20.1892],[86.4975,20.1903],[86.4919,20.1833],[86.4953,20.1783],[86.4925,20.1733],[86.4775,20.1656],[86.4744,20.1692],[86.4736,20.1531],[86.4683,20.1472],[86.4638,20.1486],[86.46,20.1622],[86.466,20.146],[86.4731,20.1492],[86.4744,20.1617],[86.485,20.17],[86.4911,20.1578],[86.4844,20.1444],[86.4746,20.1414],[86.4762,20.1379],[86.4764,20.1414],[86.4842,20.1417],[86.4783,20.135],[86.48,20.1258],[86.4622,20.1147],[86.4714,20.0975],[86.4639,20.1147],[86.4814,20.1256],[86.4808,20.1333],[86.4875,20.1406],[86.4892,20.1214],[86.4925,20.1394],[86.4889,20.1431],[86.495,20.1464],[86.4947,20.1533],[86.5039,20.1644],[86.5397,20.1938],[86.5589,20.2006],[86.5225,20.1714],[86.4939,20.1236],[86.485,20.1139],[86.4842,20.1189],[86.4811,20.1153],[86.4839,20.1103],[86.4797,20.1072],[86.4819,20.1111],[86.4772,20.1103],[86.4758,20.1006],[86.4368,20.061],[86.4283,20.0536],[86.4217,20.0578],[86.4118,20.0555],[86.4239,20.0561],[86.4272,20.0497],[86.4186,20.0483],[86.415,20.0303],[86.4117,20.0364],[86.4072,20.0197],[86.4128,20.0122],[86.4111,20],[86.3875,19.9764],[86.3778,19.9789],[86.3808,19.99],[86.3872,19.9922],[86.3822,19.9956],[86.3738,19.98],[86.3522,19.9814],[86.3497,19.9872],[86.3492,19.9814],[86.3422,19.9864],[86.3274,20.0307],[86.3018,20.0464],[86.2905,20.061],[86.2875,20.0575],[86.2922,20.0539],[86.2872,20.0497],[86.2692,20.0628],[86.2479,20.0532],[86.2456,20.0408],[86.2392,20.0372],[86.2436,20.0336],[86.2367,20.027],[86.265,20.0169],[86.2949,20.0244],[86.3219,19.9844],[86.3172,19.9806],[86.3027,19.9835],[86.3171,19.9797],[86.3239,19.9836],[86.341,19.9724],[86.3281,19.9556],[86.3169,19.9497],[86.3283,19.9544],[86.3424,19.9695],[86.3517,19.9634],[86.3459,19.9653],[86.3483,19.9631],[86.3655,19.9578],[86.3627,19.9528],[86.2961,19.9355],[86.2474,19.9112],[86.2403,19.9156],[86.2416,19.9221],[86.24,19.9128],[86.2278,19.9036],[86.2211,19.9108],[86.2266,19.9186],[86.2225,19.9256],[86.225,19.9175],[86.208,19.9047],[86.2119,19.9036],[86.2172,19.9117],[86.228,19.9009],[86.0951,19.8599],[86.0475,19.8517],[86.035,19.8553],[86.0235,19.8445],[86.0341,19.8539],[86.0456,19.8471],[85.9103,19.8206],[85.905,19.8322],[85.9081,19.8179],[85.7914,19.7836],[85.7798,19.785],[85.7764,19.7775],[85.6636,19.7392],[85.6603,19.7319],[85.6308,19.7222],[85.49,19.6528],[85.4192,19.6231],[85.2864,19.5481],[85.1218,19.4292],[85.1047,19.4138],[85.0839,19.3828],[85.0662,19.3717],[85.0647,19.3644],[84.9976,19.3276],[84.9676,19.3054],[84.969,19.2985],[84.9646,19.3015],[84.9557,19.2957],[84.9196,19.2651],[84.9112,19.2621],[84.9057,19.2696],[84.9057,19.2635],[84.9124,19.2593],[84.8415,19.1932],[84.8087,19.1549],[84.796,19.1285],[84.7779,19.1101],[84.7682,19.1093],[84.7571,19.1154],[84.7535,19.1112],[84.7457,19.1176],[84.7365,19.1101],[84.7324,19.0979],[84.7254,19.0965],[84.7326,19.1126],[84.7382,19.1126],[84.7335,19.1221],[84.736,19.1249],[84.7457,19.1207],[84.7446,19.1329],[84.7504,19.136],[84.7471,19.1435],[84.7354,19.1438],[84.7226,19.1399],[84.7193,19.1301],[84.7029,19.1199],[84.7065,19.1085],[84.719,19.0958],[84.6975,19.1088],[84.6938,19.1195],[84.7065,19.1436],[84.7052,19.149],[84.6814,19.1498],[84.6733,19.1569],[84.665,19.1567],[84.6659,19.1353],[84.6612,19.1219],[84.6473,19.1204],[84.6417,19.1248],[84.6094,19.1175],[84.5918,19.1238],[84.6029,19.0966],[84.6168,19.09],[84.6198,19.0765],[84.6314,19.0726],[84.6347,19.0787],[84.6487,19.0842],[84.6646,19.0663],[84.6545,19.0523],[84.6368,19.0572],[84.6301,19.0496],[84.6233,19.0557],[84.6127,19.0548],[84.6142,19.0467],[84.6076,19.0454],[84.597,19.0197],[84.5901,19.0134],[84.5781,19.0189],[84.5753,19.0272],[84.5781,19.0621],[84.5685,19.0606],[84.5661,19.065],[84.5536,19.0474],[84.5099,19.0375],[84.4894,19.021],[84.4778,19.0079],[84.4717,18.9812],[84.4298,19.0012],[84.4151,19.0139],[84.4264,18.984],[84.4406,18.9669],[84.4203,18.9494],[84.4156,18.938],[84.4294,18.9137],[84.418,18.9007],[84.4096,18.9081],[84.4062,18.9061],[84.4121,18.8939],[84.3978,18.8861],[84.3653,18.8963],[84.3677,18.8893],[84.3861,18.883],[84.3876,18.8777],[84.3832,18.8693],[84.3514,18.8832],[84.3538,18.8751],[84.3716,18.8672],[84.3624,18.8511],[84.3515,18.8509],[84.3444,18.8628],[84.336,18.8667],[84.3341,18.8516],[84.3381,18.8362],[84.3444,18.8327],[84.3408,18.8183],[84.3441,18.8119],[84.3293,18.809],[84.3322,18.792],[84.3157,18.7862],[84.3125,18.7792],[84.2839,18.7908],[84.2522,18.7725],[84.2312,18.7801],[84.227,18.7872],[84.2167,18.7873],[84.1903,18.7767],[84.1815,18.7775],[84.1798,18.769],[84.1582,18.7692],[84.1593,18.775],[84.1514,18.7758],[84.1314,18.7648],[84.1295,18.7529],[84.1229,18.7483],[84.1076,18.7548],[84.0916,18.7452],[84.0818,18.7446],[84.0658,18.7517],[84.0586,18.7681],[84.0492,18.7707],[84.0479,18.7835],[84.0343,18.7901],[84.0271,18.8022],[84.0197,18.7976],[84.0074,18.8042],[83.9915,18.8047],[83.9823,18.8],[83.964,18.8041],[83.9398,18.7966],[83.9336,18.8069],[83.902,18.8169],[83.8869,18.8054],[83.8832,18.8197],[83.8702,18.8184],[83.8643,18.839],[83.8437,18.8514],[83.8371,18.8647],[83.8423,18.8882],[83.8403,18.9041],[83.8349,18.9093],[83.8231,18.9055],[83.8169,18.9094],[83.8212,18.922],[83.8134,18.9336],[83.8148,18.9532],[83.8025,18.9818],[83.7912,18.9924],[83.7883,19.0078],[83.7757,19.009],[83.7675,18.9984],[83.7513,18.9933],[83.7396,18.9784],[83.7504,18.9444],[83.7615,18.9446],[83.7801,18.9077],[83.7675,18.9024],[83.7561,18.9167],[83.7458,18.9182],[83.7263,18.9756],[83.7057,18.9852],[83.705,18.9995],[83.7198,19.0043],[83.7233,19.0119],[83.697,19.0165],[83.6844,19.0439],[83.6569,19.0749],[83.6575,19.0878],[83.6447,19.1133],[83.6498,19.1148],[83.6494,19.1219],[83.6298,19.127],[83.6302,19.1448],[83.6233,19.1536],[83.6227,19.1447],[83.6141,19.1338],[83.5943,19.1203],[83.6044,19.0882],[83.5845,19.0797],[83.5788,19.0498],[83.5577,19.0514],[83.5607,19.0662],[83.555,19.0781],[83.5464,19.0738],[83.5449,19.0621],[83.5523,19.0472],[83.5348,19.0286],[83.5314,19.0054],[83.5153,19.0049],[83.4954,19.0111],[83.4936,19.0268],[83.5082,19.022],[83.5137,19.0248],[83.5054,19.0648],[83.4936,19.0531],[83.4732,19.0778],[83.4703,19.0703],[83.4594,19.0697],[83.4567,19.0561],[83.4633,19.0526],[83.4654,19.0362],[83.478,19.0212],[83.4746,19.0003],[83.4485,18.9996],[83.4502,18.9824],[83.4603,18.9808],[83.4623,18.9592],[83.4555,18.9456],[83.4427,18.9477],[83.4329,18.9614],[83.4088,18.9799],[83.4089,18.9962],[83.4046,18.9932],[83.3888,19],[83.3623,18.9947],[83.355,19.0094],[83.3463,19.0099],[83.335,19.0067],[83.3292,18.9882],[83.3053,18.9897],[83.3133,18.9666],[83.3256,18.959],[83.327,18.9479],[83.3325,18.9434],[83.3311,18.9376],[83.3185,18.9336],[83.329,18.9169],[83.3414,18.9184],[83.3395,18.9319],[83.3458,18.9571],[83.3611,18.9534],[83.3639,18.9379],[83.3802,18.9233],[83.3738,18.9168],[83.3552,18.933],[83.349,18.9338],[83.3466,18.9269],[83.3605,18.9012],[83.3839,18.8997],[83.3725,18.8898],[83.3854,18.8733],[83.4113,18.8593],[83.4088,18.8545],[83.3979,18.8526],[83.3963,18.8307],[83.3728,18.8212],[83.3589,18.832],[83.3501,18.8216],[83.36,18.8074],[83.3563,18.8001],[83.3393,18.8031],[83.3333,18.7927],[83.323,18.7983],[83.3042,18.7989],[83.2795,18.7896],[83.2699,18.7753],[83.2717,18.7632],[83.2661,18.757],[83.2396,18.7588],[83.2194,18.7658],[83.2173,18.759],[83.2224,18.7451],[83.2125,18.7345],[83.2051,18.7159],[83.2017,18.7422],[83.1854,18.7441],[83.1685,18.7591],[83.1508,18.7587],[83.133,18.7724],[83.1122,18.7583],[83.1165,18.748],[83.0707,18.6972],[83.0708,18.6893],[83.0515,18.6632],[83.051,18.6542],[83.0115,18.639],[83.0093,18.6315],[83.0174,18.6234],[83.0213,18.6105],[83.008,18.5884],[83.0277,18.5823],[83.0378,18.5887],[83.0411,18.5967],[83.0521,18.5931],[83.0539,18.5865],[83.0269,18.568],[83.0255,18.5643],[83.0337,18.5583],[83.0325,18.5479],[83.0512,18.5349],[83.0715,18.5425],[83.0893,18.5379],[83.0518,18.4775],[83.0154,18.4444],[83.0248,18.4367],[83.0373,18.4348],[83.0382,18.4267],[83.0333,18.4233],[83.0374,18.4189],[83.0598,18.4286],[83.0621,18.4209],[83.0558,18.4044],[83.0665,18.3923],[83.0534,18.3753],[83.037,18.3698],[83.0172,18.3845],[83.0116,18.3782],[82.992,18.375],[82.9764,18.3549],[82.9598,18.3572],[82.9455,18.3505],[82.9327,18.3514],[82.9276,18.361],[82.9027,18.3559],[82.8849,18.3786],[82.891,18.3922],[82.8846,18.4128],[82.8794,18.4146],[82.87,18.4062],[82.8486,18.415],[82.8449,18.4098],[82.837,18.4143],[82.8358,18.4242],[82.8187,18.4334],[82.8184,18.4385],[82.7992,18.4394],[82.7762,18.4197],[82.7812,18.3995],[82.7933,18.395],[82.7875,18.3902],[82.7876,18.3782],[82.7779,18.3709],[82.7842,18.3542],[82.7671,18.3311],[82.751,18.3283],[82.7464,18.3199],[82.7328,18.3179],[82.7343,18.3133],[82.7109,18.3128],[82.7026,18.3085],[82.6981,18.2963],[82.6588,18.2866],[82.6449,18.2571],[82.6453,18.2405],[82.6269,18.2287],[82.6134,18.2394],[82.6095,18.2493],[82.5892,18.2567],[82.5873,18.2658],[82.5807,18.2701],[82.5885,18.275],[82.5856,18.281],[82.591,18.292],[82.5878,18.302],[82.5798,18.301],[82.5764,18.3068],[82.5897,18.3195],[82.6021,18.3173],[82.5965,18.3409],[82.6079,18.3417],[82.6113,18.3465],[82.5986,18.354],[82.6005,18.3687],[82.5892,18.3771],[82.5773,18.3773],[82.5706,18.3842],[82.556,18.3885],[82.5494,18.3835],[82.5352,18.3896],[82.5326,18.3968],[82.5406,18.4034],[82.5359,18.4083],[82.5397,18.4169],[82.5451,18.4173],[82.5538,18.4377],[82.5384,18.4432],[82.539,18.4381],[82.5302,18.4343],[82.5267,18.4473],[82.5212,18.4471],[82.5232,18.4528],[82.5161,18.4559],[82.5275,18.4682],[82.521,18.4724],[82.5275,18.4777],[82.5195,18.4825],[82.5245,18.4898],[82.5231,18.5039],[82.5074,18.5081],[82.4992,18.5018],[82.4815,18.5151],[82.4757,18.5294],[82.4853,18.5337],[82.4816,18.5385],[82.474,18.5368],[82.4371,18.4973],[82.4269,18.477],[82.3974,18.4516],[82.3776,18.422],[82.3613,18.4099],[82.3725,18.3981],[82.3752,18.3831],[82.3844,18.3691],[82.3764,18.3533],[82.3601,18.3437],[82.3454,18.3218],[82.3344,18.3171],[82.3487,18.3062],[82.3692,18.3178],[82.3844,18.3187],[82.393,18.3064],[82.3854,18.2891],[82.3719,18.2741],[82.3437,18.2717],[82.3369,18.2662],[82.331,18.2334],[82.3213,18.2225],[82.3328,18.2158],[82.3197,18.201],[82.3061,18.1957],[82.3103,18.1746],[82.333,18.1634],[82.3487,18.1618],[82.3652,18.1397],[82.3643,18.1349],[82.3576,18.1251],[82.3334,18.1424],[82.3322,18.0941],[82.3406,18.0871],[82.3436,18.075],[82.3363,18.0473],[82.3298,18.0404],[82.3218,18.0502],[82.313,18.0452],[82.317,18.036],[82.3055,18.0378],[82.3063,18.045],[82.2965,18.0461],[82.2928,18.0543],[82.2979,18.062],[82.267,18.0483],[82.2646,18.039],[82.2582,18.0349],[82.2708,18.0107],[82.2673,17.9864],[82.2417,17.9798],[82.237,17.992],[82.2182,17.9942],[82.1969,18.0087],[82.1774,18.0106],[82.1769,18.0209],[82.1637,18.0416],[82.1423,18.0436],[82.1324,18.0356],[82.1292,18.0487],[82.1133,18.0578],[82.0924,18.0528],[82.0722,18.0656],[82.0699,18.0604],[82.059,18.0585],[82.0656,18.0489],[82.0509,18.0445],[82.0247,18.0579],[82.0016,18.0448],[82.0047,18.0343],[82.0017,18.0237],[81.9889,18.0203],[81.9518,17.9921],[81.9137,17.9799],[81.8993,17.9686],[81.8468,17.9508],[81.8333,17.951],[81.801,17.9361],[81.7824,17.9097],[81.7032,17.8611],[81.6979,17.8755],[81.6883,17.8848],[81.6778,17.8776],[81.6631,17.8769],[81.6491,17.8625],[81.6428,17.8393],[81.6112,17.8154],[81.5997,17.8154],[81.5687,17.8279],[81.5539,17.8164],[81.4858,17.8026],[81.4746,17.81],[81.4701,17.8232],[81.4594,17.8247],[81.4376,17.8153],[81.4194,17.8206],[81.4093,17.8048],[81.385,17.8066],[81.3844,17.8258],[81.3981,17.8468],[81.3895,17.8621],[81.3938,17.8851],[81.4038,17.8886],[81.4302,17.8747],[81.4373,17.8759],[81.4483,17.903],[81.4452,17.9262],[81.4548,17.9466],[81.467,17.9549],[81.4773,17.97],[81.4731,17.9833],[81.4789,18.0037],[81.4739,18.0285],[81.4815,18.0499],[81.4947,18.058],[81.4968,18.0727],[81.5087,18.0924],[81.5119,18.1292],[81.5226,18.1573],[81.5149,18.1722],[81.5052,18.1778],[81.5048,18.1838],[81.5258,18.2365],[81.5237,18.2487],[81.528,18.2591],[81.5481,18.2621],[81.5676,18.2732],[81.5905,18.2933],[81.5934,18.3013],[81.6159,18.3008],[81.6321,18.308],[81.6587,18.3111],[81.6604,18.3158],[81.6492,18.331],[81.6581,18.3393],[81.7449,18.3454],[81.7621,18.4113],[81.8443,18.4815],[81.8496,18.4891],[81.849,18.5006],[81.8579,18.5131],[81.8708,18.5176],[81.8826,18.5292],[81.8968,18.5284],[81.9008,18.5572],[81.9086,18.5642],[81.9202,18.5573],[81.9435,18.5554],[81.9469,18.5592],[81.9458,18.5749],[81.9545,18.5867],[81.9297,18.5964],[81.913,18.6129],[81.8884,18.621],[81.89,18.6435],[81.8854,18.6503],[81.8932,18.6539],[81.9155,18.6358],[81.9474,18.6288],[81.9474,18.6557],[81.9606,18.6677],[81.9551,18.6802],[81.9677,18.6906],[82.0337,18.7188],[82.0494,18.7176],[82.0518,18.7118],[82.0613,18.718],[82.0786,18.7121],[82.0867,18.7469],[82.0814,18.7559],[82.1139,18.7607],[82.1291,18.7577],[82.1307,18.7701],[82.1455,18.7733],[82.1611,18.791],[82.1543,18.7963],[82.1618,18.805],[82.1583,18.8115],[82.1649,18.8302],[82.158,18.852],[82.1628,18.8655],[82.1582,18.8695],[82.1704,18.8776],[82.1727,18.8953],[82.1854,18.897],[82.2138,18.9121],[82.2312,18.9052],[82.2396,18.9105],[82.2251,19.0146],[82.1941,19.0602],[82.2086,19.0785],[82.2121,19.0905],[82.1985,19.0942],[82.1998,19.1175],[82.191,19.1163],[82.1762,19.1251],[82.1698,19.1129],[82.1598,19.1265],[82.1681,19.1338],[82.1659,19.1431],[82.1748,19.1452],[82.1641,19.1546],[82.1747,19.1528],[82.1788,19.1589],[82.1711,19.1683],[82.1752,19.1696],[82.1694,19.1767],[82.1734,19.1843],[82.1557,19.1965],[82.1612,19.2084],[82.1516,19.2236],[82.1517,19.2655],[82.1584,19.2815],[82.1685,19.2907],[82.1737,19.3163],[82.1832,19.3197],[82.1803,19.3322],[82.1423,19.3482],[82.1408,19.3619],[82.1446,19.3701],[82.1664,19.3659],[82.174,19.3769],[82.1831,19.4176],[82.1705,19.4295],[82.1193,19.4239],[82.1068,19.4431],[82.1072,19.4526],[82.0969,19.4611],[82.1018,19.4737],[82.099,19.4896],[82.091,19.4941],[82.0921,19.5098],[82.0708,19.5159],[82.0598,19.5036],[82.0224,19.5018],[82.0461,19.5386],[82.0404,19.5522],[82.0441,19.5648],[82.034,19.5907],[82.0451,19.6017],[82.0513,19.6244],[82.0468,19.6694],[82.0376,19.7039],[82.0437,19.7139],[82.044,19.7377],[82.0572,19.7534],[82.0598,19.7831],[82.0522,19.7913],[82.0483,19.7884],[82.0031,19.7985],[81.9874,19.7917],[81.9801,19.7958],[81.9574,19.836],[81.9604,19.8547],[81.8981,19.8785],[81.8496,19.9081],[81.8458,19.9149],[81.8488,19.9386],[81.8373,19.9501],[81.8665,20.036],[81.8738,20.0462],[81.8895,20.0433],[81.9219,20.0869],[81.9414,20.1023],[81.9736,20.0756],[81.9866,20.0521],[82.01,20.0448],[82.0148,20.0195],[82.0244,20.01],[82.0316,20.0167],[82.031,20.0229],[82.049,20.0352],[82.0579,20.0499],[82.0763,20.044],[82.083,20.0327],[82.0932,20.0327],[82.0977,20.0234],[82.1161,20.0104],[82.1317,20.0127],[82.1658,19.9982],[82.1785,19.9781],[82.2043,19.9803],[82.2106,19.9908],[82.2306,19.9981],[82.2617,19.9716],[82.2695,19.9453],[82.2953,19.899],[82.2982,19.8835],[82.3179,19.8592],[82.3251,19.8405],[82.3394,19.83],[82.3562,19.8466],[82.3561,19.8551],[82.3681,19.8545],[82.3888,19.8818],[82.4139,19.8965],[82.4424,19.903],[82.4584,19.8947],[82.4757,19.9005],[82.4942,19.8974],[82.4985,19.8852],[82.5124,19.8841],[82.5231,19.8728],[82.5299,19.8821],[82.5443,19.869],[82.5509,19.8746],[82.5549,19.8695],[82.5668,19.8717],[82.5776,19.8634],[82.5935,19.8645],[82.5974,19.8605],[82.5835,19.8383],[82.5742,19.832],[82.5713,19.8224],[82.5716,19.802],[82.5793,19.7972],[82.5785,19.7758],[82.5851,19.771],[82.5983,19.7752],[82.6033,19.7836],[82.623,19.7893],[82.6457,19.8254],[82.6833,19.8237],[82.7027,19.831],[82.7175,19.8708],[82.7094,19.8701],[82.7005,19.8933],[82.7116,19.9445],[82.7075,19.9902],[82.6318,20.0001],[82.6144,19.987],[82.5984,19.9856],[82.5824,19.9899],[82.5759,19.999],[82.5436,20.0121],[82.5021,20.0135],[82.4708,20.032],[82.4414,20.0354],[82.4248,20.0435],[82.3958,20.049],[82.3909,20.0596],[82.3926,20.1083],[82.3866,20.1334],[82.3789,20.1446],[82.3872,20.1489],[82.3833,20.1605],[82.4057,20.179],[82.4076,20.1941],[82.4136,20.2023],[82.4043,20.2396],[82.4141,20.2416],[82.4051,20.2635],[82.4292,20.283],[82.4224,20.3097],[82.4005,20.3247],[82.3938,20.3355],[82.3979,20.3559],[82.4104,20.3772],[82.4099,20.4027],[82.4243,20.4102],[82.423,20.4183],[82.4292,20.4258],[82.4257,20.4363],[82.4177,20.4383],[82.4194,20.4573],[82.4101,20.4733],[82.3973,20.4519],[82.3881,20.4525],[82.3896,20.4654],[82.3851,20.4705],[82.3805,20.5099],[82.3488,20.5229],[82.3422,20.5377],[82.324,20.5539],[82.3278,20.562],[82.3406,20.5697],[82.3387,20.5943],[82.3558,20.6035],[82.3582,20.6152],[82.3682,20.6241],[82.3623,20.6505],[82.3652,20.6638],[82.3513,20.6781],[82.3433,20.6989],[82.347,20.7142],[82.3394,20.7258],[82.3459,20.7287],[82.3351,20.7585],[82.3388,20.7902],[82.334,20.8406],[82.3466,20.8838],[82.3592,20.8827],[82.3559,20.8699],[82.359,20.8665],[82.368,20.8641],[82.3828,20.8699],[82.4014,20.8624],[82.4073,20.848],[82.4056,20.8372],[82.4155,20.8265],[82.4365,20.8295],[82.4411,20.8238],[82.4591,20.8238],[82.4625,20.8276],[82.4598,20.8356],[82.4776,20.8467],[82.4819,20.8553],[82.4857,20.9035],[82.5529,20.9415],[82.5665,20.967],[82.6044,21.0059],[82.6223,21.0366],[82.6094,21.0712],[82.6259,21.0768],[82.645,21.1019],[82.6371,21.1116],[82.6478,21.125],[82.6341,21.1364],[82.6359,21.1495],[82.662,21.1508],[82.6845,21.1581],[82.694,21.1528],[82.7523,21.1597],[82.7888,21.1393],[82.7956,21.1506],[82.8125,21.1586],[82.84,21.1634],[82.8637,21.1554],[82.8688,21.1598],[82.8729,21.1511],[82.8792,21.1491],[82.9023,21.163],[82.9219,21.1582],[82.9374,21.1611],[82.9561,21.1755],[82.9651,21.1558],[82.9799,21.1575],[82.9834,21.1483],[82.993,21.1543],[83.0295,21.1313],[83.0291,21.126],[83.0406,21.1189],[83.0598,21.1159],[83.0714,21.1081],[83.0952,21.1043],[83.1083,21.1077],[83.1198,21.1011],[83.134,21.1052],[83.1614,21.1315],[83.183,21.1321],[83.1927,21.1394],[83.1937,21.1577],[83.1994,21.162],[83.1995,21.174],[83.2112,21.1912],[83.2076,21.2014],[83.2152,21.2237],[83.2191,21.2237],[83.2141,21.2509],[83.2184,21.2601],[83.2249,21.267],[83.2319,21.2653],[83.2424,21.2764],[83.2573,21.2756],[83.2677,21.2686],[83.2748,21.2906],[83.2727,21.2961],[83.2588,21.3021],[83.2542,21.3196],[83.2609,21.3267],[83.255,21.3319],[83.2708,21.3592],[83.27,21.375],[83.2814,21.3751],[83.3748,21.34],[83.3766,21.3433],[83.388,21.3389],[83.4027,21.3484],[83.4044,21.3551],[83.3932,21.3652],[83.3966,21.3723],[83.3938,21.3994],[83.3814,21.4096],[83.3701,21.4361],[83.3503,21.444],[83.3421,21.4853],[83.3346,21.4956],[83.3459,21.5082],[83.3543,21.5353],[83.3658,21.5497],[83.3623,21.5725],[83.3682,21.5971],[83.3807,21.6128],[83.4086,21.6342],[83.4412,21.6493],[83.4476,21.6446],[83.4414,21.6325],[83.4413,21.6181],[83.4499,21.617],[83.4487,21.6082],[83.4528,21.6052],[83.463,21.6055],[83.4699,21.6268],[83.4845,21.6256],[83.4831,21.6396],[83.4408,21.6552],[83.4197,21.675],[83.4211,21.6865],[83.428,21.6923],[83.4563,21.6943],[83.4841,21.7416],[83.4739,21.7496],[83.4779,21.7646],[83.4672,21.7827],[83.484,21.7943],[83.4909,21.8145],[83.5061,21.8004],[83.5366,21.7939],[83.5364,21.8184],[83.5277,21.823],[83.5312,21.8319],[83.5485,21.8352],[83.5735,21.8297],[83.5845,21.8436],[83.5841,21.8528],[83.5715,21.8719],[83.5781,21.8798],[83.5767,21.8862],[83.5833,21.891],[83.5815,21.8974],[83.5926,21.9008],[83.6005,21.9108],[83.5878,21.9261],[83.5534,21.9322],[83.5577,21.9439],[83.5352,21.9635],[83.5354,21.9797],[83.5486,22.0067],[83.534,22.0223],[83.5324,22.034],[83.543,22.0594],[83.5835,22.055],[83.6003,22.0655],[83.5573,22.1],[83.6023,22.1518],[83.6263,22.2059],[83.6458,22.2246],[83.6574,22.2248],[83.6727,22.2374],[83.693,22.2455],[83.7528,22.2429],[83.7569,22.2504],[83.7713,22.2573],[83.7786,22.2745],[83.7936,22.2877],[83.8194,22.2925],[83.8252,22.3196],[83.843,22.3263],[83.861,22.3438],[83.8719,22.3389],[83.897,22.3397],[83.9155,22.3597],[83.967,22.3578],[83.993,22.3692],[84.0042,22.3677],[84.0017,22.3804],[84.0222,22.4102],[84.024,22.4222],[84.04,22.4329],[84.0416,22.4641],[84.0387,22.4689],[84.0217,22.4721],[84.013,22.4852],[83.9761,22.5022],[83.9766,22.5184],[83.9943,22.5288],[84.0025,22.5209],[84.0192,22.5211],[84.0331,22.5121],[84.0576,22.5102],[84.0716,22.4942],[84.1029,22.4813],[84.1061,22.4738],[84.1349,22.4709],[84.1359,22.4207],[84.1525,22.4009],[84.1834,22.3837],[84.1941,22.3718],[84.2466,22.3737],[84.2662,22.3478],[84.2892,22.3373],[84.324,22.3389],[84.3674,22.3496],[84.3945,22.3439],[84.4191,22.3508],[84.4261,22.3488],[84.4314,22.36],[84.4269,22.3647],[84.4479,22.3791],[84.4557,22.3752],[84.4776,22.3837],[84.4767,22.406],[84.5058,22.4162],[84.521,22.4149],[84.5266,22.42],[84.5433,22.4172],[84.594,22.4288],[84.5953,22.4249],[84.6321,22.4287],[84.6616,22.4139],[84.7439,22.4148],[84.7527,22.442],[84.8078,22.4469],[84.8127,22.4316],[84.8316,22.4299],[84.8325,22.4264],[84.8414,22.4349],[84.8553,22.432],[84.8765,22.4433],[84.882,22.4262],[84.8802,22.4176],[84.8938,22.418],[84.9164,22.4234],[84.9199,22.426],[84.9174,22.4344],[84.9473,22.4511],[84.9524,22.4528],[84.9546,22.4389],[84.9941,22.4583],[85.0316,22.4698],[85.0333,22.4769],[85.0625,22.4784],[85.0732,22.4729],[85.0736,22.4667],[85.0711,22.4559],[85.057,22.4447],[85.0629,22.4361],[85.0637,22.4232],[85.0773,22.4083],[85.0831,22.3784],[85.0741,22.3486],[85.0822,22.3413],[85.093,22.3411],[85.088,22.3141],[85.114,22.3142],[85.1145,22.2905],[85.1053,22.2911],[85.0705,22.2722],[85.0743,22.2509],[85.0681,22.2434],[85.0695,22.2307],[85.0469,22.1858],[85.0478,22.1743],[85.0254,22.154],[85.0312,22.1374],[85.0237,22.112],[84.9805,22.0913],[84.9798,22.0847],[84.9874,22.0767],[85.0072,22.0831],[85.02,22.1034],[85.0271,22.1011],[85.0439,22.1107],[85.0954,22.0995],[85.0997,22.0845],[85.109,22.08],[85.1189,22.0665],[85.1408,22.0736],[85.1555,22.0705],[85.1637,22.053],[85.1708,22.0482],[85.1644,22.0652],[85.1725,22.0682],[85.1835,22.0549],[85.2107,22.0432],[85.2146,22.0373],[85.2149,22.0107],[85.2309,22.0003],[85.2411,22.0125],[85.2742,22.0801],[85.3001,22.1071],[85.323,22.125],[85.3454,22.127],[85.3536,22.1206],[85.3614,22.1214],[85.3581,22.138],[85.3632,22.1546],[85.3793,22.1517],[85.3944,22.1586],[85.4103,22.1561],[85.457,22.1358],[85.4858,22.1165],[85.5148,22.1082],[85.5335,22.0968],[85.5395,22.0866],[85.5543,22.0908],[85.5911,22.0744],[85.6073,22.0818],[85.6111,22.0768],[85.6262,22.0796],[85.6446,22.0903],[85.6724,22.0597],[85.672,22.0515],[85.6815,22.0488],[85.6879,22.0561],[85.7224,22.0581],[85.7461,22.0699],[85.7578,22.085],[85.779,22.0934],[85.802,22.1108],[85.8147,22.1021],[85.8087,22.0918],[85.8249,22.0871],[85.8308,22.077],[85.8144,22.0701],[85.7879,22.0772],[85.7703,22.0513],[85.7789,22.0363],[85.7756,22.0283],[85.7561,22.0084],[85.7608,21.9897],[85.7843,21.9786],[85.8154,21.9801],[85.8183,21.97],[85.8404,21.9765],[85.8818,21.9748],[85.8912,21.9785],[85.9054,21.9666],[85.9122,22.0048],[85.9288,22.0194],[85.9426,22.0191],[85.979,22.0834],[86.0005,22.109],[86.0026,22.113],[85.9946,22.1318],[85.9992,22.1449],[86.0114,22.1577],[86.0148,22.1726],[86.0267,22.1852],[86.0174,22.1988],[85.9928,22.2155],[85.9698,22.2434],[85.9818,22.2521],[85.9852,22.2672],[85.9975,22.2753],[86.0085,22.2927],[86.0433,22.3062],[86.0178,22.3046],[86.0084,22.31],[86.0059,22.3159],[86.0204,22.3294],[86.0048,22.3356],[85.9984,22.3311],[85.9929,22.3382],[86.0169,22.3622],[86.016,22.373],[86.0212,22.375],[86.0215,22.3818],[86.0123,22.399],[86.0087,22.4243],[85.993,22.4221],[85.9535,22.456],[85.9581,22.4762],[85.9668,22.4822],[85.9692,22.4998],[85.9807,22.5097],[85.9959,22.509],[86.0155,22.5245],[86.022,22.5206],[86.0283,22.5343],[86.0183,22.5436],[86.0385,22.5636],[86.0581,22.5534],[86.0783,22.5304]]]]}},{"type":"Feature","id":"Puducherry","properties":{"name":"Puducherry","type":"Union Territor","code":""},"geometry":{"type":"MultiPolygon","coordinates":[[[[79.8449,10.8265],[79.8401,10.8238],[79.8449,10.8265]]],[[[79.7482,10.9815],[79.7723,10.9796],[79.7739,10.971],[79.7834,10.9673],[79.7919,10.9809],[79.8015,10.9862],[79.8098,10.9821],[79.8139,10.9871],[79.8248,10.9866],[79.8244,10.9795],[79.8546,10.976],[79.8543,10.9179],[79.8476,10.9129],[79.8529,10.9121],[79.8529,10.8899],[79.8482,10.8843],[79.8529,10.8785],[79.8521,10.8276],[79.8238,10.8179],[79.8515,10.826],[79.8512,10.8138],[79.8133,10.8141],[79.812,10.8328],[79.8059,10.828],[79.7911,10.8457],[79.7923,10.8488],[79.7994,10.8447],[79.8082,10.8489],[79.8075,10.8527],[79.7896,10.8618],[79.8114,10.8644],[79.809,10.8674],[79.7803,10.8713],[79.7756,10.8758],[79.767,10.8728],[79.7764,10.8817],[79.7732,10.8896],[79.7612,10.8914],[79.7605,10.8832],[79.7519,10.8809],[79.7542,10.8867],[79.7479,10.8952],[79.743,10.8819],[79.743,10.8994],[79.7269,10.8975],[79.7259,10.9069],[79.7196,10.9058],[79.7208,10.9107],[79.7042,10.9189],[79.7212,10.9353],[79.7192,10.9405],[79.7148,10.9341],[79.7044,10.9352],[79.7037,10.9519],[79.7267,10.9524],[79.7327,10.9412],[79.7455,10.9433],[79.7446,10.9545],[79.7381,10.9586],[79.7438,10.967],[79.7302,10.971],[79.7302,10.9851],[79.7372,10.9891],[79.7482,10.9815]]],[[[79.6905,12.0011],[79.7099,11.9762],[79.7249,11.9779],[79.7347,11.9943],[79.7496,11.9861],[79.7524,11.9761],[79.7424,11.967],[79.7269,11.9625],[79.7157,11.9675],[79.7145,11.9553],[79.7336,11.9472],[79.7369,11.9072],[79.7475,11.9152],[79.7478,11.9289],[79.7642,11.9346],[79.7718,11.9464],[79.7788,11.9464],[79.7876,11.9384],[79.7924,11.9571],[79.7997,11.9643],[79.8046,11.9631],[79.811,11.9425],[79.8376,11.9406],[79.831,11.9071],[79.8243,11.9165],[79.826,11.9079],[79.8185,11.9063],[79.8179,11.9015],[79.8215,11.9074],[79.8321,11.9054],[79.8238,11.8818],[79.801,11.8838],[79.7907,11.8787],[79.8057,11.8821],[79.8196,11.8743],[79.8046,11.8746],[79.8199,11.8693],[79.8076,11.8365],[79.7996,11.8401],[79.806,11.8324],[79.8004,11.8084],[79.793,11.8177],[79.794,11.8302],[79.7818,11.8403],[79.7671,11.8405],[79.7604,11.823],[79.7521,11.8245],[79.7473,11.8327],[79.7557,11.8505],[79.755,11.8578],[79.7498,11.8605],[79.7436,11.8597],[79.7384,11.835],[79.7278,11.8323],[79.7303,11.8469],[79.7067,11.8471],[79.7038,11.8383],[79.6935,11.8539],[79.6957,11.8734],[79.6591,11.8657],[79.6604,11.8773],[79.6687,11.8746],[79.6799,11.8793],[79.6829,11.9047],[79.7026,11.9025],[79.7025,11.8984],[79.6917,11.8978],[79.6915,11.8784],[79.7154,11.875],[79.716,11.8867],[79.7249,11.8915],[79.7041,11.913],[79.706,11.9287],[79.6946,11.9313],[79.6978,11.9167],[79.6782,11.9365],[79.6831,11.9465],[79.7016,11.9522],[79.6953,11.961],[79.6991,11.9721],[79.6711,11.9748],[79.6654,11.9675],[79.6596,11.9771],[79.6512,11.972],[79.6423,11.9758],[79.6473,11.9972],[79.6593,11.9969],[79.6633,12.0064],[79.6765,12.0129],[79.679,12.0193],[79.6916,12.0174],[79.6905,12.0011]]],[[[75.3746,12.1491],[75.3939,12.1455],[75.4022,12.1341],[75.3922,12.1263],[75.3831,12.124],[75.3823,12.1291],[75.3793,12.1221],[75.3685,12.1213],[75.3399,12.0983],[75.3282,12.1073],[75.3091,12.1027],[75.3096,12.0906],[75.3148,12.0876],[75.2962,12.0592],[75.3117,12.0493],[75.3001,12.0326],[75.3015,12.0246],[75.2921,12.0318],[75.2976,12.0265],[75.2932,12.0176],[75.291,12.0279],[75.286,12.0299],[75.286,12.0238],[75.271,12.0296],[75.2637,12.0171],[75.2635,12.0029],[75.2821,11.9868],[75.2913,11.9671],[75.3049,11.9518],[75.296,11.9479],[75.251,12.0063],[75.2249,12.032],[75.2274,12.0443],[75.2211,12.101],[75.2366,12.1102],[75.2474,12.1037],[75.2599,12.1089],[75.2745,12.1003],[75.2839,12.115],[75.3107,12.1247],[75.3112,12.1365],[75.3206,12.1435],[75.3311,12.1452],[75.3478,12.1353],[75.3636,12.135],[75.3746,12.1491]]],[[[82.2657,16.7029],[82.2854,16.6976],[82.2588,16.6901],[82.2579,16.7018],[82.2657,16.7029]]],[[[82.211,16.7279],[82.227,16.7172],[82.2637,16.7194],[82.2807,16.7228],[82.2937,16.743],[82.3028,16.7228],[82.2965,16.7104],[82.2885,16.7071],[82.2457,16.7168],[82.2426,16.7076],[82.2568,16.6946],[82.2576,16.6901],[82.2534,16.6897],[82.2154,16.7098],[82.1936,16.7085],[82.1791,16.7163],[82.1746,16.7251],[82.1888,16.7272],[82.2111,16.7482],[82.2218,16.7504],[82.211,16.7279]]]]}},{"type":"Feature","id":"Punjab","properties":{"name":"Punjab","type":"State","code":""},"geometry":{"type":"Polygon","coordinates":[[[75.8688,32.4887],[75.9244,32.439],[75.9346,32.4248],[75.9322,32.4168],[75.8719,32.3984],[75.8439,32.3793],[75.7634,32.3022],[75.7547,32.2861],[75.7364,32.2738],[75.6758,32.264],[75.6524,32.2554],[75.6225,32.2347],[75.6202,32.1852],[75.6562,32.1766],[75.6618,32.1647],[75.6555,32.1461],[75.6312,32.1195],[75.6106,32.0996],[75.5788,32.0817],[75.5985,32.066],[75.6494,32.0772],[75.6898,32.0615],[75.7004,32.0436],[75.7105,32.036],[75.738,32.0358],[75.7843,31.9943],[75.8056,31.985],[75.8364,31.9816],[75.8416,31.9736],[75.8662,31.9688],[75.8945,31.9498],[75.896,31.9403],[75.9314,31.8838],[75.9558,31.8324],[75.9676,31.8235],[75.9715,31.8145],[75.9529,31.824],[75.9333,31.815],[75.9218,31.8172],[75.9364,31.7843],[75.9451,31.7813],[75.9595,31.7495],[75.9576,31.7405],[75.966,31.7335],[75.9774,31.705],[75.9758,31.6953],[75.9856,31.6854],[75.991,31.6858],[75.9974,31.6689],[76.0047,31.663],[76.0027,31.6466],[76.0232,31.6155],[76.044,31.603],[76.0432,31.592],[76.084,31.5372],[76.0906,31.519],[76.1082,31.4951],[76.108,31.4822],[76.1155,31.4654],[76.1535,31.414],[76.1567,31.4045],[76.153,31.3973],[76.1341,31.3826],[76.135,31.3618],[76.1396,31.3531],[76.1663,31.3415],[76.1661,31.3262],[76.1728,31.3067],[76.2064,31.3053],[76.2232,31.3131],[76.2556,31.315],[76.2612,31.3058],[76.2961,31.3192],[76.3023,31.3264],[76.296,31.3422],[76.3158,31.3475],[76.3178,31.3522],[76.3301,31.3453],[76.3367,31.353],[76.3313,31.3591],[76.3296,31.3795],[76.3182,31.3811],[76.3158,31.4024],[76.3469,31.4057],[76.3591,31.4156],[76.3568,31.4296],[76.3631,31.4414],[76.3753,31.4222],[76.373,31.4136],[76.3816,31.4106],[76.3904,31.3973],[76.3793,31.3912],[76.4182,31.3373],[76.4483,31.306],[76.4285,31.2892],[76.4311,31.2828],[76.4458,31.2897],[76.4667,31.3102],[76.4725,31.3067],[76.4756,31.2922],[76.4886,31.2734],[76.4982,31.2733],[76.5143,31.2831],[76.5143,31.2645],[76.5181,31.2623],[76.5279,31.27],[76.5312,31.2835],[76.5372,31.284],[76.5326,31.2665],[76.535,31.2554],[76.5459,31.2559],[76.5705,31.2801],[76.6016,31.2509],[76.5847,31.2396],[76.576,31.2258],[76.5806,31.2164],[76.6163,31.2294],[76.6259,31.2271],[76.6245,31.221],[76.6354,31.213],[76.6122,31.2026],[76.5904,31.1829],[76.5901,31.1573],[76.5987,31.1512],[76.5893,31.1277],[76.6237,31.118],[76.6257,31.1102],[76.6118,31.0964],[76.6049,31.0784],[76.6095,31.0607],[76.599,31.0536],[76.6136,31.022],[76.6101,31.0042],[76.6259,30.9925],[76.6531,30.9818],[76.6626,30.9711],[76.6942,30.9725],[76.7051,30.9633],[76.7126,30.9634],[76.7241,30.9506],[76.726,30.9393],[76.7384,30.9301],[76.7486,30.9292],[76.7538,30.9178],[76.7699,30.9064],[76.7625,30.8934],[76.769,30.8765],[76.8012,30.8425],[76.8278,30.8326],[76.8335,30.8046],[76.8468,30.7925],[76.8282,30.7638],[76.812,30.7666],[76.8015,30.7628],[76.7914,30.7695],[76.8035,30.7776],[76.7978,30.7853],[76.7809,30.7739],[76.7693,30.777],[76.7773,30.7855],[76.7676,30.7951],[76.7593,30.799],[76.7509,30.7968],[76.7382,30.7899],[76.7392,30.7861],[76.7227,30.7707],[76.7079,30.7701],[76.6906,30.7601],[76.6907,30.7467],[76.7013,30.7453],[76.7161,30.7286],[76.7152,30.7133],[76.7255,30.71],[76.7263,30.6959],[76.7329,30.6972],[76.7385,30.6892],[76.745,30.6905],[76.7944,30.6693],[76.8105,30.685],[76.8198,30.6858],[76.8188,30.6606],[76.835,30.6641],[76.8348,30.6558],[76.8622,30.6793],[76.8586,30.6406],[76.8771,30.637],[76.8836,30.6271],[76.8996,30.62],[76.9015,30.6084],[76.9106,30.6058],[76.9134,30.5997],[76.8986,30.5884],[76.9045,30.5806],[76.8989,30.564],[76.9059,30.5584],[76.9022,30.551],[76.885,30.5404],[76.9201,30.5247],[76.9203,30.518],[76.9124,30.4937],[76.8889,30.4846],[76.898,30.4678],[76.8888,30.4411],[76.9037,30.4249],[76.9052,30.4047],[76.9314,30.3971],[76.9273,30.3886],[76.8978,30.3626],[76.8802,30.3597],[76.8757,30.3695],[76.8802,30.3862],[76.8662,30.3948],[76.8647,30.4088],[76.8397,30.4208],[76.8325,30.4339],[76.8085,30.4119],[76.7708,30.4183],[76.7643,30.425],[76.7667,30.436],[76.7579,30.4389],[76.7489,30.4266],[76.7252,30.4204],[76.7265,30.405],[76.7001,30.3936],[76.7049,30.3808],[76.7181,30.3771],[76.7089,30.3682],[76.7114,30.3651],[76.7304,30.3674],[76.7385,30.3597],[76.7152,30.3399],[76.7152,30.3329],[76.6795,30.3214],[76.6746,30.326],[76.6731,30.3128],[76.6624,30.2996],[76.6513,30.2993],[76.6263,30.2839],[76.6228,30.2914],[76.6098,30.2706],[76.5476,30.2649],[76.546,30.2435],[76.5325,30.2271],[76.5444,30.2309],[76.5759,30.2559],[76.584,30.2565],[76.612,30.231],[76.6043,30.2152],[76.6389,30.2059],[76.6372,30.197],[76.6417,30.1893],[76.6227,30.1703],[76.6276,30.1551],[76.6231,30.1447],[76.6294,30.1348],[76.6247,30.1169],[76.6267,30.1057],[76.6011,30.0802],[76.5768,30.0751],[76.5808,30.0869],[76.5549,30.0988],[76.5336,30.0828],[76.5011,30.0766],[76.4908,30.0972],[76.4521,30.1007],[76.4445,30.1229],[76.4465,30.1371],[76.4363,30.137],[76.426,30.1476],[76.4224,30.1636],[76.4286,30.1798],[76.42,30.1979],[76.4102,30.2023],[76.3988,30.199],[76.381,30.1832],[76.4016,30.1577],[76.3846,30.1458],[76.39,30.1275],[76.3747,30.1237],[76.3637,30.1275],[76.3431,30.1534],[76.3259,30.1492],[76.3489,30.1277],[76.3229,30.1082],[76.3128,30.1085],[76.2931,30.1186],[76.2798,30.1137],[76.2512,30.119],[76.2039,30.1589],[76.2026,30.1528],[76.2119,30.1351],[76.2079,30.1331],[76.1941,30.1408],[76.1906,30.135],[76.2287,30.1093],[76.255,30.1046],[76.2338,30.0856],[76.1984,30.0379],[76.2154,30.0271],[76.1909,30.0164],[76.1894,30.0042],[76.199,29.9732],[76.1947,29.9657],[76.2039,29.9441],[76.1789,29.9463],[76.1663,29.9287],[76.1715,29.9232],[76.182,29.9232],[76.1846,29.8886],[76.1974,29.884],[76.2253,29.8851],[76.242,29.869],[76.2285,29.8545],[76.2118,29.8531],[76.2111,29.8432],[76.1942,29.845],[76.1858,29.8312],[76.1667,29.8183],[76.1393,29.8168],[76.1164,29.7964],[76.0944,29.8116],[76.0777,29.8058],[76.0743,29.7812],[76.0584,29.7731],[76.0415,29.7488],[76.0357,29.7467],[76.0176,29.7561],[75.9649,29.7314],[75.9231,29.7349],[75.9031,29.7463],[75.8972,29.7555],[75.8793,29.7471],[75.8638,29.7523],[75.8546,29.7697],[75.8436,29.776],[75.8293,29.8007],[75.829,29.8123],[75.82,29.8154],[75.7961,29.8071],[75.7716,29.8254],[75.7484,29.8121],[75.7099,29.8123],[75.7059,29.8086],[75.6974,29.7552],[75.6874,29.7518],[75.6662,29.7727],[75.6564,29.7761],[75.6409,29.7711],[75.6254,29.7732],[75.6226,29.7536],[75.6132,29.7465],[75.5927,29.7492],[75.5688,29.7426],[75.5631,29.7442],[75.5564,29.7658],[75.5302,29.7727],[75.5117,29.7601],[75.5063,29.7741],[75.4443,29.8079],[75.4355,29.7988],[75.4432,29.7942],[75.4438,29.7862],[75.4198,29.7744],[75.41,29.7753],[75.3972,29.761],[75.3968,29.7487],[75.3837,29.734],[75.3788,29.7113],[75.3619,29.7129],[75.3586,29.7058],[75.3354,29.6939],[75.3338,29.6881],[75.3504,29.6593],[75.3301,29.6723],[75.3177,29.6707],[75.3075,29.6326],[75.2806,29.6101],[75.2804,29.6033],[75.3045,29.5885],[75.2961,29.5681],[75.2906,29.5618],[75.2235,29.5462],[75.2282,29.5586],[75.2179,29.5785],[75.2112,29.5824],[75.2232,29.5989],[75.2212,29.6066],[75.1994,29.6227],[75.1847,29.6225],[75.1733,29.6301],[75.1733,29.6495],[75.1578,29.6627],[75.1589,29.6694],[75.1889,29.6808],[75.1953,29.6878],[75.1977,29.6965],[75.1884,29.7037],[75.1872,29.7119],[75.1937,29.7252],[75.2062,29.7353],[75.2166,29.73],[75.2214,29.7331],[75.231,29.7521],[75.2167,29.7715],[75.2124,29.7865],[75.198,29.7962],[75.2009,29.83],[75.1823,29.8387],[75.1752,29.8295],[75.1554,29.8198],[75.1489,29.7961],[75.1592,29.7842],[75.1541,29.781],[75.1417,29.777],[75.1355,29.7804],[75.1249,29.8056],[75.1023,29.8026],[75.0902,29.8067],[75.0933,29.8193],[75.1071,29.8265],[75.1041,29.838],[75.0813,29.8494],[75.0847,29.8586],[75.1042,29.8732],[75.1027,29.897],[75.0848,29.9151],[75.0777,29.9123],[75.0655,29.879],[75.0518,29.8749],[75.0375,29.8818],[75.0141,29.8646],[75.0057,29.8676],[74.9941,29.8632],[74.9899,29.8565],[74.9695,29.8807],[74.9699,29.8899],[74.9432,29.9025],[74.9241,29.9415],[74.9157,29.9492],[74.8852,29.9391],[74.8944,29.9529],[74.8815,29.9683],[74.872,29.9591],[74.8496,29.9591],[74.8214,29.9731],[74.8167,29.9845],[74.8012,29.9926],[74.776,29.9744],[74.7372,29.969],[74.724,29.9619],[74.6974,29.9711],[74.6908,29.9693],[74.6832,29.9611],[74.681,29.9492],[74.6399,29.9225],[74.6389,29.9145],[74.647,29.9047],[74.6396,29.904],[74.5858,29.9148],[74.573,29.9259],[74.552,29.9292],[74.5246,29.9516],[74.5191,29.9434],[74.4666,29.9447],[74.0692,29.9689],[73.8912,29.9701],[73.8811,29.9963],[73.8819,30.0112],[73.8984,30.0537],[73.9182,30.0682],[73.9579,30.1196],[73.9667,30.1212],[73.9608,30.1432],[73.9681,30.1843],[73.9578,30.2617],[73.9343,30.303],[73.9085,30.3367],[73.8973,30.349],[73.8756,30.3608],[73.8713,30.3686],[73.8732,30.3834],[73.9034,30.4168],[73.9279,30.4209],[73.9366,30.443],[73.9323,30.4584],[73.9353,30.463],[73.9627,30.4576],[73.9727,30.4881],[73.9885,30.5046],[74.0256,30.5254],[74.034,30.5363],[74.0402,30.5377],[74.0557,30.522],[74.0665,30.5202],[74.0776,30.5294],[74.0844,30.545],[74.0682,30.5508],[74.0679,30.5549],[74.0926,30.5754],[74.0945,30.6058],[74.091,30.6128],[74.0984,30.6155],[74.1089,30.6057],[74.1184,30.6322],[74.1299,30.6279],[74.1508,30.6325],[74.1862,30.6594],[74.2322,30.7196],[74.254,30.723],[74.2683,30.7314],[74.2818,30.7302],[74.2622,30.768],[74.265,30.7728],[74.2974,30.7827],[74.2968,30.7924],[74.2858,30.7996],[74.3076,30.8211],[74.3161,30.8476],[74.3427,30.8545],[74.363,30.8458],[74.372,30.8529],[74.3622,30.8724],[74.3655,30.8854],[74.3827,30.8917],[74.395,30.9035],[74.4161,30.906],[74.4207,30.9259],[74.4706,30.966],[74.4851,30.9705],[74.4966,30.9672],[74.5144,30.9849],[74.5381,30.9935],[74.5318,31.0127],[74.5584,31.0675],[74.5717,31.0674],[74.6002,31.0435],[74.6225,31.047],[74.6722,31.0616],[74.6832,31.0722],[74.6863,31.0896],[74.6944,31.0954],[74.6899,31.1171],[74.6821,31.1202],[74.6773,31.1306],[74.659,31.1274],[74.6511,31.1349],[74.6312,31.1213],[74.6249,31.1226],[74.6252,31.1373],[74.5924,31.1334],[74.6006,31.1088],[74.5928,31.0874],[74.5854,31.0952],[74.5658,31.0843],[74.5519,31.0856],[74.5464,31.0886],[74.5434,31.1217],[74.5363,31.1251],[74.5265,31.1224],[74.5232,31.1296],[74.5046,31.1385],[74.5013,31.1816],[74.5095,31.187],[74.5083,31.1974],[74.5145,31.2094],[74.5113,31.2313],[74.5222,31.2475],[74.5111,31.2723],[74.5302,31.2987],[74.5519,31.2985],[74.5946,31.3971],[74.6253,31.4236],[74.6421,31.46],[74.6207,31.478],[74.6265,31.4867],[74.6091,31.4872],[74.5951,31.5002],[74.5796,31.4957],[74.5662,31.5008],[74.5725,31.5058],[74.5748,31.5212],[74.599,31.5275],[74.6039,31.5341],[74.6009,31.5678],[74.5785,31.6234],[74.5173,31.7229],[74.518,31.7452],[74.5518,31.7532],[74.544,31.7764],[74.5549,31.7916],[74.5494,31.7983],[74.5602,31.8153],[74.5557,31.8277],[74.5805,31.8435],[74.5833,31.8569],[74.596,31.8648],[74.5991,31.8851],[74.6266,31.8829],[74.6379,31.8967],[74.6508,31.8981],[74.6516,31.9092],[74.6599,31.9182],[74.6679,31.9166],[74.6847,31.9231],[74.6948,31.9194],[74.7033,31.9249],[74.7092,31.9579],[74.7178,31.9577],[74.7267,31.9422],[74.7359,31.9374],[74.7458,31.9416],[74.7477,31.9523],[74.7595,31.9462],[74.8014,31.9618],[74.8091,31.9551],[74.8199,31.9765],[74.8184,31.9975],[74.8278,32.0051],[74.8457,32.0092],[74.8403,32.0203],[74.8595,32.0266],[74.8651,32.0239],[74.8677,32.0334],[74.8623,32.0451],[74.8793,32.0519],[74.8989,32.0499],[74.9069,32.0625],[74.9143,32.0652],[74.9603,32.055],[74.9661,32.051],[74.9638,32.0431],[74.9772,32.0423],[75.0049,32.0288],[75.023,32.039],[75.0509,32.0413],[75.069,32.0585],[75.076,32.0607],[75.0812,32.0562],[75.0774,32.0612],[75.0858,32.0629],[75.0922,32.0595],[75.0975,32.0703],[75.1163,32.0828],[75.1444,32.0829],[75.1519,32.0805],[75.1584,32.0685],[75.1645,32.068],[75.1716,32.079],[75.1851,32.0838],[75.1852,32.0953],[75.1937,32.1007],[75.1953,32.1167],[75.212,32.1191],[75.2227,32.1125],[75.2278,32.0846],[75.2392,32.0872],[75.272,32.1128],[75.2773,32.1352],[75.2833,32.1422],[75.3142,32.1592],[75.3172,32.1928],[75.3228,32.2013],[75.3333,32.2047],[75.3196,32.2082],[75.3142,32.2149],[75.3232,32.2189],[75.3462,32.218],[75.3632,32.2347],[75.357,32.2519],[75.367,32.2687],[75.3399,32.2886],[75.3343,32.3044],[75.3367,32.3226],[75.3223,32.3373],[75.3253,32.3428],[75.3318,32.3447],[75.3785,32.3288],[75.415,32.3243],[75.4722,32.3401],[75.4678,32.3176],[75.4799,32.3103],[75.4902,32.3102],[75.49,32.288],[75.4989,32.2753],[75.5158,32.298],[75.5292,32.3489],[75.5452,32.3608],[75.5926,32.3817],[75.6481,32.3888],[75.685,32.4006],[75.7115,32.4182],[75.7459,32.4763],[75.7789,32.475],[75.8043,32.4871],[75.825,32.5092],[75.8378,32.5376],[75.8725,32.5762],[75.8755,32.5709],[75.8514,32.5213],[75.8553,32.4996],[75.8688,32.4887]]]}},{"type":"Feature","id":"Rajasthan","properties":{"name":"Rajasthan","type":"State","code":""},"geometry":{"type":"Polygon","coordinates":[[[73.8894,29.9776],[73.8912,29.9701],[74.0692,29.9689],[74.2519,29.9553],[74.5191,29.9434],[74.505,29.9078],[74.5337,29.9026],[74.5536,29.8656],[74.5325,29.8393],[74.4917,29.8265],[74.4706,29.802],[74.4653,29.7876],[74.472,29.744],[74.5258,29.7414],[74.5378,29.7539],[74.5714,29.7532],[74.5782,29.767],[74.5866,29.7685],[74.6054,29.7529],[74.6016,29.7407],[74.6035,29.7214],[74.5785,29.6548],[74.586,29.6353],[74.5754,29.6273],[74.5706,29.5685],[74.5665,29.5635],[74.5818,29.5477],[74.6144,29.5271],[74.5927,29.4921],[74.5916,29.4799],[74.5789,29.4586],[74.5428,29.4666],[74.5346,29.465],[74.5291,29.4495],[74.5313,29.425],[74.5578,29.4186],[74.57,29.4062],[74.5729,29.3865],[74.5967,29.3622],[74.6,29.3543],[74.5958,29.3283],[74.6418,29.3312],[74.6502,29.3724],[74.6887,29.3652],[74.7112,29.3689],[74.7317,29.3538],[74.7566,29.356],[74.7759,29.3602],[74.8095,29.3985],[74.8411,29.4041],[74.8639,29.3964],[74.8706,29.3851],[74.8885,29.3867],[74.9271,29.3646],[74.9359,29.338],[74.951,29.3261],[74.9506,29.3185],[74.9401,29.3048],[74.9531,29.2819],[74.9769,29.2811],[74.991,29.2717],[75.0239,29.2915],[75.0399,29.2871],[75.0505,29.2724],[75.0509,29.2637],[75.0653,29.2466],[75.0627,29.2389],[75.0781,29.2325],[75.1082,29.2268],[75.1137,29.2429],[75.1475,29.2459],[75.1608,29.2538],[75.164,29.2644],[75.18,29.2686],[75.1953,29.2442],[75.212,29.2345],[75.2235,29.235],[75.2352,29.2519],[75.2495,29.2565],[75.2717,29.2544],[75.2794,29.2768],[75.2897,29.2777],[75.3193,29.2934],[75.3242,29.2902],[75.3254,29.2783],[75.3232,29.2518],[75.3149,29.236],[75.3453,29.2262],[75.3502,29.2474],[75.358,29.2546],[75.3795,29.2639],[75.3957,29.2619],[75.3994,29.2403],[75.3873,29.229],[75.3861,29.2212],[75.3965,29.2134],[75.4007,29.1889],[75.3886,29.1707],[75.369,29.17],[75.3676,29.1504],[75.3612,29.1426],[75.3962,29.1284],[75.3807,29.1107],[75.3807,29.0703],[75.4303,29.0647],[75.4298,29.0562],[75.4406,29.0415],[75.4326,29.0221],[75.4347,29.0165],[75.4734,29.0202],[75.5111,29.0108],[75.5165,28.9754],[75.5029,28.9615],[75.5035,28.9518],[75.4976,28.9415],[75.4689,28.938],[75.4671,28.9263],[75.4884,28.8983],[75.488,28.8597],[75.4977,28.8562],[75.5134,28.8366],[75.4985,28.7877],[75.5161,28.7722],[75.5289,28.7503],[75.526,28.7429],[75.5398,28.676],[75.5396,28.6489],[75.549,28.6431],[75.5557,28.6146],[75.577,28.6167],[75.585,28.6064],[75.6181,28.6022],[75.6291,28.546],[75.6367,28.5475],[75.6633,28.5361],[75.6639,28.5209],[75.6901,28.4991],[75.7365,28.4872],[75.735,28.4726],[75.7782,28.4576],[75.7852,28.4507],[75.7851,28.4392],[75.7655,28.4208],[75.7703,28.4076],[75.7876,28.4044],[75.8026,28.4142],[75.8167,28.4115],[75.8181,28.4059],[75.8282,28.4091],[75.8351,28.3977],[75.8832,28.3867],[75.8835,28.392],[75.8892,28.3937],[75.8969,28.39],[75.8971,28.3801],[75.9224,28.3689],[75.9284,28.356],[75.9274,28.3451],[75.9563,28.3384],[75.9514,28.3335],[75.9547,28.3185],[75.9676,28.3241],[75.9866,28.2959],[76.0187,28.281],[76.0074,28.2532],[76.0112,28.2418],[76.0363,28.2271],[76.053,28.2242],[76.0451,28.2029],[76.0656,28.199],[76.0748,28.1724],[76.0929,28.1552],[76.0879,28.1435],[76.0651,28.1445],[76.0664,28.1678],[76.0277,28.1727],[76.0112,28.1577],[75.9998,28.1564],[75.9947,28.1506],[75.9957,28.1353],[75.9911,28.1282],[75.9771,28.1272],[75.9474,28.1097],[75.9361,28.0935],[75.9821,28.0802],[75.9876,28.0706],[75.9746,28.0571],[75.9846,28.0507],[76.0019,28.0607],[76.0156,28.0889],[76.0312,28.0839],[76.0356,28.074],[76.0167,28.0561],[76.0054,28.0545],[76.0109,28.047],[76.0101,28.0367],[75.9805,28.0387],[75.97,28.0309],[75.9727,28.0181],[75.9905,28.0102],[75.9891,28.0043],[75.9799,28.0015],[75.9564,28.001],[75.9555,27.9886],[75.9869,27.9846],[75.9683,27.9623],[75.9732,27.958],[75.9632,27.937],[75.9446,27.9401],[75.9385,27.9511],[75.9236,27.9331],[75.9288,27.9168],[75.9559,27.9196],[75.9774,27.9093],[75.9672,27.8993],[75.9752,27.8931],[75.9735,27.8775],[75.9643,27.8715],[75.9631,27.8647],[76.0052,27.8574],[76.0093,27.8626],[76.0496,27.8479],[76.06,27.8572],[76.0801,27.8511],[76.0881,27.8684],[76.1221,27.8544],[76.1285,27.8469],[76.1278,27.8332],[76.1729,27.8075],[76.1941,27.8312],[76.2077,27.8285],[76.2233,27.8409],[76.2059,27.848],[76.2051,27.8555],[76.1931,27.8639],[76.189,27.8764],[76.1998,27.8881],[76.1986,27.899],[76.1697,27.9098],[76.1665,27.9151],[76.1795,27.9728],[76.161,27.9801],[76.1625,27.9883],[76.1539,27.9925],[76.1549,27.999],[76.1743,28.0219],[76.1959,28.0217],[76.2035,28.0304],[76.2138,28.0317],[76.2136,28.0402],[76.2042,28.0423],[76.1934,28.0352],[76.1769,28.049],[76.1773,28.0593],[76.1999,28.0608],[76.2083,28.0556],[76.2259,28.0552],[76.2334,28.0564],[76.2436,28.0689],[76.2649,28.0687],[76.2901,28.0491],[76.2901,28.0299],[76.2972,28.026],[76.3166,28.021],[76.3368,28.0297],[76.3546,28.0742],[76.3373,28.0731],[76.3249,28.0922],[76.2974,28.101],[76.308,28.1113],[76.3319,28.1067],[76.3395,28.1097],[76.3556,28.1285],[76.331,28.139],[76.3173,28.1531],[76.3016,28.151],[76.2951,28.1571],[76.2985,28.1625],[76.2782,28.1686],[76.2791,28.1787],[76.2889,28.1827],[76.305,28.1839],[76.3359,28.1773],[76.3532,28.1662],[76.3598,28.1434],[76.3768,28.1381],[76.393,28.1411],[76.397,28.1478],[76.4273,28.1459],[76.4371,28.1522],[76.471,28.1547],[76.47,28.1385],[76.4897,28.1337],[76.4869,28.1228],[76.4981,28.1225],[76.4978,28.1066],[76.4773,28.106],[76.4725,28.1127],[76.4609,28.1119],[76.4486,28.0932],[76.4588,28.085],[76.4699,28.0863],[76.4977,28.0647],[76.4838,28.0583],[76.458,28.062],[76.4537,28.0497],[76.4617,28.0446],[76.4922,28.0471],[76.5052,28.035],[76.5259,28.0454],[76.5385,28.0391],[76.5355,28.0257],[76.5385,28.0054],[76.531,27.9793],[76.5382,27.9705],[76.5675,27.9836],[76.599,28.0098],[76.6369,28.0107],[76.6601,28.0191],[76.6615,28.0293],[76.651,28.0445],[76.6479,28.0677],[76.6512,28.0968],[76.6822,28.0978],[76.6902,28.1148],[76.6988,28.1157],[76.71,28.1324],[76.7391,28.129],[76.7551,28.1466],[76.7915,28.1572],[76.7961,28.1705],[76.7903,28.1938],[76.7938,28.1996],[76.7979,28.1944],[76.8026,28.1961],[76.8056,28.2004],[76.8014,28.2116],[76.8058,28.2159],[76.8238,28.2147],[76.8334,28.2249],[76.8505,28.2267],[76.8636,28.2246],[76.8662,28.2115],[76.8867,28.2105],[76.8998,28.2048],[76.884,28.1917],[76.9211,28.1623],[76.9416,28.1552],[76.9417,28.1487],[76.9618,28.144],[76.9466,28.0713],[76.9336,28.0481],[76.9266,28.0125],[76.9186,27.9976],[76.9249,27.9784],[76.9191,27.9249],[76.9213,27.9211],[76.9388,27.919],[76.9382,27.896],[76.9261,27.8944],[76.9299,27.8552],[76.9266,27.8342],[76.9079,27.8359],[76.9011,27.8254],[76.9066,27.8077],[76.8936,27.7793],[76.8906,27.742],[76.8833,27.7244],[76.9028,27.7164],[76.9146,27.7008],[76.9003,27.6946],[76.8828,27.7034],[76.8809,27.6994],[76.8967,27.686],[76.8916,27.6799],[76.9026,27.6585],[76.9239,27.6607],[76.9342,27.6751],[76.9705,27.6571],[76.9791,27.7062],[76.9935,27.7417],[77.0034,27.7386],[77.0114,27.7465],[77.0289,27.7494],[77.0532,27.7279],[77.0792,27.7384],[77.0673,27.7638],[77.0501,27.761],[77.0394,27.7749],[77.0284,27.7803],[77.0207,27.7781],[77.024,27.7982],[77.0383,27.82],[77.0724,27.8095],[77.0766,27.8015],[77.1012,27.7855],[77.12,27.7895],[77.1265,27.7765],[77.1514,27.7918],[77.1506,27.8156],[77.1724,27.8163],[77.1807,27.8087],[77.1622,27.7906],[77.1687,27.7849],[77.1889,27.7984],[77.1875,27.815],[77.1938,27.8219],[77.2068,27.8011],[77.2168,27.7955],[77.2269,27.7961],[77.2317,27.7858],[77.2528,27.7976],[77.2625,27.8161],[77.2793,27.8028],[77.2954,27.7998],[77.3041,27.788],[77.3013,27.7565],[77.3123,27.7387],[77.2963,27.7298],[77.2976,27.7187],[77.3024,27.7132],[77.3245,27.7132],[77.3339,27.7079],[77.335,27.6814],[77.3428,27.6572],[77.3112,27.6117],[77.3258,27.5969],[77.3352,27.6015],[77.3501,27.5934],[77.3304,27.5711],[77.3336,27.5546],[77.3402,27.5467],[77.3325,27.5385],[77.3351,27.53],[77.3522,27.52],[77.3824,27.5166],[77.392,27.502],[77.3964,27.4778],[77.4074,27.4764],[77.4155,27.4661],[77.4296,27.462],[77.4273,27.451],[77.4183,27.4422],[77.4152,27.4254],[77.4268,27.4166],[77.4319,27.3992],[77.4666,27.3843],[77.4759,27.3877],[77.4972,27.3814],[77.522,27.3576],[77.5391,27.3531],[77.5427,27.3424],[77.5745,27.3267],[77.593,27.338],[77.6141,27.3434],[77.6135,27.3148],[77.5917,27.3006],[77.6031,27.2949],[77.6141,27.2792],[77.6066,27.2727],[77.6128,27.2603],[77.6258,27.2623],[77.6391,27.2471],[77.6384,27.2407],[77.6442,27.2389],[77.6395,27.2173],[77.6566,27.213],[77.673,27.2004],[77.6546,27.1756],[77.6359,27.1701],[77.6148,27.1748],[77.6051,27.1685],[77.6065,27.1541],[77.5937,27.148],[77.5973,27.1291],[77.5908,27.1231],[77.5444,27.1156],[77.5294,27.1041],[77.5138,27.1081],[77.4984,27.0952],[77.5174,27.0895],[77.5143,27.0704],[77.5214,27.0672],[77.5292,27.0671],[77.5463,27.0807],[77.5657,27.078],[77.5668,27.0603],[77.5589,27.0488],[77.5574,27.0369],[77.5751,27.0416],[77.5839,27.0393],[77.5906,27.0317],[77.6156,27.0274],[77.6274,27.0155],[77.6343,27.027],[77.657,27.0227],[77.6733,27.0516],[77.6843,27.0449],[77.682,27.0329],[77.7036,27.0003],[77.7223,27.0003],[77.7202,27.0141],[77.7265,27.0315],[77.7355,27.0337],[77.7439,27.0237],[77.755,27.0228],[77.7425,27.0064],[77.7477,26.9985],[77.7397,26.998],[77.7363,26.9882],[77.7146,26.9917],[77.6919,26.979],[77.6703,26.9771],[77.6653,26.9669],[77.6566,26.9741],[77.6489,26.9738],[77.5938,26.9377],[77.5874,26.9446],[77.5798,26.9309],[77.4825,26.9038],[77.4552,26.8896],[77.4542,26.8767],[77.4418,26.8776],[77.4365,26.8679],[77.4225,26.867],[77.4262,26.8531],[77.4175,26.8428],[77.4392,26.8192],[77.4286,26.7858],[77.4286,26.7701],[77.451,26.7807],[77.4643,26.7696],[77.4483,26.7468],[77.4804,26.7539],[77.4933,26.767],[77.4967,26.7741],[77.481,26.7878],[77.498,26.848],[77.5137,26.8451],[77.512,26.828],[77.5207,26.822],[77.5357,26.8254],[77.5564,26.822],[77.5721,26.832],[77.5881,26.8334],[77.6002,26.8425],[77.6045,26.8328],[77.6162,26.8485],[77.6249,26.8467],[77.6646,26.8598],[77.6784,26.8783],[77.6937,26.8729],[77.6977,26.88],[77.7158,26.8813],[77.7199,26.8967],[77.7108,26.903],[77.7189,26.9164],[77.729,26.9258],[77.7406,26.9269],[77.7443,26.9232],[77.7534,26.9377],[77.7735,26.9363],[77.7731,26.9326],[77.7889,26.9223],[77.7992,26.9283],[77.8146,26.9228],[77.8213,26.9262],[77.8715,26.9055],[77.8901,26.8895],[77.8961,26.8897],[77.9028,26.9011],[77.8969,26.92],[77.8999,26.9245],[77.9066,26.924],[77.9096,26.9143],[77.9288,26.9128],[77.942,26.8998],[77.963,26.9126],[77.9668,26.903],[77.9751,26.8975],[77.985,26.9014],[77.9919,26.9109],[78.0067,26.9107],[78.0141,26.9084],[78.0217,26.8948],[78.0176,26.882],[78.0279,26.8762],[78.0164,26.8638],[78.022,26.8609],[78.0311,26.8655],[78.0376,26.877],[78.0478,26.8748],[78.0422,26.9154],[78.0605,26.9159],[78.0868,26.902],[78.091,26.9117],[78.1015,26.905],[78.0954,26.9291],[78.1127,26.9275],[78.1152,26.9382],[78.108,26.95],[78.1149,26.9549],[78.1395,26.9571],[78.1905,26.9468],[78.2052,26.9389],[78.2159,26.954],[78.2327,26.9337],[78.2473,26.9308],[78.2522,26.935],[78.2618,26.9302],[78.2527,26.9046],[78.2298,26.8939],[78.2266,26.8826],[78.2049,26.8774],[78.1911,26.8886],[78.2045,26.8556],[78.214,26.8485],[78.2116,26.8385],[78.2028,26.8323],[78.1676,26.832],[78.161,26.827],[78.1794,26.8012],[78.1798,26.7936],[78.1458,26.7917],[78.119,26.8026],[78.0998,26.797],[78.0944,26.7834],[78.0957,26.7718],[78.1161,26.7546],[78.0891,26.7381],[78.0857,26.6831],[78.0694,26.6785],[78.0491,26.6898],[77.9922,26.7026],[77.9688,26.6766],[77.9479,26.665],[77.9036,26.6662],[77.8946,26.6622],[77.8888,26.6328],[77.8794,26.6203],[77.8424,26.6152],[77.8204,26.5998],[77.8247,26.5727],[77.813,26.5548],[77.7977,26.5503],[77.767,26.5535],[77.7443,26.5453],[77.7307,26.5299],[77.727,26.5154],[77.714,26.5043],[77.695,26.5009],[77.6677,26.5083],[77.6267,26.483],[77.6087,26.4593],[77.5791,26.4511],[77.5691,26.4431],[77.5515,26.4406],[77.5372,26.4235],[77.5229,26.4149],[77.475,26.4146],[77.4277,26.4069],[77.4264,26.3955],[77.4397,26.3787],[77.4368,26.3681],[77.4324,26.365],[77.4018,26.3687],[77.3829,26.3624],[77.3662,26.3715],[77.3347,26.3572],[77.3294,26.3481],[77.318,26.3464],[77.3082,26.315],[77.2899,26.2956],[77.267,26.2762],[77.2378,26.2627],[77.2031,26.2374],[77.1845,26.2368],[77.1702,26.2445],[77.158,26.2385],[77.124,26.238],[77.1136,26.2314],[77.1051,26.2091],[77.0917,26.1909],[77.0347,26.1819],[77.0048,26.1592],[76.9945,26.1378],[76.986,26.1324],[76.9387,26.1061],[76.9063,26.1011],[76.8878,26.0933],[76.8704,26.0565],[76.8304,26.0296],[76.8402,26.0113],[76.8371,26.002],[76.8198,25.9887],[76.8189,25.9713],[76.8063,25.953],[76.7859,25.9405],[76.7559,25.9417],[76.7534,25.9322],[76.7624,25.9221],[76.7455,25.9092],[76.7222,25.9003],[76.6744,25.9118],[76.6461,25.9089],[76.6383,25.9015],[76.6317,25.8752],[76.6266,25.8709],[76.5927,25.8742],[76.5293,25.798],[76.5222,25.7663],[76.5306,25.734],[76.503,25.7286],[76.4824,25.7181],[76.4778,25.6951],[76.4891,25.6834],[76.5108,25.6728],[76.4994,25.6483],[76.5054,25.6382],[76.5147,25.6337],[76.5158,25.607],[76.5098,25.5798],[76.5222,25.5504],[76.5203,25.5299],[76.5379,25.5102],[76.5596,25.4733],[76.5643,25.4424],[76.589,25.4315],[76.6025,25.389],[76.6096,25.3883],[76.6255,25.3751],[76.6363,25.3803],[76.6436,25.3764],[76.6811,25.3455],[76.7032,25.3476],[76.7145,25.3424],[76.7404,25.3478],[76.7667,25.3362],[76.7598,25.3227],[76.7701,25.3122],[76.7953,25.3218],[76.843,25.3305],[76.8932,25.3224],[76.9292,25.2973],[76.9326,25.2875],[76.9287,25.2792],[76.9418,25.2754],[76.9527,25.2786],[76.9587,25.2972],[77.0242,25.3011],[77.0394,25.3251],[77.0583,25.3219],[77.0755,25.3397],[77.1158,25.3351],[77.1536,25.3133],[77.2051,25.3114],[77.1982,25.3305],[77.2107,25.3337],[77.2104,25.3245],[77.215,25.3245],[77.2203,25.3734],[77.26,25.3995],[77.283,25.4236],[77.3053,25.4364],[77.3437,25.4224],[77.3543,25.424],[77.3613,25.413],[77.3443,25.3879],[77.3447,25.3798],[77.356,25.3679],[77.3364,25.3256],[77.3493,25.3241],[77.3532,25.3324],[77.3638,25.333],[77.3718,25.3202],[77.3726,25.2943],[77.3497,25.2718],[77.3603,25.2609],[77.3627,25.2501],[77.3756,25.249],[77.3916,25.2312],[77.4064,25.2263],[77.418,25.193],[77.4031,25.1865],[77.3907,25.1882],[77.3869,25.133],[77.3985,25.1133],[77.3867,25.122],[77.3684,25.1141],[77.3685,25.1085],[77.3571,25.1016],[77.3029,25.0839],[77.2756,25.1121],[77.2623,25.1193],[77.2208,25.1102],[77.1974,25.1167],[77.1888,25.1118],[77.1696,25.1137],[77.1628,25.1097],[77.1646,25.0986],[77.1577,25.0883],[77.1405,25.0909],[77.1402,25.0962],[77.1283,25.0891],[77.1145,25.0691],[77.0904,25.0664],[77.0772,25.058],[76.9937,25.08],[76.9747,25.0707],[76.9687,25.0559],[76.9098,25.0357],[76.882,25.0341],[76.8745,25.0131],[76.8543,25.0103],[76.8681,25.0014],[76.8673,24.9654],[76.8752,24.951],[76.8932,24.9354],[76.8912,24.9197],[76.9074,24.9233],[76.9209,24.9168],[76.9246,24.9104],[76.9127,24.8972],[76.9139,24.8879],[76.934,24.8843],[76.9357,24.8787],[76.9489,24.8729],[76.9431,24.8601],[76.9265,24.8498],[76.895,24.8395],[76.8317,24.8402],[76.8023,24.8266],[76.8016,24.8198],[76.8467,24.77],[76.8473,24.7504],[76.8867,24.7542],[76.9094,24.7468],[76.9217,24.7488],[76.9517,24.7655],[76.9633,24.7596],[76.972,24.7317],[76.9921,24.7174],[77.0267,24.7109],[77.0595,24.6424],[77.0585,24.5948],[77.0647,24.5699],[77.0615,24.5548],[77.052,24.5413],[77.0503,24.5265],[77.032,24.5288],[77.0248,24.5171],[77.0241,24.5013],[77.006,24.494],[77.0015,24.4779],[76.9925,24.4735],[76.9797,24.4746],[76.975,24.4649],[76.9653,24.4609],[76.9411,24.4674],[76.9147,24.4877],[76.9188,24.53],[76.9129,24.5436],[76.8998,24.5478],[76.889,24.5268],[76.8795,24.5253],[76.8729,24.532],[76.8741,24.5431],[76.8662,24.5494],[76.846,24.551],[76.8146,24.5344],[76.8353,24.4944],[76.8453,24.4909],[76.8463,24.4755],[76.8513,24.4691],[76.8459,24.4533],[76.8386,24.4542],[76.8379,24.4506],[76.8511,24.4354],[76.846,24.4193],[76.8359,24.4166],[76.8483,24.3963],[76.848,24.3788],[76.8523,24.3749],[76.8517,24.3702],[76.837,24.3607],[76.8402,24.3387],[76.8588,24.3123],[76.8636,24.2898],[76.8742,24.2711],[76.9165,24.232],[76.9226,24.2168],[76.9444,24.2063],[76.9439,24.1989],[76.9332,24.1869],[76.9161,24.1887],[76.8999,24.1311],[76.8863,24.1317],[76.8733,24.1398],[76.856,24.1389],[76.8277,24.1256],[76.8147,24.1265],[76.8011,24.1203],[76.7909,24.1258],[76.7689,24.1647],[76.7626,24.1642],[76.755,24.1721],[76.7294,24.1706],[76.7207,24.1617],[76.7011,24.1714],[76.6742,24.1934],[76.6768,24.2105],[76.6878,24.2325],[76.7025,24.2488],[76.693,24.285],[76.6848,24.2827],[76.6787,24.2706],[76.6683,24.2674],[76.6472,24.2724],[76.6401,24.2623],[76.6163,24.2628],[76.614,24.2422],[76.588,24.2496],[76.5974,24.2299],[76.5715,24.2135],[76.5658,24.2008],[76.577,24.1913],[76.5797,24.1807],[76.5548,24.1682],[76.5314,24.1635],[76.5232,24.1632],[76.5133,24.1729],[76.5054,24.2055],[76.4794,24.2175],[76.4699,24.2314],[76.4532,24.2168],[76.4236,24.227],[76.4181,24.2244],[76.4225,24.2142],[76.4144,24.2074],[76.4001,24.2228],[76.353,24.2489],[76.3269,24.2536],[76.2939,24.2407],[76.2828,24.2157],[76.2477,24.2279],[76.2234,24.2233],[76.2156,24.2168],[76.2062,24.2328],[76.2022,24.2768],[76.1947,24.2848],[76.2062,24.3109],[76.1855,24.3315],[76.1721,24.3156],[76.1692,24.2961],[76.1495,24.2922],[76.143,24.2853],[76.1545,24.2438],[76.147,24.2278],[76.1234,24.2054],[76.1213,24.1964],[76.12,24.1801],[76.1289,24.1749],[76.1369,24.1313],[76.1292,24.1189],[76.1347,24.0953],[76.1233,24.0923],[76.1086,24.0971],[76.0845,24.0822],[76.047,24.0757],[76.033,24.0642],[76.0267,24.0505],[76.0021,24.0352],[75.9602,24.0254],[75.9602,23.9975],[75.9802,23.9744],[75.9809,23.943],[75.9758,23.9329],[75.9482,23.9223],[75.9318,23.9019],[75.9212,23.9042],[75.8786,23.8846],[75.8607,23.8956],[75.8414,23.8884],[75.837,23.8813],[75.8304,23.8848],[75.8027,23.8711],[75.7942,23.8743],[75.7771,23.8539],[75.7616,23.8569],[75.7592,23.8813],[75.7497,23.89],[75.7365,23.8941],[75.7313,23.9015],[75.713,23.9],[75.7023,23.9041],[75.6981,23.8771],[75.7047,23.8748],[75.7066,23.8682],[75.7275,23.8645],[75.7291,23.8582],[75.724,23.848],[75.7157,23.8456],[75.7222,23.8269],[75.7179,23.819],[75.6874,23.8193],[75.6987,23.7918],[75.6845,23.7606],[75.6744,23.7845],[75.6591,23.7889],[75.6518,23.8019],[75.624,23.8005],[75.6121,23.8066],[75.5825,23.8004],[75.5833,23.8152],[75.5625,23.8169],[75.5561,23.8259],[75.5601,23.8369],[75.5723,23.8348],[75.5762,23.8415],[75.5606,23.86],[75.5167,23.8888],[75.5041,23.8919],[75.4874,23.9108],[75.4565,23.9207],[75.4648,23.9807],[75.4892,24.0003],[75.5144,24.0487],[75.5426,24.0256],[75.5669,24.0227],[75.5717,24.0174],[75.5693,23.9994],[75.576,24.0006],[75.5838,23.9919],[75.5974,23.9986],[75.6347,23.9998],[75.6415,24.0184],[75.6692,24.0335],[75.677,24.0201],[75.6858,24.0179],[75.6841,23.9931],[75.6961,23.9904],[75.7004,23.9691],[75.7331,23.9789],[75.7378,23.9953],[75.762,23.998],[75.7609,24.0129],[75.7713,24.0122],[75.7778,24.0275],[75.7796,24.0621],[75.8338,24.0754],[75.8306,24.0816],[75.8358,24.1114],[75.8122,24.1029],[75.8024,24.1183],[75.7896,24.1098],[75.779,24.1246],[75.7763,24.139],[75.7435,24.1396],[75.7686,24.1933],[75.7678,24.2075],[75.7735,24.2209],[75.7919,24.2232],[75.8053,24.2297],[75.8078,24.2407],[75.8213,24.241],[75.8269,24.2464],[75.8127,24.2569],[75.8185,24.2682],[75.8118,24.2704],[75.8114,24.2847],[75.8168,24.2908],[75.8112,24.3035],[75.7974,24.3143],[75.781,24.3086],[75.7651,24.3107],[75.7379,24.348],[75.7418,24.353],[75.7386,24.3953],[75.7297,24.3895],[75.7269,24.4053],[75.7358,24.4034],[75.7553,24.4093],[75.7564,24.4277],[75.7487,24.4284],[75.7682,24.4404],[75.7762,24.4539],[75.7836,24.4518],[75.7841,24.4647],[75.7911,24.4752],[75.805,24.4728],[75.8151,24.4651],[75.8096,24.4412],[75.8125,24.4368],[75.8241,24.4308],[75.829,24.4225],[75.8473,24.419],[75.8986,24.4416],[75.9034,24.4539],[75.909,24.4561],[75.9118,24.4924],[75.9055,24.5053],[75.8911,24.5096],[75.8926,24.5215],[75.9022,24.522],[75.9093,24.5149],[75.925,24.5334],[75.9205,24.5438],[75.9066,24.5522],[75.9078,24.5654],[75.9174,24.5715],[75.9111,24.5771],[75.8844,24.5817],[75.8758,24.5908],[75.8741,24.6071],[75.8657,24.6073],[75.8635,24.6129],[75.845,24.6104],[75.8384,24.5957],[75.8354,24.5976],[75.8392,24.6087],[75.8281,24.6134],[75.8304,24.62],[75.8462,24.6314],[75.8439,24.6393],[75.8488,24.6531],[75.8486,24.6646],[75.8439,24.6694],[75.8282,24.6682],[75.8271,24.6715],[75.842,24.7175],[75.8388,24.7299],[75.8055,24.7563],[75.7862,24.7655],[75.7726,24.762],[75.7597,24.7648],[75.7308,24.7556],[75.68,24.7278],[75.6592,24.7017],[75.634,24.6912],[75.6133,24.6884],[75.5819,24.7227],[75.5521,24.7138],[75.5351,24.72],[75.4835,24.6976],[75.4519,24.6932],[75.3639,24.7095],[75.3509,24.7171],[75.3044,24.7207],[75.2672,24.7327],[75.2495,24.7291],[75.2241,24.7355],[75.2169,24.7224],[75.1982,24.7569],[75.1869,24.7603],[75.1855,24.7681],[75.1923,24.7888],[75.2027,24.7888],[75.2064,24.8099],[75.2174,24.8205],[75.2467,24.8218],[75.2519,24.8372],[75.241,24.8469],[75.2277,24.8478],[75.2013,24.8842],[75.2082,24.8978],[75.2082,24.91],[75.2192,24.9065],[75.2197,24.8922],[75.2234,24.89],[75.2412,24.9026],[75.2499,24.8957],[75.248,24.8809],[75.2274,24.8592],[75.2417,24.8609],[75.2789,24.8535],[75.2904,24.8409],[75.3005,24.8152],[75.3057,24.8133],[75.3198,24.8178],[75.3302,24.8317],[75.3441,24.8328],[75.4171,24.8639],[75.4242,24.8928],[75.4075,24.8919],[75.372,24.878],[75.326,24.887],[75.3113,24.8695],[75.2941,24.8714],[75.2881,24.8797],[75.2615,24.8897],[75.2608,24.9053],[75.267,24.9142],[75.2717,24.9179],[75.278,24.9131],[75.2824,24.9225],[75.2931,24.9232],[75.2849,24.9371],[75.2758,24.9403],[75.2772,24.9479],[75.2717,24.9494],[75.2663,24.9619],[75.2759,24.9767],[75.2854,24.9767],[75.2905,24.952],[75.3027,24.9432],[75.3139,24.9004],[75.3375,24.9631],[75.3231,24.9822],[75.3231,25.0009],[75.3189,25.0065],[75.3295,25.0176],[75.3515,25.0252],[75.3501,25.0333],[75.3542,25.0374],[75.3456,25.0428],[75.3105,25.0461],[75.2271,25.0385],[75.2055,25.0424],[75.2006,25.0345],[75.1738,25.0538],[75.167,25.0442],[75.1591,25.0455],[75.1547,25.0289],[75.1653,25.0223],[75.1692,25.01],[75.1644,24.9917],[75.1609,24.9876],[75.138,24.9864],[75.1343,24.9827],[75.1491,24.9812],[75.1335,24.9752],[75.1198,24.9758],[75.1157,24.9654],[75.1194,24.9181],[75.1149,24.9118],[75.1189,24.889],[75.0901,24.8797],[75.0853,24.8889],[75.0735,24.8873],[75.0631,24.8775],[75.0563,24.8819],[75.0599,24.8747],[75.0434,24.8592],[75.0297,24.8605],[75.0126,24.8741],[74.9448,24.8779],[74.9487,24.8948],[74.9308,24.894],[74.9295,24.8879],[74.9201,24.8919],[74.9069,24.9072],[74.9129,24.9284],[74.9043,24.9301],[74.9005,24.9397],[74.8899,24.9415],[74.8847,24.9498],[74.8791,24.9488],[74.8773,24.9394],[74.8672,24.9369],[74.8621,24.9658],[74.8532,24.9747],[74.8464,24.9743],[74.8327,24.9675],[74.8236,24.9285],[74.8271,24.8991],[74.8378,24.8972],[74.8424,24.875],[74.8559,24.8532],[74.859,24.8202],[74.8375,24.8085],[74.8489,24.7927],[74.8579,24.7946],[74.8586,24.8131],[74.8781,24.8132],[74.8847,24.8024],[74.9052,24.7975],[74.91,24.7882],[74.9169,24.7872],[74.9294,24.7955],[74.9704,24.7909],[75.0071,24.7961],[75.0129,24.7938],[75.0214,24.7729],[75.0202,24.7528],[74.9934,24.7527],[74.9908,24.7338],[74.9999,24.7085],[74.9622,24.7008],[74.962,24.6796],[74.9573,24.6827],[74.952,24.6703],[74.943,24.6689],[74.9429,24.6604],[74.9085,24.6616],[74.9025,24.6563],[74.897,24.6656],[74.8929,24.6554],[74.8734,24.6695],[74.8669,24.6905],[74.8598,24.6939],[74.8564,24.7052],[74.8543,24.6967],[74.8498,24.6987],[74.8488,24.7087],[74.8185,24.7653],[74.8098,24.7964],[74.7993,24.7956],[74.8031,24.7549],[74.7801,24.7427],[74.7839,24.7304],[74.7897,24.7266],[74.7832,24.7182],[74.7753,24.6877],[74.7895,24.6789],[74.7923,24.6843],[74.8133,24.6862],[74.8171,24.6717],[74.8087,24.67],[74.8049,24.6596],[74.7949,24.6547],[74.7834,24.6368],[74.7901,24.6108],[74.748,24.5968],[74.7568,24.5546],[74.7485,24.5517],[74.7477,24.5362],[74.7234,24.5312],[74.7119,24.5109],[74.7308,24.51],[74.7507,24.492],[74.7662,24.4907],[74.779,24.4834],[74.7919,24.4933],[74.8168,24.4912],[74.8247,24.4792],[74.8183,24.462],[74.8338,24.4604],[74.8409,24.4672],[74.8581,24.4673],[74.8575,24.4515],[74.827,24.4236],[74.8252,24.4083],[74.8123,24.4092],[74.8023,24.3873],[74.787,24.3717],[74.7817,24.3584],[74.7862,24.3488],[74.7836,24.3168],[74.7575,24.2962],[74.7528,24.2827],[74.7725,24.272],[74.8152,24.277],[74.8533,24.27],[74.8697,24.2807],[74.8943,24.2617],[74.897,24.2492],[74.9073,24.2408],[74.9059,24.2337],[74.8867,24.2249],[74.8811,24.2135],[74.9003,24.1743],[74.9275,24.1572],[74.9235,24.1493],[74.9367,24.139],[74.9362,24.1238],[74.9595,24.1101],[74.9652,24.0827],[74.9794,24.072],[74.9812,24.041],[74.993,24.0297],[74.9878,24.0143],[74.9722,24.0036],[74.9687,23.9797],[74.9415,23.9605],[74.9298,23.941],[74.9213,23.9357],[74.9234,23.9249],[74.9146,23.9125],[74.9057,23.8739],[74.9069,23.8564],[74.9158,23.8457],[74.9103,23.8008],[74.9276,23.7983],[74.9299,23.7942],[74.9395,23.7707],[74.9319,23.7564],[74.9406,23.7349],[74.9242,23.7192],[74.9231,23.6966],[74.9076,23.6828],[74.9242,23.6685],[74.9306,23.6482],[74.939,23.6432],[74.9397,23.6304],[74.9219,23.6223],[74.906,23.623],[74.898,23.6122],[74.8861,23.6064],[74.8746,23.5901],[74.8726,23.5782],[74.8454,23.5542],[74.8029,23.5341],[74.7963,23.5463],[74.785,23.548],[74.7741,23.5433],[74.7639,23.5247],[74.7424,23.5195],[74.7337,23.5005],[74.7007,23.5037],[74.6874,23.4958],[74.6837,23.4866],[74.6693,23.4839],[74.6547,23.4644],[74.6134,23.4614],[74.6131,23.4516],[74.5985,23.4298],[74.574,23.4225],[74.5707,23.3778],[74.5602,23.3645],[74.5458,23.3638],[74.5427,23.3387],[74.5183,23.3287],[74.5192,23.3219],[74.5337,23.323],[74.5357,23.3095],[74.5535,23.2825],[74.5719,23.3009],[74.5868,23.2845],[74.6223,23.2813],[74.6321,23.2634],[74.6462,23.2597],[74.6731,23.2749],[74.7011,23.2721],[74.7033,23.2616],[74.7222,23.2425],[74.6955,23.2286],[74.695,23.2231],[74.7243,23.2201],[74.7458,23.2327],[74.7508,23.2304],[74.7457,23.2121],[74.7155,23.1947],[74.6692,23.2015],[74.6547,23.182],[74.6257,23.1629],[74.6081,23.1448],[74.5457,23.1321],[74.5475,23.1185],[74.5427,23.1069],[74.5136,23.0959],[74.5123,23.0888],[74.4672,23.0853],[74.4454,23.0929],[74.4332,23.1057],[74.3912,23.112],[74.3611,23.0903],[74.3551,23.0758],[74.3228,23.0627],[74.3102,23.0795],[74.2825,23.095],[74.282,23.1064],[74.2881,23.1187],[74.2776,23.134],[74.2671,23.166],[74.2498,23.1784],[74.246,23.1883],[74.237,23.1827],[74.2075,23.1921],[74.1895,23.1718],[74.1891,23.1579],[74.183,23.1522],[74.1552,23.1578],[74.1457,23.1752],[74.127,23.1789],[74.1225,23.1916],[74.1247,23.2066],[74.1395,23.2268],[74.1338,23.2695],[74.1139,23.2773],[74.1066,23.2941],[74.1017,23.2958],[74.0445,23.2961],[74.0497,23.3071],[74.0477,23.3109],[74.0376,23.3057],[74.0301,23.3199],[74.0327,23.3324],[73.9908,23.3376],[73.9835,23.3598],[73.971,23.3771],[73.9625,23.3814],[73.9473,23.3735],[73.9389,23.3414],[73.8943,23.3371],[73.8949,23.3526],[73.8794,23.3681],[73.8668,23.3958],[73.8365,23.4307],[73.8321,23.4468],[73.7831,23.4346],[73.7647,23.4586],[73.7261,23.4127],[73.7172,23.4188],[73.7042,23.4558],[73.6819,23.4571],[73.6532,23.4405],[73.6328,23.4524],[73.6438,23.4968],[73.6584,23.5041],[73.6573,23.5162],[73.637,23.5311],[73.6371,23.548],[73.6383,23.5626],[73.6512,23.5809],[73.65,23.6077],[73.6607,23.6229],[73.6423,23.6313],[73.619,23.6514],[73.5773,23.6554],[73.5707,23.6535],[73.5322,23.6135],[73.5267,23.6106],[73.5135,23.6168],[73.5011,23.6338],[73.5116,23.6451],[73.5005,23.6507],[73.5072,23.6577],[73.5109,23.6734],[73.5085,23.7033],[73.4793,23.709],[73.4766,23.721],[73.4549,23.7397],[73.4508,23.7526],[73.4322,23.7621],[73.4205,23.7793],[73.4,23.784],[73.3898,23.7693],[73.3759,23.7667],[73.3626,23.7874],[73.3727,23.8219],[73.3695,23.8386],[73.3598,23.8546],[73.3621,23.8619],[73.3961,23.9168],[73.4078,23.9161],[73.4247,23.9311],[73.4204,23.9364],[73.4196,23.9827],[73.4051,23.9905],[73.4106,23.9983],[73.4138,24.0511],[73.3966,24.0725],[73.3696,24.088],[73.3735,24.1281],[73.3608,24.1141],[73.3352,24.1151],[73.3325,24.0737],[73.3266,24.0625],[73.3068,24.0515],[73.291,24.0274],[73.2753,24.028],[73.2564,24.0132],[73.2458,24.0107],[73.2293,24.0281],[73.2006,24.0452],[73.1989,24.0515],[73.2238,24.0982],[73.1976,24.1108],[73.1939,24.1052],[73.1717,24.1113],[73.1234,24.1403],[73.1142,24.1386],[73.1165,24.1529],[73.0827,24.185],[73.082,24.1967],[73.0872,24.2008],[73.0917,24.2209],[73.1112,24.2311],[73.1009,24.2377],[73.1161,24.2626],[73.1389,24.2801],[73.145,24.3079],[73.1512,24.3108],[73.1806,24.3015],[73.187,24.3349],[73.1929,24.3436],[73.2014,24.3341],[73.2111,24.3342],[73.2164,24.3505],[73.2315,24.3647],[73.211,24.3754],[73.1904,24.3558],[73.17,24.3507],[73.1274,24.3688],[73.1112,24.3868],[73.0983,24.3855],[73.085,24.3945],[73.093,24.4131],[73.1062,24.4203],[73.1083,24.4263],[73.1072,24.4568],[73.0985,24.4726],[73.0989,24.4915],[73.0944,24.4947],[73.051,24.4653],[73.0219,24.4651],[73.0128,24.4824],[73.0003,24.4706],[72.981,24.4511],[72.9906,24.4209],[72.9642,24.3922],[72.9633,24.3837],[72.9813,24.3801],[72.9915,24.364],[72.9338,24.3362],[72.9239,24.3263],[72.9006,24.3514],[72.8681,24.3658],[72.8292,24.365],[72.8153,24.3582],[72.7487,24.3575],[72.7325,24.3613],[72.7066,24.3913],[72.6935,24.4193],[72.6926,24.4414],[72.6973,24.4572],[72.693,24.4602],[72.6586,24.4564],[72.5885,24.4725],[72.5742,24.4881],[72.5446,24.5069],[72.5139,24.4646],[72.5117,24.4474],[72.5006,24.4503],[72.51,24.4183],[72.5077,24.4099],[72.4874,24.4054],[72.4647,24.4071],[72.4562,24.4381],[72.4367,24.4605],[72.4386,24.4791],[72.4482,24.4933],[72.4425,24.5043],[72.4211,24.5081],[72.3863,24.5005],[72.3709,24.5288],[72.3749,24.53],[72.3739,24.5374],[72.3655,24.5393],[72.3579,24.5525],[72.3349,24.5587],[72.337,24.5441],[72.2951,24.5384],[72.29,24.5583],[72.2717,24.5502],[72.251,24.5802],[72.2793,24.6],[72.2931,24.5971],[72.3003,24.6002],[72.314,24.5854],[72.326,24.5869],[72.3422,24.5935],[72.3538,24.6181],[72.3402,24.623],[72.331,24.6119],[72.3151,24.6089],[72.3062,24.615],[72.2937,24.6132],[72.2748,24.6222],[72.2489,24.6208],[72.23,24.6329],[72.2083,24.6172],[72.2106,24.6126],[72.2014,24.6162],[72.1859,24.6094],[72.1654,24.6145],[72.1507,24.6341],[72.121,24.632],[72.0849,24.6528],[72.0824,24.6685],[72.0923,24.6748],[72.0853,24.697],[72.0525,24.7058],[72.0409,24.6955],[72.0011,24.683],[71.9899,24.667],[71.9932,24.6531],[71.9442,24.6268],[71.9345,24.6269],[71.9188,24.6462],[71.9172,24.6509],[71.926,24.6587],[71.9201,24.6674],[71.8938,24.6658],[71.8765,24.6752],[71.8628,24.6548],[71.8687,24.6235],[71.8584,24.6042],[71.8466,24.6149],[71.8214,24.6166],[71.8118,24.6218],[71.8174,24.6459],[71.8151,24.6547],[71.8091,24.6659],[71.799,24.6705],[71.7458,24.6543],[71.7163,24.6543],[71.6616,24.6333],[71.6503,24.6399],[71.6406,24.6561],[71.6166,24.6707],[71.5978,24.6639],[71.5772,24.6774],[71.5514,24.6706],[71.537,24.6789],[71.4883,24.6739],[71.4742,24.6632],[71.4515,24.6588],[71.4223,24.6381],[71.407,24.6347],[71.3996,24.627],[71.3898,24.6282],[71.3831,24.6217],[71.3677,24.6273],[71.3567,24.6541],[71.351,24.6532],[71.3216,24.6403],[71.2977,24.6076],[71.1467,24.658],[71.1193,24.6687],[71.1004,24.6833],[71.0729,24.712],[71.0236,24.8212],[70.9455,24.9345],[70.9256,24.9947],[70.8943,25.1441],[70.7664,25.265],[70.7591,25.275],[70.7443,25.321],[70.6742,25.3893],[70.6879,25.5173],[70.6762,25.5239],[70.6811,25.6608],[70.666,25.6972],[70.6469,25.7065],[70.6171,25.7066],[70.5362,25.6767],[70.4598,25.6735],[70.3997,25.6638],[70.2796,25.7013],[70.2445,25.7663],[70.2032,25.8052],[70.178,25.8195],[70.1654,25.8442],[70.0961,25.9443],[70.0805,26.0582],[70.0826,26.0739],[70.0943,26.0974],[70.1452,26.1662],[70.1594,26.1945],[70.1727,26.2451],[70.1646,26.2909],[70.1783,26.3498],[70.176,26.4333],[70.1839,26.4868],[70.1678,26.5506],[70.1389,26.5744],[70.1069,26.5895],[70.0662,26.5993],[70.0248,26.5987],[69.9183,26.5826],[69.8793,26.5811],[69.8154,26.5922],[69.7719,26.6137],[69.7219,26.6538],[69.699,26.6651],[69.5155,26.7401],[69.5077,26.7485],[69.4837,26.8062],[69.5009,26.9003],[69.5132,27.0169],[69.5652,27.1385],[69.5867,27.178],[69.6659,27.2514],[69.8125,27.3596],[69.862,27.4028],[69.9362,27.5021],[70.0163,27.556],[70.1078,27.7669],[70.157,27.834],[70.2076,27.8854],[70.3029,27.9462],[70.3662,28.0082],[70.4838,28.034],[70.5303,28.0325],[70.5626,28.0198],[70.6607,27.9305],[70.6721,27.9143],[70.6728,27.8698],[70.6784,27.8391],[70.7148,27.7763],[70.7577,27.7172],[70.819,27.7043],[70.8842,27.6984],[70.9069,27.7006],[71.034,27.7573],[71.0705,27.7683],[71.1737,27.812],[71.273,27.8419],[71.4097,27.8658],[71.6583,27.8689],[71.8974,27.9574],[71.9119,28.0262],[71.9124,28.0481],[71.9333,28.1269],[71.9959,28.207],[72.1261,28.3035],[72.1561,28.3369],[72.1844,28.358],[72.2088,28.4],[72.302,28.6648],[72.3263,28.6989],[72.3847,28.7639],[72.4027,28.7779],[72.4681,28.8025],[72.5199,28.8286],[72.7113,28.935],[72.9282,29.0199],[72.9438,29.0299],[73,29.1474],[73.0893,29.2491],[73.1913,29.4286],[73.2713,29.557],[73.3914,29.9379],[73.6112,30.0224],[73.7872,30.0664],[73.8377,30.1087],[73.9235,30.1679],[73.958,30.1857],[73.9663,30.195],[73.9608,30.1432],[73.9667,30.1212],[73.9579,30.1196],[73.9182,30.0682],[73.8984,30.0537],[73.8819,30.0112],[73.8811,29.9963],[73.8894,29.9776]]]}},{"type":"Feature","id":"Sikkim","properties":{"name":"Sikkim","type":"State","code":""},"geometry":{"type":"Polygon","coordinates":[[[88.6453,28.0991],[88.6668,28.0741],[88.6858,28.079],[88.7511,28.0733],[88.7823,28.0508],[88.8053,28.0263],[88.8291,28.0152],[88.8409,27.991],[88.8398,27.9652],[88.8441,27.9564],[88.8364,27.9474],[88.8363,27.932],[88.8612,27.9235],[88.8702,27.9024],[88.8814,27.8925],[88.8808,27.8701],[88.8857,27.8613],[88.881,27.839],[88.873,27.8274],[88.8543,27.8165],[88.8575,27.8082],[88.8526,27.7684],[88.8624,27.739],[88.85,27.7175],[88.8386,27.7105],[88.8455,27.7003],[88.8466,27.6689],[88.826,27.6455],[88.8099,27.6419],[88.8055,27.6033],[88.7885,27.5881],[88.7848,27.5754],[88.7671,27.565],[88.7751,27.5376],[88.7886,27.5286],[88.7814,27.4732],[88.7834,27.4556],[88.7947,27.447],[88.7949,27.4328],[88.8032,27.4271],[88.8118,27.4026],[88.8398,27.3782],[88.8588,27.3859],[88.8672,27.3683],[88.881,27.3632],[88.8899,27.3364],[88.9224,27.3263],[88.9095,27.3059],[88.9073,27.2835],[88.8724,27.2588],[88.8304,27.2626],[88.8011,27.2476],[88.8007,27.2207],[88.7896,27.2019],[88.7882,27.1858],[88.7609,27.1752],[88.7598,27.155],[88.7325,27.1374],[88.7178,27.144],[88.7118,27.1652],[88.6915,27.1787],[88.6735,27.1766],[88.6565,27.1624],[88.6388,27.1677],[88.619,27.1879],[88.5915,27.1945],[88.587,27.1905],[88.559,27.1888],[88.5208,27.1782],[88.5298,27.1658],[88.5267,27.1603],[88.532,27.1543],[88.5299,27.1502],[88.5217,27.1503],[88.4956,27.1254],[88.4867,27.1268],[88.4738,27.1207],[88.4545,27.0896],[88.4319,27.0816],[88.3875,27.0984],[88.3523,27.1011],[88.3408,27.1107],[88.3238,27.1049],[88.3188,27.1193],[88.3045,27.1286],[88.2949,27.1248],[88.2774,27.1312],[88.2325,27.1198],[88.2138,27.1351],[88.179,27.1347],[88.1523,27.1117],[88.0927,27.1363],[88.0838,27.145],[88.0833,27.165],[88.0731,27.1744],[88.0675,27.1903],[88.075,27.2008],[88.0582,27.2139],[88.0329,27.221],[88.017,27.2189],[88.0218,27.2355],[88.0275,27.2369],[88.0334,27.2497],[88.0343,27.286],[88.0465,27.2924],[88.0441,27.304],[88.0552,27.3243],[88.0692,27.3356],[88.0603,27.3553],[88.0528,27.3583],[88.0444,27.3707],[88.0494,27.4052],[88.0697,27.425],[88.0826,27.4264],[88.0705,27.4385],[88.0751,27.4452],[88.0681,27.4527],[88.0697,27.4576],[88.0466,27.4784],[88.0463,27.4958],[88.0641,27.5118],[88.06,27.5167],[88.064,27.5251],[88.0698,27.5261],[88.0616,27.5348],[88.0712,27.5461],[88.0718,27.5555],[88.0836,27.5646],[88.0778,27.5718],[88.0871,27.589],[88.1163,27.6104],[88.1226,27.6453],[88.1473,27.6654],[88.1503,27.6812],[88.1574,27.6904],[88.1507,27.702],[88.1581,27.7172],[88.161,27.7406],[88.1812,27.7468],[88.1793,27.7581],[88.186,27.766],[88.1844,27.7745],[88.1999,27.7905],[88.1895,27.8012],[88.1879,27.8103],[88.1757,27.8202],[88.1901,27.8251],[88.1972,27.8355],[88.2039,27.8373],[88.1989,27.8535],[88.1809,27.8564],[88.1513,27.8765],[88.13,27.8815],[88.1263,27.8951],[88.1139,27.9122],[88.1168,27.9258],[88.1289,27.9383],[88.1239,27.9509],[88.1391,27.9635],[88.1736,27.9447],[88.1887,27.9437],[88.1958,27.9471],[88.2035,27.9666],[88.2216,27.964],[88.2297,27.9679],[88.2377,27.9506],[88.2439,27.9485],[88.272,27.9584],[88.2804,27.9678],[88.3048,27.97],[88.3162,27.9797],[88.3452,27.9895],[88.3638,27.9881],[88.3888,27.9778],[88.402,27.9836],[88.4265,28.0081],[88.4616,28.0198],[88.4717,28.0368],[88.4831,28.0456],[88.5011,28.0489],[88.5278,28.0368],[88.5389,28.0389],[88.5518,28.0638],[88.5545,28.0848],[88.5669,28.089],[88.5748,28.0856],[88.6165,28.1037],[88.6075,28.1276],[88.6212,28.131],[88.6269,28.1272],[88.6377,28.1044],[88.6453,28.0991]]]}},{"type":"Feature","id":"Tamil Nadu","properties":{"name":"Tamil Nadu","type":"State","code":""},"geometry":{"type":"MultiPolygon","coordinates":[[[[77.556,8.079],[77.5532,8.0774],[77.556,8.079]]],[[[78.1154,8.6168],[78.1207,8.6143],[78.1174,8.6101],[78.1099,8.6146],[78.1154,8.6168]]],[[[78.1212,8.6174],[78.1212,8.6174]]],[[[78.1201,8.6379],[78.1224,8.6354],[78.1157,8.6285],[78.1218,8.6279],[78.1221,8.634],[78.1229,8.6293],[78.1179,8.6174],[78.1199,8.6274],[78.1151,8.626],[78.1113,8.6324],[78.1201,8.6379]]],[[[78.1276,8.6479],[78.1282,8.6429],[78.1276,8.6479]]],[[[78.1171,8.6565],[78.1246,8.6496],[78.124,8.6382],[78.1199,8.6413],[78.1224,8.6443],[78.1171,8.6424],[78.1171,8.6565]]],[[[78.2085,8.841],[78.2115,8.8354],[78.2085,8.841]]],[[[78.2249,8.8738],[78.2274,8.8674],[78.2249,8.8738]]],[[[78.2529,8.9579],[78.2546,8.9529],[78.2529,8.9579]]],[[[78.4918,9.0932],[78.4932,9.0857],[78.4879,9.0901],[78.4918,9.0932]]],[[[78.5393,9.106],[78.5351,9.1021],[78.5393,9.106]]],[[[78.5804,9.1124],[78.5863,9.1087],[78.5718,9.1021],[78.5804,9.1124]]],[[[78.4879,9.1349],[78.4854,9.1307],[78.4879,9.1349]]],[[[78.6963,9.1551],[78.6932,9.1512],[78.6963,9.1551]]],[[[78.7307,9.1563],[78.7318,9.1513],[78.7307,9.1563]]],[[[78.8282,9.1713],[78.8285,9.1654],[78.8149,9.1579],[78.8282,9.1713]]],[[[78.9407,9.1846],[78.8985,9.1793],[78.9049,9.1835],[78.9407,9.1846]]],[[[78.9677,9.1893],[78.9685,9.184],[78.9677,9.1893]]],[[[79.0701,9.2082],[79.0687,9.2054],[79.0815,9.2007],[79.0863,9.1938],[79.0893,9.1999],[79.0915,9.196],[79.0851,9.1918],[79.0679,9.1999],[79.0582,9.1971],[79.0701,9.2082]]],[[[79.1421,9.2149],[79.1385,9.2124],[79.1421,9.2149]]],[[[79.1257,9.2179],[79.136,9.2149],[79.1212,9.2154],[79.1257,9.2179]]],[[[79.2324,9.2446],[79.2393,9.241],[79.2346,9.2396],[79.2324,9.2446]]],[[[79.184,9.249],[79.1832,9.2415],[79.1982,9.2335],[79.2012,9.2407],[79.2015,9.234],[79.181,9.2401],[79.1793,9.2465],[79.184,9.249]]],[[[79.219,9.251],[79.2221,9.2471],[79.201,9.2413],[79.2076,9.2493],[79.219,9.251]]],[[[79.3124,9.3285],[79.3349,9.3126],[79.3279,9.2943],[79.3146,9.2824],[79.3262,9.2615],[79.4299,9.1738],[79.4401,9.1615],[79.4149,9.1835],[79.4399,9.1582],[79.3435,9.224],[79.2974,9.2474],[79.2482,9.2601],[79.224,9.2593],[79.2146,9.254],[79.2213,9.2671],[79.2132,9.2735],[79.2057,9.2726],[79.2043,9.2774],[79.2204,9.2921],[79.2676,9.2932],[79.2793,9.3121],[79.3124,9.3285]]],[[[79.5293,9.384],[79.5293,9.384]]],[[[79.5301,9.386],[79.5301,9.386]]],[[[79.5301,9.386],[79.5301,9.386]]],[[[79.5299,9.3888],[79.5299,9.3888]]],[[[79.5299,9.3888],[79.5299,9.3888]]],[[[79.5293,9.3893],[79.5293,9.3893]]],[[[79.5293,9.3893],[79.5293,9.3893]]],[[[79.5286,9.3899],[79.5286,9.3899]]],[[[79.7068,10.2882],[79.7068,10.2851],[79.7024,10.2871],[79.7068,10.2882]]],[[[79.6979,10.2901],[79.7007,10.2882],[79.6979,10.2901]]],[[[79.6957,10.291],[79.6957,10.291]]],[[[79.6912,10.2979],[79.6904,10.2935],[79.6912,10.2979]]],[[[79.686,10.2985],[79.6849,10.2954],[79.686,10.2985]]],[[[79.6226,10.2999],[79.6293,10.2982],[79.6226,10.2999]]],[[[79.6082,10.3026],[79.6082,10.3026]]],[[[79.6188,10.3088],[79.6162,10.3065],[79.6188,10.3088]]],[[[79.624,10.3088],[79.6212,10.3054],[79.624,10.3088]]],[[[79.6315,10.3088],[79.6279,10.3068],[79.6315,10.3088]]],[[[79.6999,10.3096],[79.7107,10.3074],[79.7038,10.3038],[79.6999,10.3096]]],[[[79.6774,10.3099],[79.6826,10.3054],[79.6696,10.3065],[79.6774,10.3099]]],[[[79.6899,10.3104],[79.6924,10.3043],[79.6899,10.3104]]],[[[79.6088,10.3113],[79.6051,10.3063],[79.6088,10.3113]]],[[[79.696,10.3213],[79.7026,10.3157],[79.7165,10.3151],[79.716,10.3115],[79.6907,10.3151],[79.6888,10.3187],[79.696,10.3213]]],[[[79.6321,10.3332],[79.6276,10.326],[79.6321,10.3332]]],[[[79.6257,10.3438],[79.6282,10.3368],[79.6257,10.3438]]],[[[79.839,11.2365],[79.8421,11.234],[79.8373,11.2332],[79.839,11.2365]]],[[[79.8271,11.2374],[79.8238,11.2346],[79.8271,11.2374]]],[[[79.9912,12.2513],[79.9851,12.2451],[79.9912,12.2513]]],[[[80.3229,13.4385],[80.3249,13.4343],[80.3229,13.4385]]],[[[80.0758,13.5268],[80.0877,13.5266],[80.1004,13.5052],[80.1279,13.499],[80.1521,13.4789],[80.1941,13.4762],[80.2118,13.4823],[80.2409,13.4702],[80.2599,13.4474],[80.268,13.4143],[80.2779,13.4075],[80.2802,13.4003],[80.2741,13.3984],[80.276,13.3891],[80.2931,13.3834],[80.3121,13.3694],[80.3165,13.3764],[80.3115,13.4218],[80.3163,13.4285],[80.3207,13.4165],[80.3171,13.4118],[80.3215,13.4129],[80.3265,13.399],[80.3224,13.3899],[80.3299,13.3871],[80.3304,13.3779],[80.3243,13.3707],[80.329,13.3665],[80.331,13.3913],[80.3193,13.4238],[80.326,13.4293],[80.3262,13.4426],[80.3296,13.4001],[80.346,13.326],[80.3449,13.2732],[80.3385,13.2676],[80.331,13.2357],[80.3171,13.2313],[80.3138,13.2465],[80.3132,13.2315],[80.3176,13.226],[80.3063,13.2151],[80.3082,13.2113],[80.3179,13.2238],[80.3115,13.209],[80.3204,13.2265],[80.3335,13.2354],[80.299,13.1393],[80.2976,13.124],[80.3051,13.1071],[80.3018,13.1051],[80.3018,13.1129],[80.2985,13.1018],[80.3015,13.0988],[80.2957,13.0935],[80.301,13.0926],[80.306,13.1015],[80.3032,13.0896],[80.2899,13.0682],[80.2851,13.0688],[80.2876,13.0637],[80.2821,13.0565],[80.2774,13.0157],[80.2668,13.0132],[80.2771,13.011],[80.2712,13.0004],[80.2585,12.936],[80.2479,12.8052],[80.2412,12.8063],[80.2326,12.8463],[80.2393,12.8101],[80.2321,12.7965],[80.2318,12.7849],[80.2379,12.784],[80.2387,12.8007],[80.2482,12.8026],[80.2549,12.7879],[80.2535,12.7771],[80.1854,12.5776],[80.1707,12.5851],[80.1754,12.5935],[80.1715,12.591],[80.1715,12.5971],[80.1815,12.6099],[80.1776,12.6043],[80.1649,12.6037],[80.1679,12.6004],[80.1635,12.594],[80.1701,12.594],[80.1612,12.5854],[80.1846,12.5746],[80.1657,12.5249],[80.156,12.4668],[80.116,12.4051],[80.0507,12.326],[80.064,12.3499],[80.0568,12.3562],[80.0582,12.3674],[80.0443,12.3638],[80.0418,12.354],[80.0171,12.3404],[80.021,12.3388],[80.0174,12.331],[80.0104,12.3282],[80.0137,12.3226],[80.0271,12.3343],[80.0452,12.3365],[80.0551,12.3488],[80.0632,12.3513],[80.0093,12.2565],[80.0121,12.2654],[80.0046,12.261],[80.0115,12.2726],[80.0029,12.2579],[79.9865,12.2515],[79.9826,12.2438],[79.9446,12.2201],[79.9565,12.2118],[79.9621,12.2226],[79.9779,12.2315],[79.9962,12.2515],[80.0071,12.2546],[79.8849,12.0649],[79.8493,11.9876],[79.8376,11.9406],[79.811,11.9425],[79.8046,11.9631],[79.7997,11.9643],[79.7924,11.9571],[79.7876,11.9384],[79.7788,11.9464],[79.7718,11.9464],[79.7642,11.9346],[79.7478,11.9289],[79.7475,11.9152],[79.7369,11.9072],[79.7336,11.9472],[79.7145,11.9553],[79.7157,11.9675],[79.7269,11.9625],[79.7424,11.967],[79.7524,11.9761],[79.7496,11.9861],[79.7347,11.9943],[79.7249,11.9779],[79.7058,11.9774],[79.6908,11.9963],[79.6916,12.0174],[79.679,12.0193],[79.6765,12.0129],[79.6633,12.0064],[79.6593,11.9969],[79.6473,11.9972],[79.6423,11.9758],[79.6512,11.972],[79.6596,11.9771],[79.6654,11.9675],[79.6711,11.9748],[79.6991,11.9721],[79.6953,11.961],[79.7016,11.9522],[79.6831,11.9465],[79.6782,11.9365],[79.6978,11.9167],[79.6946,11.9313],[79.706,11.9287],[79.7041,11.913],[79.7249,11.8915],[79.716,11.8867],[79.7154,11.875],[79.6915,11.8784],[79.6917,11.8978],[79.7025,11.8984],[79.7026,11.9025],[79.6829,11.9047],[79.6799,11.8793],[79.6687,11.8746],[79.6604,11.8773],[79.6591,11.8657],[79.6957,11.8734],[79.6935,11.8539],[79.7038,11.8383],[79.7067,11.8471],[79.7303,11.8469],[79.7278,11.8323],[79.7384,11.835],[79.7436,11.8597],[79.7498,11.8605],[79.755,11.8578],[79.7557,11.8505],[79.7473,11.8327],[79.7521,11.8245],[79.7604,11.823],[79.7671,11.8405],[79.7818,11.8403],[79.794,11.8302],[79.793,11.8177],[79.8007,11.8076],[79.7871,11.7376],[79.7746,11.7104],[79.7774,11.706],[79.7613,11.621],[79.7568,11.6176],[79.7604,11.6154],[79.7571,11.5638],[79.7637,11.5274],[79.8074,11.4446],[79.8274,11.3629],[79.8118,11.3707],[79.8096,11.3838],[79.8107,11.371],[79.8218,11.3571],[79.8243,11.3596],[79.8332,11.3535],[79.8357,11.3626],[79.8379,11.3568],[79.8376,11.3001],[79.8465,11.244],[79.8443,11.239],[79.8332,11.2354],[79.8243,11.2413],[79.8274,11.2382],[79.8179,11.2315],[79.8046,11.2363],[79.814,11.2307],[79.834,11.2343],[79.8332,11.2296],[79.8396,11.2321],[79.8401,11.229],[79.846,11.2324],[79.8476,11.2429],[79.859,11.1399],[79.8551,10.9776],[79.8345,10.9767],[79.8244,10.9795],[79.8248,10.9866],[79.8139,10.9871],[79.8098,10.9821],[79.8015,10.9862],[79.7919,10.9809],[79.7871,10.9698],[79.7772,10.9679],[79.7723,10.9796],[79.7526,10.9799],[79.7372,10.9891],[79.7302,10.9851],[79.7302,10.971],[79.7438,10.967],[79.7381,10.9586],[79.7446,10.9545],[79.7455,10.9433],[79.7327,10.9412],[79.7267,10.9524],[79.7037,10.9519],[79.7044,10.9352],[79.7148,10.9341],[79.7192,10.9405],[79.7212,10.9353],[79.7042,10.9189],[79.7208,10.9107],[79.7196,10.9058],[79.7259,10.9069],[79.7269,10.8975],[79.743,10.8994],[79.743,10.8819],[79.7479,10.8952],[79.7542,10.8867],[79.7519,10.8809],[79.7605,10.8832],[79.7612,10.8914],[79.7732,10.8896],[79.7764,10.8817],[79.767,10.8728],[79.7756,10.8758],[79.7803,10.8713],[79.809,10.8674],[79.8114,10.8644],[79.7896,10.8618],[79.8075,10.8527],[79.8082,10.8489],[79.7994,10.8447],[79.7923,10.8488],[79.7911,10.8457],[79.8059,10.828],[79.812,10.8328],[79.8133,10.8141],[79.8512,10.8138],[79.8532,10.6538],[79.866,10.4163],[79.8829,10.3024],[79.8671,10.2863],[79.8357,10.2754],[79.7429,10.2751],[79.7415,10.2785],[79.7465,10.2796],[79.7557,10.2754],[79.7471,10.2824],[79.751,10.2901],[79.7588,10.2901],[79.7604,10.2824],[79.7699,10.2879],[79.7849,10.2807],[79.7849,10.2874],[79.7637,10.301],[79.7571,10.3121],[79.7785,10.3024],[79.7613,10.3132],[79.7301,10.311],[79.7104,10.3252],[79.6365,10.3182],[79.6351,10.3354],[79.6274,10.3454],[79.6299,10.3632],[79.624,10.3588],[79.6204,10.3438],[79.6104,10.3415],[79.6207,10.3407],[79.6221,10.334],[79.6135,10.3174],[79.5968,10.3088],[79.5512,10.3124],[79.6624,10.289],[79.6657,10.2912],[79.6626,10.2982],[79.6687,10.3018],[79.6663,10.2954],[79.6735,10.3015],[79.6907,10.2921],[79.6818,10.2901],[79.7087,10.2832],[79.7085,10.2868],[79.7138,10.2868],[79.739,10.2774],[79.7271,10.274],[79.5265,10.3054],[79.5251,10.3154],[79.5379,10.3121],[79.5496,10.3168],[79.5532,10.329],[79.5593,10.3324],[79.5865,10.3279],[79.5888,10.3326],[79.5871,10.3435],[79.5762,10.3407],[79.5451,10.3479],[79.5429,10.339],[79.5382,10.3471],[79.5435,10.3376],[79.5343,10.336],[79.5435,10.3243],[79.5257,10.3185],[79.5071,10.3251],[79.524,10.3279],[79.5285,10.3246],[79.5274,10.3304],[79.5104,10.3299],[79.5124,10.3376],[79.5018,10.3338],[79.5037,10.3215],[79.4951,10.3215],[79.4962,10.3279],[79.4954,10.3187],[79.4874,10.3279],[79.4949,10.3307],[79.4874,10.3301],[79.4865,10.3357],[79.4576,10.3379],[79.456,10.3421],[79.4551,10.3363],[79.4665,10.339],[79.4807,10.334],[79.4865,10.3263],[79.4582,10.3271],[79.4571,10.3204],[79.5179,10.316],[79.5124,10.309],[79.3857,10.3168],[79.3696,10.2949],[79.3585,10.3021],[79.366,10.2921],[79.351,10.286],[79.3476,10.296],[79.3474,10.2868],[79.3299,10.2838],[79.3085,10.2643],[79.2949,10.2607],[79.2679,10.2324],[79.2701,10.2251],[79.2801,10.2207],[79.2813,10.2137],[79.2426,10.1832],[79.2379,10.1693],[79.2399,10.1543],[79.2301,10.1499],[79.229,10.1443],[79.2301,10.131],[79.2371,10.1287],[79.2282,10.1132],[79.229,10.0907],[79.2365,10.074],[79.2524,10.0665],[79.2526,10.0485],[79.2674,10.0379],[79.2426,10.0251],[79.2043,9.9832],[79.1993,9.9712],[79.1551,9.9324],[79.1521,9.9174],[79.1279,9.894],[79.119,9.8757],[79.1249,9.8629],[79.1218,9.8546],[79.1074,9.8376],[79.0912,9.8276],[79.079,9.8007],[79.0579,9.7726],[79.0368,9.7618],[78.9815,9.6904],[78.9599,9.6304],[78.9351,9.6085],[78.9293,9.594],[78.9187,9.5429],[78.9226,9.5299],[78.9149,9.5088],[78.9149,9.494],[78.8982,9.489],[78.9015,9.4668],[78.9354,9.4113],[78.9776,9.3651],[79.019,9.3293],[79.0685,9.2987],[79.1093,9.2885],[79.1324,9.2871],[79.1401,9.2924],[79.1612,9.284],[79.1907,9.2818],[79.1479,9.2765],[79.0938,9.2599],[79.0654,9.2607],[78.9846,9.2749],[78.9551,9.2724],[78.9257,9.266],[78.9088,9.2501],[78.8732,9.2565],[78.8349,9.2451],[78.8301,9.2543],[78.8326,9.2688],[78.8288,9.2549],[78.8324,9.2432],[78.7276,9.2088],[78.7176,9.2001],[78.7185,9.1901],[78.6712,9.1985],[78.6579,9.1924],[78.6424,9.1738],[78.6507,9.1593],[78.6574,9.1576],[78.6143,9.1521],[78.5782,9.1313],[78.5387,9.1374],[78.484,9.1279],[78.489,9.1329],[78.4887,9.1501],[78.4818,9.1274],[78.4576,9.1265],[78.4107,9.1118],[78.371,9.081],[78.3637,9.0871],[78.3654,9.0921],[78.3624,9.0868],[78.3674,9.0776],[78.2882,9.0154],[78.271,9.0054],[78.2682,9.0163],[78.261,9.0188],[78.2665,9.0163],[78.2671,9.0032],[78.2354,8.9832],[78.209,8.9593],[78.1857,8.9221],[78.1799,8.8926],[78.1687,8.8821],[78.1643,8.8388],[78.1682,8.8268],[78.1637,8.8201],[78.1637,8.8024],[78.1593,8.8038],[78.1637,8.7832],[78.1604,8.7871],[78.1624,8.7752],[78.159,8.7774],[78.1576,8.771],[78.1637,8.7738],[78.1801,8.7674],[78.1871,8.7765],[78.1815,8.7715],[78.191,8.7654],[78.1985,8.7749],[78.1943,8.7713],[78.1915,8.789],[78.1985,8.789],[78.199,8.7643],[78.2235,8.756],[78.2301,8.7488],[78.1976,8.7632],[78.2018,8.7515],[78.2096,8.7476],[78.2162,8.7515],[78.2149,8.7451],[78.2235,8.746],[78.216,8.7426],[78.1937,8.7526],[78.1913,8.7479],[78.1704,8.7449],[78.1579,8.7293],[78.1546,8.7118],[78.1354,8.6888],[78.1321,8.6665],[78.1254,8.661],[78.1307,8.6629],[78.1276,8.6504],[78.1215,8.6532],[78.1237,8.6571],[78.1263,8.6543],[78.1254,8.6596],[78.1196,8.659],[78.1226,8.6624],[78.1051,8.6521],[78.1143,8.6507],[78.1135,8.6429],[78.1007,8.6401],[78.1082,8.6346],[78.1012,8.6288],[78.1018,8.6149],[78.1071,8.6138],[78.1012,8.6121],[78.0968,8.6021],[78.1026,8.6013],[78.1018,8.5962],[78.0951,8.5979],[78.0965,8.5813],[78.1074,8.5796],[78.1099,8.5849],[78.1149,8.5799],[78.1196,8.5885],[78.136,8.5921],[78.1315,8.5982],[78.1257,8.5949],[78.1293,8.6024],[78.1232,8.5976],[78.124,8.5926],[78.1129,8.5857],[78.1018,8.5924],[78.106,8.594],[78.1043,8.6032],[78.1104,8.6124],[78.1165,8.6076],[78.1118,8.6001],[78.1224,8.5982],[78.1168,8.6054],[78.1246,8.6057],[78.121,8.6129],[78.126,8.6188],[78.121,8.6229],[78.1274,8.6385],[78.1276,8.6163],[78.1387,8.5888],[78.1224,8.5218],[78.1304,8.4971],[78.0887,8.4543],[78.0651,8.4199],[78.0557,8.3813],[78.0496,8.3804],[78.0671,8.3749],[78.0668,8.3704],[78.0229,8.359],[77.9824,8.3413],[77.9568,8.3235],[77.9538,8.314],[77.901,8.286],[77.889,8.2732],[77.8024,8.2401],[77.804,8.2482],[77.7993,8.2343],[77.7821,8.2204],[77.7813,8.2004],[77.7518,8.1863],[77.7546,8.1832],[77.7462,8.1771],[77.7162,8.1657],[77.6501,8.1601],[77.5757,8.1357],[77.5593,8.1196],[77.5587,8.0965],[77.5649,8.0999],[77.566,8.0921],[77.5526,8.0843],[77.551,8.0765],[77.4337,8.0971],[77.3351,8.126],[77.324,8.1263],[77.316,8.121],[77.3057,8.1279],[77.2965,8.1496],[77.2621,8.1699],[77.2393,8.1765],[77.2224,8.1974],[77.1846,8.2193],[77.1668,8.2449],[77.0907,8.2974],[77.1047,8.3016],[77.1009,8.3117],[77.1219,8.3229],[77.1498,8.3219],[77.1597,8.3125],[77.1511,8.3309],[77.1568,8.3452],[77.1546,8.3514],[77.1475,8.3546],[77.1358,8.3457],[77.1432,8.3623],[77.1348,8.3785],[77.1407,8.3828],[77.1494,8.3754],[77.1537,8.3774],[77.1798,8.4091],[77.1827,8.4275],[77.1887,8.4347],[77.2095,8.4377],[77.2091,8.4507],[77.1988,8.4602],[77.1865,8.4934],[77.1986,8.5039],[77.2064,8.5044],[77.2226,8.4883],[77.2475,8.5014],[77.2652,8.5375],[77.2515,8.571],[77.2284,8.5978],[77.2283,8.6129],[77.2187,8.6184],[77.1903,8.6549],[77.1877,8.6838],[77.1793,8.6996],[77.1617,8.7152],[77.1553,8.7376],[77.1572,8.7408],[77.1627,8.7352],[77.1765,8.735],[77.1837,8.7481],[77.183,8.7611],[77.1978,8.7577],[77.2022,8.7609],[77.1984,8.7695],[77.2147,8.7758],[77.2174,8.797],[77.2274,8.8006],[77.247,8.8319],[77.2404,8.8515],[77.2415,8.8648],[77.2271,8.8718],[77.2215,8.8881],[77.2063,8.8932],[77.202,8.9067],[77.2074,8.9139],[77.2047,8.9174],[77.1939,8.9219],[77.1848,8.9102],[77.1804,8.9157],[77.1802,8.947],[77.1747,8.9569],[77.1632,8.9623],[77.1584,8.9782],[77.1469,8.987],[77.1432,8.9979],[77.1342,9],[77.1322,9.0119],[77.1469,9.0216],[77.1453,9.0272],[77.1538,9.0366],[77.1821,9.0365],[77.1802,9.0448],[77.1928,9.065],[77.1897,9.0752],[77.1959,9.0884],[77.2094,9.0976],[77.2117,9.1064],[77.2302,9.1148],[77.2377,9.13],[77.2518,9.143],[77.2484,9.1758],[77.2366,9.1792],[77.2397,9.19],[77.2503,9.1902],[77.2668,9.2088],[77.2595,9.2244],[77.2676,9.2624],[77.2741,9.2632],[77.2668,9.2909],[77.2835,9.3009],[77.2868,9.3081],[77.2841,9.3275],[77.3113,9.3279],[77.3097,9.3346],[77.323,9.3586],[77.3198,9.3761],[77.3258,9.3787],[77.3276,9.3898],[77.3217,9.4057],[77.3346,9.4239],[77.3343,9.4311],[77.3516,9.4497],[77.3636,9.4433],[77.3786,9.4508],[77.3774,9.4587],[77.3868,9.4674],[77.3855,9.4862],[77.3962,9.4965],[77.3949,9.5044],[77.3864,9.5068],[77.3868,9.5167],[77.3707,9.5087],[77.3505,9.5263],[77.3488,9.5462],[77.3381,9.5503],[77.3359,9.5568],[77.3453,9.5673],[77.3409,9.5776],[77.3432,9.5848],[77.3513,9.588],[77.3409,9.5951],[77.3248,9.5632],[77.3107,9.5704],[77.3108,9.5845],[77.3149,9.5886],[77.3043,9.593],[77.275,9.581],[77.2753,9.5766],[77.255,9.565],[77.2299,9.5759],[77.2228,9.5728],[77.2054,9.5923],[77.1966,9.5957],[77.1959,9.6042],[77.186,9.6059],[77.1746,9.5972],[77.1519,9.606],[77.1622,9.6198],[77.1657,9.6482],[77.1796,9.6604],[77.1917,9.6862],[77.1899,9.7155],[77.2082,9.7217],[77.206,9.7375],[77.2124,9.7554],[77.2186,9.76],[77.2107,9.7664],[77.2098,9.7799],[77.234,9.7885],[77.2271,9.8063],[77.2195,9.8088],[77.219,9.8133],[77.2089,9.8145],[77.2138,9.8385],[77.2237,9.843],[77.2237,9.849],[77.2092,9.8538],[77.1991,9.866],[77.2065,9.8778],[77.2044,9.8943],[77.2169,9.9058],[77.2347,9.9428],[77.2499,9.9425],[77.2614,9.9637],[77.2498,9.9728],[77.2508,9.9814],[77.2451,9.9862],[77.2477,9.9948],[77.2409,10.0001],[77.2481,10.0202],[77.2182,10.0569],[77.1952,10.0735],[77.1881,10.0957],[77.1946,10.1062],[77.2033,10.1036],[77.2251,10.1185],[77.2533,10.1114],[77.2598,10.1191],[77.2574,10.1359],[77.2644,10.1797],[77.2697,10.1968],[77.2804,10.2073],[77.27,10.2243],[77.2556,10.2255],[77.2465,10.2206],[77.2448,10.2452],[77.2505,10.2538],[77.2145,10.3058],[77.2222,10.3403],[77.163,10.3463],[77.1083,10.3072],[77.0922,10.3043],[77.0519,10.2855],[77.0533,10.2799],[77.0461,10.2743],[77.0338,10.2722],[77.0425,10.262],[77.0386,10.2482],[77.0067,10.2364],[76.9708,10.2087],[76.9588,10.2187],[76.9392,10.2211],[76.9278,10.2296],[76.9055,10.2248],[76.8987,10.2326],[76.8923,10.2327],[76.8846,10.2551],[76.8623,10.2671],[76.8643,10.29],[76.8507,10.2828],[76.8406,10.2836],[76.8385,10.2776],[76.83,10.2911],[76.8197,10.2952],[76.8257,10.3342],[76.8358,10.3464],[76.8393,10.3597],[76.8157,10.3865],[76.8226,10.3941],[76.8215,10.4034],[76.815,10.4018],[76.8073,10.4149],[76.8175,10.4385],[76.8203,10.4907],[76.8314,10.5246],[76.8245,10.5376],[76.8302,10.553],[76.8255,10.5616],[76.8297,10.5851],[76.8086,10.5945],[76.8096,10.6043],[76.8033,10.6141],[76.805,10.6263],[76.8525,10.6239],[76.8726,10.6294],[76.8702,10.6641],[76.8555,10.6753],[76.875,10.7067],[76.8837,10.7074],[76.8804,10.7261],[76.8931,10.7504],[76.8975,10.7708],[76.8883,10.7999],[76.86,10.7998],[76.8526,10.8085],[76.8404,10.8077],[76.8371,10.8155],[76.8452,10.8265],[76.8176,10.8618],[76.7853,10.8715],[76.773,10.8816],[76.7619,10.8798],[76.744,10.8849],[76.7327,10.881],[76.7004,10.9008],[76.6749,10.9064],[76.6492,10.9242],[76.6474,10.929],[76.6573,10.9387],[76.6604,10.9605],[76.6778,10.9797],[76.6798,10.9994],[76.6904,11.0175],[76.7065,11.0314],[76.757,11.0246],[76.7818,11.029],[76.7925,11.0424],[76.79,11.0497],[76.7754,11.0343],[76.7672,11.0322],[76.7548,11.0392],[76.7511,11.0468],[76.7371,11.0475],[76.7345,11.0639],[76.748,11.0751],[76.7457,11.0839],[76.7386,11.084],[76.7341,11.0934],[76.7406,11.1099],[76.7387,11.1213],[76.7349,11.1251],[76.7222,11.1225],[76.7098,11.1403],[76.703,11.1418],[76.7036,11.132],[76.6967,11.1327],[76.6912,11.1445],[76.686,11.1577],[76.689,11.1651],[76.7064,11.1796],[76.7138,11.178],[76.7212,11.1845],[76.718,11.1983],[76.7256,11.2089],[76.697,11.2313],[76.6794,11.227],[76.6782,11.2188],[76.6682,11.2107],[76.623,11.1857],[76.5933,11.1975],[76.5212,11.1903],[76.506,11.202],[76.4876,11.2028],[76.4659,11.1987],[76.4665,11.1861],[76.4527,11.1802],[76.438,11.1946],[76.4429,11.2001],[76.4464,11.2305],[76.5135,11.262],[76.522,11.2812],[76.5402,11.2923],[76.5305,11.2957],[76.5285,11.3035],[76.5398,11.321],[76.5382,11.3516],[76.5095,11.3466],[76.5101,11.3612],[76.4484,11.3814],[76.4082,11.4148],[76.4104,11.4336],[76.3906,11.428],[76.3615,11.448],[76.3337,11.4587],[76.3209,11.4447],[76.298,11.4589],[76.289,11.4563],[76.2841,11.4624],[76.2877,11.466],[76.2781,11.4745],[76.2661,11.4687],[76.2579,11.4732],[76.2401,11.4596],[76.2448,11.4943],[76.2332,11.5187],[76.243,11.5242],[76.2425,11.5288],[76.2257,11.5644],[76.271,11.5929],[76.2779,11.5835],[76.2906,11.5806],[76.2938,11.565],[76.2979,11.5643],[76.3286,11.5886],[76.3356,11.5783],[76.3501,11.5827],[76.3707,11.5935],[76.3801,11.6224],[76.4248,11.6233],[76.4356,11.6377],[76.4235,11.6593],[76.4514,11.6551],[76.4737,11.6781],[76.4738,11.6842],[76.4853,11.6823],[76.5042,11.698],[76.5404,11.6705],[76.5536,11.6129],[76.5601,11.6101],[76.5748,11.6057],[76.581,11.6094],[76.6079,11.6004],[76.7354,11.6052],[76.7463,11.6105],[76.8165,11.5972],[76.8335,11.587],[76.8373,11.5745],[76.8509,11.6018],[76.8383,11.6158],[76.8388,11.6234],[76.8297,11.6293],[76.8285,11.6441],[76.8557,11.6943],[76.8536,11.6988],[76.8809,11.7246],[76.8885,11.7504],[76.888,11.7659],[76.8997,11.7833],[76.9358,11.7767],[76.9444,11.7813],[76.9596,11.7652],[76.9748,11.791],[76.9728,11.8011],[77.0044,11.803],[77.0088,11.797],[77.0228,11.795],[77.0317,11.784],[77.0223,11.7647],[77.0276,11.7617],[77.0457,11.7792],[77.0565,11.7771],[77.0619,11.7721],[77.0501,11.7578],[77.0739,11.7295],[77.0716,11.725],[77.0963,11.7231],[77.1093,11.7128],[77.1028,11.7631],[77.1274,11.7609],[77.1372,11.772],[77.1659,11.7742],[77.1897,11.7828],[77.2271,11.7838],[77.2371,11.7882],[77.2417,11.8025],[77.2783,11.7897],[77.2848,11.7984],[77.3261,11.7589],[77.3457,11.7641],[77.3595,11.7788],[77.3819,11.7762],[77.4015,11.764],[77.4125,11.7623],[77.4135,11.7512],[77.4193,11.7507],[77.4207,11.7603],[77.4409,11.7913],[77.4425,11.8065],[77.4563,11.8391],[77.451,11.8443],[77.4552,11.8673],[77.4528,11.8885],[77.4633,11.8873],[77.4769,11.876],[77.4844,11.9324],[77.5237,11.9215],[77.548,11.9308],[77.5733,11.924],[77.5857,11.9295],[77.5914,11.9263],[77.6434,11.9442],[77.6468,11.9387],[77.6647,11.9397],[77.6637,11.953],[77.6895,12.01],[77.7156,12.0485],[77.7461,12.0693],[77.7563,12.092],[77.7664,12.101],[77.767,12.1091],[77.7403,12.1293],[77.7391,12.1479],[77.7195,12.1715],[77.7013,12.1726],[77.6554,12.1878],[77.6289,12.1863],[77.6041,12.1952],[77.5842,12.1888],[77.5558,12.1871],[77.5385,12.1945],[77.5113,12.184],[77.4825,12.1901],[77.4657,12.2023],[77.4737,12.2249],[77.463,12.2358],[77.4635,12.244],[77.4702,12.2619],[77.4784,12.2697],[77.4906,12.2731],[77.5021,12.2663],[77.5183,12.2695],[77.5235,12.281],[77.5427,12.2837],[77.5452,12.2927],[77.5561,12.2972],[77.5686,12.3242],[77.5862,12.3363],[77.5912,12.3492],[77.6038,12.3538],[77.6063,12.3603],[77.6133,12.3978],[77.6201,12.4085],[77.6182,12.4431],[77.6252,12.4773],[77.6173,12.4855],[77.5966,12.4646],[77.5754,12.4684],[77.6064,12.4998],[77.6052,12.5033],[77.5785,12.507],[77.5701,12.5579],[77.5815,12.5842],[77.5821,12.6051],[77.5978,12.621],[77.588,12.6427],[77.5903,12.6575],[77.6543,12.6742],[77.6703,12.6712],[77.6659,12.6644],[77.6693,12.6619],[77.6678,12.6506],[77.6784,12.649],[77.6955,12.6512],[77.7018,12.6583],[77.7038,12.6737],[77.7141,12.6703],[77.7153,12.663],[77.7314,12.664],[77.7332,12.6719],[77.7273,12.6829],[77.7336,12.6915],[77.7502,12.6872],[77.763,12.7145],[77.7517,12.7184],[77.7531,12.7251],[77.7829,12.7388],[77.785,12.7451],[77.7738,12.7511],[77.7716,12.7598],[77.7879,12.7813],[77.7995,12.7869],[77.7914,12.7963],[77.7944,12.8058],[77.8007,12.8056],[77.801,12.8208],[77.788,12.8236],[77.7849,12.8338],[77.792,12.8398],[77.7998,12.8378],[77.8136,12.844],[77.8256,12.859],[77.8823,12.8584],[77.8875,12.8669],[77.9243,12.8778],[77.9287,12.8714],[77.9184,12.8689],[77.9197,12.8635],[77.9336,12.8617],[77.9344,12.856],[77.9153,12.8443],[77.9105,12.8197],[77.933,12.8129],[77.9399,12.8293],[77.9335,12.8448],[77.9456,12.8493],[77.9468,12.8381],[77.958,12.8363],[77.9575,12.8215],[77.9713,12.8226],[77.9813,12.8104],[77.9814,12.7956],[78.0015,12.7954],[78.0056,12.8033],[77.9933,12.8137],[78.0071,12.82],[78.0091,12.8337],[78.0168,12.8335],[78.0149,12.8459],[78.04,12.8382],[78.0467,12.8424],[78.0514,12.8323],[78.0646,12.8302],[78.0659,12.8189],[78.0761,12.8205],[78.0865,12.8033],[78.1145,12.7871],[78.1207,12.77],[78.1365,12.7692],[78.1581,12.7602],[78.1662,12.765],[78.1787,12.7599],[78.184,12.7626],[78.1989,12.7551],[78.2207,12.7526],[78.2272,12.7152],[78.2203,12.7033],[78.1961,12.6967],[78.1988,12.6887],[78.1899,12.6813],[78.2001,12.6756],[78.2281,12.6739],[78.2274,12.6893],[78.2327,12.6938],[78.2644,12.6918],[78.2905,12.6529],[78.3088,12.65],[78.3224,12.6372],[78.3294,12.6384],[78.3683,12.6118],[78.3998,12.6133],[78.4183,12.6206],[78.4249,12.6149],[78.4474,12.6165],[78.4548,12.612],[78.4629,12.6354],[78.4577,12.6623],[78.4741,12.6592],[78.4886,12.6633],[78.4971,12.6765],[78.4863,12.6905],[78.493,12.6937],[78.4934,12.7035],[78.5039,12.6933],[78.5098,12.6988],[78.509,12.7049],[78.4936,12.7112],[78.4844,12.7231],[78.4797,12.73],[78.4844,12.7348],[78.4943,12.7304],[78.5036,12.7134],[78.5074,12.7131],[78.5109,12.7217],[78.5123,12.708],[78.5264,12.7012],[78.5256,12.6948],[78.5209,12.6972],[78.5185,12.6924],[78.5244,12.6797],[78.5477,12.6856],[78.5451,12.6926],[78.5522,12.6971],[78.5455,12.7074],[78.5539,12.7261],[78.5456,12.7286],[78.5503,12.7388],[78.5455,12.7439],[78.5668,12.7522],[78.5657,12.759],[78.5801,12.7672],[78.5825,12.7853],[78.5898,12.7925],[78.5882,12.8048],[78.5977,12.8111],[78.5916,12.8386],[78.6044,12.8574],[78.6122,12.8886],[78.6257,12.9192],[78.6375,12.9159],[78.6467,12.919],[78.629,12.9531],[78.6379,12.9544],[78.6137,12.9789],[78.6373,12.9968],[78.6511,13.0179],[78.6938,13.0044],[78.7024,13.0562],[78.746,13.0454],[78.7775,13.0532],[78.8081,13.0779],[78.8323,13.0696],[78.8584,13.0711],[78.8647,13.0847],[78.876,13.0862],[78.8835,13.082],[78.8819,13.0198],[78.9159,13.0231],[78.9246,13.0186],[78.9287,13.0215],[78.9174,13.0326],[78.8935,13.0351],[78.9009,13.0521],[78.9087,13.0505],[78.9144,13.0678],[78.9301,13.066],[78.9366,13.07],[78.9458,13.0635],[78.9592,13.0654],[78.9647,13.0728],[78.9796,13.0765],[79.0004,13.0579],[79.0228,13.0564],[79.0259,13.0496],[79.0533,13.038],[79.054,13.0282],[79.0691,13.0142],[79.0828,13.0125],[79.1044,13.0242],[79.1193,13.0226],[79.1527,13.0073],[79.1731,13.0193],[79.1765,13.0383],[79.1723,13.0437],[79.1747,13.0497],[79.1694,13.053],[79.1791,13.0601],[79.1889,13.0846],[79.1933,13.0897],[79.2074,13.0914],[79.2183,13.1039],[79.2224,13.116],[79.2147,13.1277],[79.2183,13.1356],[79.2367,13.1268],[79.2433,13.1334],[79.2472,13.1481],[79.2565,13.1365],[79.2674,13.1412],[79.2738,13.1209],[79.285,13.1229],[79.2988,13.1148],[79.2975,13.0974],[79.3079,13.0969],[79.3167,13.1194],[79.3307,13.1212],[79.3353,13.1275],[79.3444,13.1236],[79.3546,13.1298],[79.3467,13.1349],[79.3478,13.163],[79.3612,13.156],[79.3708,13.1686],[79.369,13.1763],[79.3784,13.1824],[79.4238,13.1875],[79.4216,13.2085],[79.4455,13.2168],[79.4425,13.2292],[79.4361,13.2298],[79.4182,13.2185],[79.417,13.2122],[79.4108,13.2122],[79.4087,13.2467],[79.419,13.2663],[79.4184,13.2746],[79.425,13.2813],[79.4218,13.2867],[79.4054,13.2854],[79.3746,13.303],[79.4289,13.3236],[79.4793,13.3215],[79.4872,13.3166],[79.5227,13.3159],[79.5358,13.3111],[79.5414,13.2789],[79.5487,13.2671],[79.5654,13.2494],[79.5803,13.2454],[79.5854,13.2471],[79.5887,13.2604],[79.6011,13.2677],[79.6208,13.259],[79.6296,13.2609],[79.6325,13.2735],[79.6385,13.2762],[79.6534,13.2746],[79.6626,13.2681],[79.6685,13.2819],[79.6843,13.2567],[79.6738,13.247],[79.6733,13.2295],[79.6807,13.2284],[79.6919,13.2385],[79.696,13.2339],[79.6888,13.2074],[79.6996,13.2027],[79.7157,13.2144],[79.7186,13.2226],[79.7228,13.2219],[79.7325,13.215],[79.7383,13.1983],[79.7444,13.1949],[79.7518,13.2048],[79.7736,13.2175],[79.7833,13.2179],[79.7849,13.2235],[79.7754,13.2341],[79.7528,13.2438],[79.7218,13.2657],[79.7213,13.2722],[79.7461,13.28],[79.7541,13.3028],[79.7798,13.2821],[79.7873,13.2846],[79.8003,13.3043],[79.8512,13.3034],[79.8589,13.3137],[79.8706,13.3118],[79.8918,13.3246],[79.9107,13.3437],[79.9255,13.3359],[79.94,13.3581],[79.9397,13.3691],[79.948,13.3672],[79.9536,13.3741],[79.9503,13.382],[79.9356,13.3849],[79.9325,13.4044],[79.936,13.4096],[79.9509,13.4081],[79.9632,13.4179],[79.9619,13.4513],[79.9875,13.4619],[79.9954,13.4595],[80.0059,13.4878],[80.036,13.4845],[80.037,13.4994],[80.0328,13.5018],[80.0136,13.5039],[80.0062,13.5151],[79.9902,13.5101],[79.9897,13.5268],[80.0077,13.5324],[80.0175,13.5251],[80.0454,13.522],[80.051,13.5305],[80.0694,13.5376],[80.0758,13.5268]]]]}},{"type":"Feature","id":"Tripura","properties":{"name":"Tripura","type":"State","code":""},"geometry":{"type":"Polygon","coordinates":[[[92.1852,24.5229],[92.1927,24.5215],[92.2073,24.5066],[92.2116,24.5093],[92.2203,24.5063],[92.2215,24.5015],[92.2309,24.4996],[92.231,24.5041],[92.2343,24.5004],[92.2394,24.4899],[92.2303,24.48],[92.2311,24.4604],[92.236,24.4502],[92.2565,24.4363],[92.256,24.419],[92.2642,24.3976],[92.2731,24.3885],[92.2681,24.3673],[92.2129,24.2493],[92.2966,24.2517],[92.2976,24.2272],[92.3009,24.222],[92.3138,24.2229],[92.3097,24.2148],[92.3246,24.2058],[92.3202,24.2026],[92.3295,24.1912],[92.3286,24.1661],[92.3368,24.1468],[92.3282,24.1386],[92.3324,24.1068],[92.3283,24.0986],[92.3316,24.0988],[92.3291,24.0822],[92.3228,24.0775],[92.3273,24.0745],[92.3168,24.0668],[92.3217,24.0587],[92.3153,24.0487],[92.3141,24.0347],[92.3193,24.0313],[92.3167,24.028],[92.3217,24.0188],[92.3172,24.0176],[92.3275,24.0042],[92.3291,23.9897],[92.3221,23.9753],[92.3126,23.9702],[92.3114,23.9606],[92.3134,23.9345],[92.3307,23.9215],[92.3299,23.9055],[92.323,23.9042],[92.3163,23.8833],[92.322,23.8698],[92.3099,23.8626],[92.2951,23.8655],[92.292,23.8714],[92.2852,23.8573],[92.2748,23.8491],[92.2739,23.8417],[92.2868,23.8168],[92.2594,23.815],[92.2678,23.77],[92.2685,23.7286],[92.2475,23.7241],[92.2405,23.7084],[92.2469,23.6918],[92.2396,23.6825],[92.2381,23.6703],[92.2241,23.6573],[92.2129,23.6642],[92.2177,23.6952],[92.2033,23.707],[92.1865,23.7105],[92.1801,23.7214],[92.1795,23.7432],[92.1505,23.7325],[92.1422,23.7152],[92.1085,23.6787],[92.0907,23.6771],[92.0854,23.6644],[92.087,23.6539],[92.0726,23.6447],[92.0355,23.6617],[92.0236,23.6576],[92.002,23.6886],[91.9836,23.7297],[91.9621,23.7277],[91.9566,23.719],[91.9573,23.6991],[91.9423,23.6818],[91.9567,23.6179],[91.951,23.5864],[91.959,23.5863],[91.9639,23.5788],[91.9605,23.5666],[91.9656,23.554],[91.9609,23.5376],[91.9679,23.5289],[91.9612,23.5273],[91.9596,23.5202],[91.9742,23.5044],[91.9752,23.4824],[91.9638,23.4821],[91.9518,23.4704],[91.9418,23.4691],[91.9472,23.4441],[91.9418,23.4376],[91.9224,23.443],[91.9035,23.4414],[91.8439,23.3965],[91.8381,23.3845],[91.844,23.3804],[91.8082,23.3387],[91.7709,23.2638],[91.7751,23.2459],[91.7922,23.2293],[91.7856,23.2078],[91.7914,23.2104],[91.7994,23.1967],[91.8057,23.1586],[91.8141,23.1473],[91.8121,23.1307],[91.8178,23.1277],[91.8139,23.1186],[91.8209,23.1227],[91.818,23.1123],[91.825,23.1067],[91.8233,23.1008],[91.8317,23.1001],[91.8355,23.0939],[91.8276,23.0849],[91.8229,23.0863],[91.8247,23.0783],[91.8151,23.0699],[91.7954,23.0657],[91.7878,23.0727],[91.7785,23.0667],[91.7868,23.0489],[91.785,23.0317],[91.7805,23.0311],[91.7734,23.0441],[91.7743,23.0372],[91.7561,23.0156],[91.7289,22.9976],[91.7256,22.9893],[91.7205,22.9882],[91.7151,22.9969],[91.6983,23.0026],[91.6885,22.9879],[91.6817,22.99],[91.682,22.9962],[91.6754,22.9879],[91.6632,22.9906],[91.657,22.9867],[91.6521,22.992],[91.6527,22.9831],[91.6274,22.9602],[91.6187,22.9442],[91.6192,22.9598],[91.6049,22.956],[91.612,22.9734],[91.6065,22.9751],[91.5996,22.9696],[91.5975,22.9758],[91.5834,22.9632],[91.5628,22.9765],[91.5626,22.9897],[91.5484,22.9955],[91.5533,23.0158],[91.5441,23.0179],[91.5542,23.0338],[91.5385,23.0347],[91.5357,23.0388],[91.5414,23.0504],[91.5286,23.0536],[91.5393,23.0621],[91.5313,23.0793],[91.5353,23.087],[91.5252,23.0934],[91.5265,23.1004],[91.5155,23.1056],[91.5235,23.1142],[91.5089,23.1272],[91.5217,23.1391],[91.509,23.138],[91.5026,23.1433],[91.5103,23.1506],[91.4974,23.1533],[91.5038,23.1658],[91.4986,23.174],[91.5109,23.182],[91.5064,23.1866],[91.4742,23.1888],[91.4774,23.1948],[91.4889,23.199],[91.486,23.2122],[91.4824,23.2162],[91.4643,23.2122],[91.4586,23.2154],[91.4748,23.2256],[91.4667,23.2385],[91.4517,23.2435],[91.4597,23.2547],[91.4366,23.2584],[91.4237,23.255],[91.4245,23.2732],[91.419,23.2802],[91.4181,23.2543],[91.4122,23.2544],[91.4078,23.2609],[91.4077,23.2536],[91.4157,23.2449],[91.4073,23.2428],[91.403,23.2377],[91.404,23.2262],[91.3958,23.2234],[91.3888,23.1795],[91.3915,23.1526],[91.41,23.1068],[91.408,23.0947],[91.413,23.0936],[91.4123,23.0834],[91.4225,23.0792],[91.418,23.0691],[91.422,23.0593],[91.4023,23.0518],[91.3882,23.0583],[91.3777,23.0641],[91.3563,23.0952],[91.3393,23.151],[91.3303,23.1577],[91.3309,23.2158],[91.3255,23.2407],[91.3323,23.2528],[91.3253,23.2538],[91.3164,23.2749],[91.3226,23.2821],[91.3064,23.2906],[91.3125,23.2995],[91.3215,23.3022],[91.3159,23.3143],[91.3045,23.3144],[91.2973,23.321],[91.3025,23.3411],[91.315,23.3447],[91.3256,23.3623],[91.299,23.352],[91.2967,23.3545],[91.2999,23.3623],[91.2932,23.3649],[91.2909,23.3718],[91.2983,23.3731],[91.2981,23.3788],[91.2865,23.378],[91.2821,23.4162],[91.271,23.4264],[91.2736,23.4338],[91.2609,23.4458],[91.2538,23.4897],[91.2374,23.4946],[91.239,23.5031],[91.2245,23.5024],[91.2271,23.514],[91.2154,23.5124],[91.2069,23.5178],[91.2042,23.5242],[91.218,23.5484],[91.1994,23.548],[91.1989,23.5657],[91.1796,23.5858],[91.1821,23.5937],[91.1666,23.5987],[91.1613,23.6706],[91.1762,23.6572],[91.1952,23.6553],[91.1989,23.647],[91.2099,23.6566],[91.206,23.6654],[91.2101,23.6876],[91.201,23.6924],[91.1583,23.6912],[91.1545,23.7098],[91.1604,23.7394],[91.1724,23.7521],[91.1955,23.7533],[91.2143,23.7501],[91.2246,23.7401],[91.2341,23.7694],[91.2321,23.797],[91.2576,23.8397],[91.2325,23.8832],[91.2322,23.8995],[91.2489,23.9089],[91.2495,23.9133],[91.2443,23.9239],[91.2352,23.9286],[91.2763,23.9262],[91.274,23.9403],[91.2661,23.9486],[91.2837,23.9831],[91.2895,23.968],[91.2997,23.9727],[91.3064,23.9986],[91.3299,23.9937],[91.3444,23.9844],[91.3606,23.9865],[91.3782,23.9769],[91.3743,24.0079],[91.3908,24.0291],[91.3965,24.0514],[91.3771,24.0813],[91.378,24.1095],[91.4103,24.1111],[91.4304,24.1076],[91.4319,24.102],[91.4405,24.103],[91.4441,24.098],[91.4905,24.0978],[91.4964,24.0887],[91.5191,24.0863],[91.5452,24.0761],[91.5764,24.0798],[91.5846,24.0761],[91.5962,24.0802],[91.5969,24.0964],[91.6226,24.0974],[91.6403,24.1084],[91.6416,24.1232],[91.6359,24.1393],[91.6463,24.1553],[91.6461,24.175],[91.6565,24.1762],[91.6602,24.1876],[91.6528,24.1961],[91.6481,24.2144],[91.6561,24.225],[91.6675,24.2304],[91.6683,24.2098],[91.677,24.1987],[91.6849,24.1694],[91.6924,24.1593],[91.7028,24.1626],[91.7101,24.152],[91.7318,24.1424],[91.7612,24.1416],[91.7435,24.2471],[91.7911,24.221],[91.8077,24.2194],[91.8156,24.209],[91.8306,24.2143],[91.8399,24.2272],[91.8475,24.2283],[91.8426,24.2217],[91.8514,24.2215],[91.8569,24.2142],[91.8491,24.214],[91.85,24.2023],[91.8467,24.1999],[91.8447,24.2037],[91.8418,24.1977],[91.855,24.1823],[91.872,24.1741],[91.8832,24.142],[91.8883,24.137],[91.9026,24.1378],[91.9113,24.1454],[91.9119,24.1717],[91.9419,24.2676],[91.9204,24.3358],[91.9571,24.3563],[91.974,24.3454],[91.9708,24.339],[91.9745,24.3316],[91.9977,24.3235],[91.9983,24.3393],[91.98,24.358],[91.9849,24.3608],[91.9781,24.3707],[91.9646,24.3818],[91.9741,24.3886],[91.9864,24.3761],[91.9861,24.3855],[92,24.392],[92.0067,24.383],[92.0179,24.3847],[92.0446,24.376],[92.0837,24.377],[92.089,24.3734],[92.1031,24.3828],[92.1192,24.3838],[92.1237,24.3873],[92.123,24.395],[92.1376,24.4102],[92.1391,24.4245],[92.156,24.4264],[92.1669,24.4221],[92.1728,24.4309],[92.1631,24.4392],[92.1668,24.4469],[92.1576,24.4608],[92.1635,24.4686],[92.1551,24.4795],[92.1531,24.4881],[92.157,24.4941],[92.1524,24.5003],[92.1615,24.5123],[92.1561,24.5159],[92.1559,24.5242],[92.1734,24.534],[92.1795,24.5286],[92.1786,24.5235],[92.1852,24.5229]]]}},{"type":"Feature","id":"Uttar Pradesh","properties":{"name":"Uttar Pradesh","type":"State","code":""},"geometry":{"type":"Polygon","coordinates":[[[77.5847,30.4088],[77.6092,30.4104],[77.6221,30.4048],[77.6342,30.4109],[77.6476,30.3981],[77.6613,30.3932],[77.6641,30.384],[77.6733,30.3857],[77.6913,30.3582],[77.7108,30.3388],[77.7513,30.3247],[77.8124,30.2908],[77.861,30.2714],[77.874,30.2742],[77.8964,30.266],[77.9315,30.247],[77.9181,30.2248],[77.9031,30.2131],[77.896,30.1863],[77.8655,30.1551],[77.8385,30.1123],[77.8253,30.1047],[77.8131,30.0896],[77.7919,30.1019],[77.7864,30.1],[77.7576,30.0482],[77.7733,30.033],[77.7723,30.0263],[77.7491,30.0141],[77.7408,29.9941],[77.7301,29.9875],[77.745,29.9676],[77.7177,29.935],[77.7288,29.9286],[77.733,29.9135],[77.7111,29.8881],[77.703,29.8898],[77.702,29.8718],[77.7133,29.8565],[77.7301,29.8531],[77.7292,29.8376],[77.7423,29.8246],[77.7421,29.8095],[77.7647,29.7855],[77.7605,29.7813],[77.7654,29.7757],[77.7657,29.7637],[77.7609,29.7527],[77.7693,29.7347],[77.7577,29.7159],[77.7949,29.7005],[77.7974,29.6978],[77.7892,29.6859],[77.7925,29.6819],[77.829,29.6693],[77.8541,29.6889],[77.8699,29.694],[77.8739,29.702],[77.9102,29.6989],[77.9048,29.7026],[77.9272,29.7146],[77.9408,29.7146],[77.952,29.7054],[77.9423,29.702],[77.9463,29.6955],[77.9431,29.6916],[77.9623,29.6703],[77.9722,29.6757],[77.9654,29.6555],[77.977,29.6421],[77.9731,29.632],[77.9768,29.614],[77.9624,29.61],[77.9519,29.616],[77.9532,29.6024],[77.9473,29.5904],[77.9532,29.5847],[77.9727,29.5832],[77.9838,29.5881],[77.9771,29.5581],[77.988,29.5459],[77.9942,29.5551],[78.0369,29.5526],[78.0372,29.5653],[78.0426,29.5719],[78.0365,29.5809],[78.0439,29.5931],[78.0593,29.6016],[78.0821,29.6018],[78.0906,29.6248],[78.107,29.6332],[78.1148,29.6452],[78.134,29.6585],[78.1391,29.6761],[78.1659,29.6795],[78.1822,29.6916],[78.1935,29.7101],[78.2213,29.7176],[78.2314,29.7041],[78.3029,29.7576],[78.3317,29.7962],[78.386,29.7739],[78.4126,29.7724],[78.4321,29.7581],[78.4876,29.7414],[78.4902,29.7249],[78.5018,29.7117],[78.5092,29.6597],[78.5177,29.6392],[78.5274,29.6244],[78.5612,29.5937],[78.6052,29.5618],[78.6396,29.5478],[78.6934,29.5089],[78.7391,29.505],[78.7658,29.4838],[78.7855,29.476],[78.8658,29.4596],[78.9003,29.4562],[78.9198,29.4602],[78.9229,29.4562],[78.9004,29.4467],[78.8965,29.4236],[78.8702,29.3924],[78.8602,29.3939],[78.8568,29.3856],[78.8325,29.3814],[78.8363,29.3714],[78.8288,29.3682],[78.8142,29.37],[78.811,29.3803],[78.815,29.3853],[78.809,29.3829],[78.7972,29.3556],[78.7901,29.3521],[78.7979,29.3383],[78.7888,29.3293],[78.7813,29.332],[78.7825,29.3464],[78.7659,29.3411],[78.7574,29.3498],[78.747,29.3433],[78.7415,29.3326],[78.7283,29.3342],[78.7273,29.3175],[78.7139,29.3174],[78.7611,29.2933],[78.7668,29.2859],[78.7586,29.2867],[78.7815,29.2712],[78.786,29.273],[78.7874,29.2653],[78.7999,29.2579],[78.8138,29.2523],[78.8313,29.2607],[78.8423,29.2543],[78.8526,29.2613],[78.871,29.2407],[78.8701,29.2285],[78.8829,29.2253],[78.8921,29.2149],[78.8877,29.2103],[78.8992,29.2026],[78.8943,29.1959],[78.9057,29.1803],[78.9048,29.1632],[78.895,29.1568],[78.9004,29.1506],[78.9145,29.149],[78.9236,29.1571],[78.9444,29.1496],[78.9515,29.1597],[78.9666,29.1656],[78.979,29.1548],[78.9835,29.1373],[78.9926,29.1336],[79.0006,29.1166],[79.0066,29.1205],[79.017,29.1179],[79.0261,29.1216],[79.031,29.1302],[79.0088,29.1362],[79.011,29.1572],[79.0264,29.1499],[79.0275,29.1607],[79.0218,29.1673],[79.027,29.1723],[79.0338,29.1711],[79.0461,29.1547],[79.0729,29.152],[79.1007,29.1317],[79.1178,29.1339],[79.1308,29.1294],[79.1422,29.1197],[79.144,29.1066],[79.1347,29.0819],[79.137,29.0693],[79.1437,29.0601],[79.1654,29.0513],[79.1587,29.0342],[79.1542,29.0329],[79.1583,29.0229],[79.1686,29.0159],[79.1849,29.018],[79.183,29.0242],[79.1976,29.0221],[79.204,29.0291],[79.2377,29.0068],[79.2394,28.9999],[79.2643,28.9821],[79.2789,28.9648],[79.2989,28.9531],[79.3072,28.9585],[79.3519,28.9524],[79.3597,28.9705],[79.377,28.9371],[79.3894,28.9383],[79.4014,28.9323],[79.4011,28.8998],[79.3957,28.8854],[79.4112,28.8559],[79.4239,28.8552],[79.4335,28.8616],[79.4597,28.8592],[79.4766,28.8672],[79.5072,28.8633],[79.5365,28.8925],[79.554,28.8785],[79.5477,28.8543],[79.5509,28.8459],[79.5766,28.8503],[79.5923,28.8666],[79.6036,28.8647],[79.6135,28.8687],[79.6541,28.8487],[79.6662,28.8483],[79.6729,28.8576],[79.6843,28.8573],[79.6881,28.8682],[79.7052,28.8702],[79.7122,28.8807],[79.7404,28.8832],[79.75,28.8934],[79.7598,28.8895],[79.7745,28.8918],[79.7906,28.8774],[79.7916,28.8704],[79.8028,28.8718],[79.8086,28.8628],[79.8081,28.8563],[79.7946,28.8529],[79.7982,28.846],[79.7937,28.8393],[79.8012,28.8296],[79.7948,28.8147],[79.7862,28.8209],[79.7834,28.8054],[79.8013,28.8045],[79.8159,28.8123],[79.8128,28.8302],[79.8245,28.8448],[79.8541,28.8443],[79.8606,28.8341],[79.8753,28.8302],[79.8756,28.8183],[79.8462,28.8213],[79.8405,28.8087],[79.8673,28.7965],[79.9013,28.8021],[79.8889,28.7858],[79.912,28.765],[79.9224,28.7327],[79.9409,28.7215],[79.9678,28.7156],[79.9883,28.717],[80.0029,28.727],[80.0348,28.7632],[80.0405,28.7831],[80.0257,28.7999],[80.0584,28.8353],[80.0767,28.8244],[80.1198,28.8287],[80.173,28.782],[80.2177,28.7553],[80.2359,28.7592],[80.2545,28.7561],[80.2668,28.7435],[80.2579,28.7293],[80.2792,28.7099],[80.2954,28.7113],[80.3185,28.7001],[80.3276,28.6663],[80.3624,28.6449],[80.3609,28.637],[80.3699,28.6348],[80.3733,28.629],[80.4164,28.6391],[80.4342,28.6372],[80.4443,28.6284],[80.4529,28.6288],[80.4659,28.6151],[80.4627,28.6145],[80.4733,28.5905],[80.4703,28.5829],[80.4828,28.5853],[80.5081,28.568],[80.5193,28.5517],[80.5244,28.5527],[80.532,28.5735],[80.5233,28.5768],[80.5052,28.6652],[80.5078,28.6709],[80.5416,28.6905],[80.5704,28.6878],[80.592,28.6797],[80.5818,28.6612],[80.5993,28.6559],[80.5915,28.6476],[80.6079,28.6523],[80.6133,28.6392],[80.6349,28.6372],[80.6432,28.6432],[80.6529,28.6339],[80.6693,28.6418],[80.6725,28.6283],[80.6813,28.6205],[80.679,28.6043],[80.6974,28.6033],[80.6919,28.587],[80.7163,28.5679],[80.7262,28.5747],[80.7403,28.5658],[80.7401,28.5742],[80.7696,28.5655],[80.7712,28.5496],[80.7918,28.5435],[80.7863,28.5292],[80.7908,28.5243],[80.8172,28.5207],[80.8461,28.4954],[80.857,28.497],[80.8673,28.4894],[80.8633,28.5041],[80.8776,28.5097],[80.8979,28.5056],[80.9103,28.4975],[80.9031,28.4856],[80.9074,28.4657],[80.9174,28.4575],[80.9161,28.4677],[80.9212,28.4637],[80.9194,28.4596],[80.9326,28.4584],[80.9442,28.4683],[80.947,28.4661],[80.934,28.4585],[80.9533,28.4555],[80.9534,28.4475],[80.9658,28.4496],[80.9688,28.4569],[80.9815,28.4552],[80.9666,28.4446],[80.9698,28.4429],[80.967,28.4378],[80.9809,28.4343],[80.9796,28.4425],[80.9909,28.4416],[81.0014,28.4539],[81.0192,28.4516],[81.0147,28.4381],[81.0209,28.4317],[81.0312,28.4384],[81.0356,28.4278],[81.0185,28.4156],[81.0341,28.3987],[81.0366,28.4133],[81.0477,28.4099],[81.0815,28.3848],[81.2124,28.3605],[81.2363,28.3246],[81.2345,28.2889],[81.2822,28.2347],[81.3224,28.1972],[81.3202,28.1823],[81.3265,28.1749],[81.323,28.1687],[81.3038,28.1669],[81.3125,28.1555],[81.3219,28.1601],[81.3297,28.1482],[81.3201,28.1451],[81.3198,28.1334],[81.3362,28.1401],[81.3731,28.1422],[81.3802,28.1554],[81.3687,28.1659],[81.3769,28.1769],[81.4283,28.1706],[81.4488,28.1602],[81.4518,28.1408],[81.4858,28.1181],[81.4802,28.0825],[81.6189,28.0103],[81.6259,28.0015],[81.6452,27.9937],[81.704,27.9865],[81.8067,27.9033],[81.8354,27.8974],[81.8868,27.8572],[81.904,27.8537],[81.928,27.8596],[81.9271,27.8753],[81.9701,27.9288],[82.0697,27.9234],[82.1252,27.8648],[82.1519,27.8578],[82.1559,27.8661],[82.2102,27.843],[82.2323,27.8206],[82.2547,27.8099],[82.3058,27.7724],[82.369,27.7424],[82.3841,27.7204],[82.4037,27.7025],[82.4507,27.6786],[82.4752,27.6763],[82.4838,27.6827],[82.4919,27.681],[82.5181,27.6902],[82.5431,27.6855],[82.5869,27.6985],[82.5956,27.6967],[82.607,27.7058],[82.6208,27.7021],[82.6298,27.7114],[82.6404,27.7089],[82.6572,27.7131],[82.6662,27.7219],[82.6684,27.7155],[82.6827,27.7136],[82.7012,27.7218],[82.707,27.7164],[82.7099,27.7217],[82.7078,27.7027],[82.7202,27.6873],[82.7151,27.6707],[82.7179,27.6679],[82.7138,27.6649],[82.7223,27.6616],[82.7223,27.6572],[82.7276,27.6582],[82.7334,27.6489],[82.73,27.6454],[82.7355,27.646],[82.7396,27.6405],[82.7401,27.6318],[82.7356,27.6284],[82.7386,27.6258],[82.7328,27.6239],[82.7386,27.6215],[82.735,27.6185],[82.7369,27.6095],[82.7579,27.5866],[82.7497,27.5718],[82.7534,27.5655],[82.7459,27.5612],[82.7491,27.5549],[82.7401,27.5519],[82.7466,27.5339],[82.7439,27.5319],[82.7492,27.5314],[82.7514,27.5226],[82.7441,27.521],[82.7451,27.5165],[82.7397,27.5182],[82.737,27.5031],[82.8036,27.4964],[82.837,27.5015],[82.9316,27.5009],[82.9562,27.4678],[83.0361,27.4487],[83.1662,27.4575],[83.1902,27.454],[83.2191,27.4177],[83.2742,27.3834],[83.2677,27.3654],[83.2746,27.3526],[83.2965,27.334],[83.3196,27.33],[83.32,27.3372],[83.3383,27.3331],[83.3612,27.343],[83.3599,27.3502],[83.3758,27.3571],[83.3768,27.3698],[83.3902,27.3757],[83.3868,27.3901],[83.398,27.3956],[83.4117,27.4125],[83.3868,27.4351],[83.386,27.4422],[83.3978,27.4463],[83.404,27.4575],[83.4046,27.4661],[83.3907,27.4705],[83.3944,27.4762],[83.3909,27.4795],[83.6167,27.4694],[83.8332,27.3695],[83.8585,27.351],[83.8493,27.3356],[83.8293,27.3275],[83.8306,27.3214],[83.8425,27.3213],[83.8546,27.3112],[83.8976,27.3301],[83.9167,27.3253],[83.9257,27.3042],[83.9188,27.2927],[83.8962,27.2771],[83.898,27.2594],[83.9076,27.248],[83.9545,27.235],[83.9638,27.2253],[83.9617,27.2138],[83.9788,27.2004],[83.9851,27.1818],[83.9509,27.1409],[83.9525,27.129],[83.9396,27.1167],[83.9394,27.093],[83.9441,27.0873],[83.9549,27.0861],[84.0116,27.1049],[84.0207,27.0955],[84.0161,27.0918],[84.0169,27.0838],[84.0056,27.0719],[83.9908,27.0686],[83.9949,27.0613],[84.0243,27.0447],[84.0408,27.0447],[84.0304,27.0118],[84.0427,27.0031],[84.0495,26.9908],[84.0364,26.984],[84.0435,26.9804],[84.0413,26.968],[84.046,26.9681],[84.0467,26.9619],[84.0386,26.9578],[84.0351,26.9487],[84.0264,26.949],[84.0249,26.9427],[84.0363,26.9411],[84.0385,26.9309],[84.0477,26.9318],[84.0492,26.9146],[84.0424,26.9091],[84.0508,26.9016],[84.052,26.8917],[84.0763,26.8788],[84.0855,26.8852],[84.09,26.8772],[84.0999,26.888],[84.1006,26.9008],[84.1302,26.8853],[84.1408,26.8876],[84.1393,26.874],[84.1318,26.8706],[84.1317,26.8557],[84.1505,26.8395],[84.1689,26.8345],[84.1747,26.8358],[84.1765,26.8533],[84.1808,26.8574],[84.1966,26.8612],[84.2092,26.871],[84.2211,26.8722],[84.2411,26.8624],[84.2521,26.8449],[84.251,26.8307],[84.2428,26.8218],[84.2485,26.8209],[84.2468,26.8145],[84.2523,26.8087],[84.2411,26.7754],[84.2246,26.7571],[84.234,26.7395],[84.2474,26.7293],[84.2553,26.739],[84.2786,26.7512],[84.298,26.7533],[84.3185,26.7162],[84.3257,26.6843],[84.4022,26.6712],[84.4048,26.6428],[84.4144,26.6272],[84.3789,26.6218],[84.3706,26.6154],[84.3509,26.6204],[84.3255,26.6153],[84.3027,26.6175],[84.297,26.6157],[84.295,26.6066],[84.2793,26.6066],[84.2722,26.5994],[84.2589,26.6073],[84.2309,26.6098],[84.202,26.6243],[84.1485,26.6277],[84.152,26.6385],[84.121,26.6376],[84.1215,26.6346],[84.1061,26.6372],[84.1043,26.6327],[84.0818,26.6429],[84.0825,26.5996],[84.0493,26.5616],[84.0478,26.5435],[84.0007,26.525],[83.9742,26.5319],[83.9625,26.5086],[83.9457,26.5102],[83.9427,26.5135],[83.9458,26.5184],[83.935,26.5244],[83.9022,26.5181],[83.9075,26.5004],[83.9023,26.4503],[83.9463,26.4381],[83.982,26.4346],[83.9904,26.4476],[84.0017,26.4436],[84.011,26.4485],[84.0164,26.4319],[84.0306,26.413],[84.055,26.402],[84.0615,26.3901],[84.072,26.3845],[84.0923,26.3904],[84.1714,26.374],[84.1672,26.3381],[84.1817,26.317],[84.1687,26.2929],[84.1714,26.2677],[84.1551,26.2577],[84.1593,26.2459],[84.1535,26.2453],[84.1453,26.2617],[84.1414,26.2578],[84.113,26.2619],[84.1105,26.2418],[84.0923,26.2402],[84.0914,26.234],[84.0874,26.2365],[84.0795,26.2318],[84.0794,26.2212],[84.0494,26.2256],[84.0468,26.2302],[84.0336,26.2321],[84.0313,26.2391],[84.0115,26.2407],[84.0055,26.2341],[84.0095,26.2239],[84.0243,26.2198],[84.019,26.2093],[84.0236,26.2009],[84.0204,26.1976],[84.009,26.1996],[84.0021,26.1901],[84.003,26.1782],[84.0138,26.167],[84.0278,26.163],[84.0273,26.153],[84.0236,26.1541],[84.0181,26.1451],[84.0424,26.1316],[84.0422,26.1116],[84.0491,26.0997],[84.091,26.0965],[84.1161,26.0749],[84.1367,26.047],[84.1673,26.0255],[84.1662,25.9915],[84.1724,25.9988],[84.1923,25.9895],[84.2018,26.0006],[84.2352,25.986],[84.2963,25.947],[84.3514,25.9593],[84.3863,25.9382],[84.4083,25.9314],[84.4233,25.8924],[84.4611,25.8887],[84.4666,25.8837],[84.4853,25.8893],[84.5065,25.8724],[84.5286,25.8777],[84.5406,25.8621],[84.5283,25.8647],[84.52,25.8612],[84.5263,25.8554],[84.527,25.8343],[84.5443,25.83],[84.5469,25.8413],[84.5565,25.8375],[84.6202,25.7941],[84.6208,25.7724],[84.6101,25.7773],[84.6029,25.7724],[84.6005,25.7606],[84.6223,25.7473],[84.6306,25.7283],[84.5955,25.7391],[84.5556,25.7364],[84.5586,25.701],[84.5523,25.684],[84.5314,25.6928],[84.5359,25.7265],[84.5305,25.7246],[84.5279,25.7154],[84.5246,25.6844],[84.5164,25.6777],[84.5058,25.6823],[84.499,25.6774],[84.4884,25.6779],[84.4893,25.6911],[84.4665,25.6855],[84.4603,25.6907],[84.4632,25.6986],[84.4588,25.6984],[84.4552,25.7103],[84.4488,25.7145],[84.4242,25.7117],[84.4236,25.6951],[84.4019,25.6995],[84.3971,25.7091],[84.4004,25.7169],[84.3936,25.7289],[84.3812,25.7343],[84.3885,25.7443],[84.38,25.7487],[84.3676,25.7417],[84.3695,25.736],[84.3544,25.7436],[84.3313,25.7446],[84.3244,25.7333],[84.3186,25.6719],[84.3134,25.6689],[84.3121,25.6724],[84.2836,25.6771],[84.2928,25.6685],[84.2856,25.6615],[84.2171,25.6641],[84.2029,25.6696],[84.1943,25.7034],[84.1482,25.731],[84.1445,25.7206],[84.1357,25.7169],[84.1265,25.7185],[84.1368,25.7238],[84.1351,25.7316],[84.1231,25.7239],[84.0944,25.7204],[84.0696,25.6956],[84.0797,25.6527],[84.0765,25.6375],[84.0142,25.6161],[83.9443,25.5673],[83.9171,25.5585],[83.8963,25.5283],[83.873,25.5204],[83.8682,25.5116],[83.8713,25.5032],[83.8644,25.4906],[83.8549,25.4849],[83.8511,25.4737],[83.8294,25.4615],[83.8147,25.4683],[83.8102,25.4659],[83.8056,25.4537],[83.8334,25.4502],[83.8384,25.4369],[83.7944,25.4316],[83.8052,25.4245],[83.7994,25.411],[83.7823,25.3987],[83.7652,25.3997],[83.7619,25.3879],[83.7497,25.3921],[83.7497,25.3968],[83.7581,25.4012],[83.7507,25.405],[83.7378,25.4009],[83.7325,25.4106],[83.7272,25.3985],[83.7154,25.3992],[83.704,25.3861],[83.6946,25.3961],[83.6894,25.3859],[83.6752,25.3784],[83.689,25.3713],[83.6691,25.3645],[83.6602,25.371],[83.6588,25.363],[83.6502,25.368],[83.6425,25.3411],[83.63,25.3432],[83.6201,25.3286],[83.6072,25.3323],[83.5839,25.3249],[83.5642,25.3081],[83.5643,25.3159],[83.5395,25.3177],[83.5332,25.3129],[83.5453,25.3099],[83.5256,25.2995],[83.5181,25.3025],[83.518,25.2932],[83.5112,25.2878],[83.5026,25.2896],[83.4982,25.283],[83.4913,25.2866],[83.4862,25.2795],[83.4803,25.2824],[83.471,25.2721],[83.4704,25.2627],[83.4573,25.2504],[83.4429,25.2593],[83.4332,25.2536],[83.4314,25.2445],[83.4193,25.2533],[83.4193,25.2464],[83.4093,25.2493],[83.3882,25.207],[83.3796,25.2118],[83.3721,25.2011],[83.3603,25.1964],[83.3496,25.1989],[83.3439,25.1874],[83.3359,25.1836],[83.3481,25.1786],[83.3432,25.1587],[83.3525,25.1518],[83.3521,25.1312],[83.3574,25.1242],[83.3538,25.1104],[83.3401,25.1124],[83.338,25.0881],[83.3322,25.0825],[83.3278,25.061],[83.3336,25.058],[83.3338,25.051],[83.3219,25.0558],[83.3235,25.0481],[83.3165,25.0384],[83.3161,25.0273],[83.3197,25.0155],[83.3439,25.0105],[83.3459,24.9921],[83.3385,24.9636],[83.357,24.9554],[83.358,24.914],[83.3514,24.9031],[83.36,24.8919],[83.3549,24.8855],[83.3642,24.8786],[83.354,24.8706],[83.3683,24.8632],[83.3904,24.8331],[83.3956,24.811],[83.3901,24.8044],[83.3925,24.7971],[83.3868,24.7842],[83.4194,24.7699],[83.4531,24.7333],[83.4798,24.7378],[83.4833,24.7311],[83.4807,24.7057],[83.4921,24.7052],[83.4957,24.6962],[83.5137,24.6812],[83.4995,24.6685],[83.4975,24.6517],[83.5159,24.6428],[83.5239,24.6444],[83.5207,24.63],[83.5417,24.6246],[83.5174,24.6032],[83.525,24.585],[83.5246,24.5673],[83.5172,24.5492],[83.4934,24.5421],[83.4982,24.5271],[83.4264,24.5128],[83.393,24.5012],[83.3926,24.4803],[83.3814,24.4557],[83.3898,24.4376],[83.4007,24.4371],[83.4001,24.4087],[83.412,24.4103],[83.4299,24.4038],[83.4432,24.3728],[83.4514,24.3648],[83.441,24.3609],[83.4266,24.34],[83.4033,24.3374],[83.3759,24.3145],[83.3806,24.3005],[83.3962,24.2934],[83.4029,24.2761],[83.4019,24.266],[83.3934,24.2471],[83.3773,24.2357],[83.3783,24.2008],[83.3574,24.1568],[83.349,24.1264],[83.3428,24.1142],[83.3236,24.1013],[83.3149,24.107],[83.3111,24.0928],[83.289,24.0729],[83.2775,24.05],[83.28,24.0348],[83.2761,24.0233],[83.2589,24.0116],[83.2418,24.0137],[83.2354,24.0072],[83.2369,24.0014],[83.216,23.9894],[83.2156,23.9808],[83.2084,23.9728],[83.2112,23.9604],[83.2018,23.9405],[83.1914,23.9326],[83.1896,23.9211],[83.1452,23.9099],[83.1274,23.89],[83.0866,23.8782],[83.061,23.8752],[83.0364,23.8831],[82.9536,23.8728],[82.9388,23.8759],[82.9225,23.8927],[82.8812,23.9103],[82.863,23.9255],[82.8489,23.9468],[82.8207,23.965],[82.8078,23.9631],[82.8005,23.9675],[82.8015,24.0011],[82.7973,24.0051],[82.7663,24.006],[82.7459,24.0131],[82.7399,24.0311],[82.7558,24.0436],[82.7663,24.0779],[82.7606,24.0797],[82.7549,24.0732],[82.748,24.0805],[82.7415,24.0751],[82.7263,24.0826],[82.7084,24.0808],[82.7014,24.0971],[82.6635,24.1239],[82.6574,24.1348],[82.6659,24.1428],[82.6652,24.1511],[82.6709,24.1585],[82.6794,24.1567],[82.6884,24.1442],[82.7204,24.139],[82.7231,24.1568],[82.7361,24.1684],[82.727,24.2233],[82.7499,24.2361],[82.7506,24.2681],[82.7641,24.2924],[82.766,24.3122],[82.7598,24.3191],[82.7645,24.3475],[82.7589,24.3632],[82.7606,24.373],[82.7545,24.3795],[82.7468,24.3725],[82.7185,24.3712],[82.7072,24.3852],[82.7202,24.4297],[82.7257,24.4263],[82.7327,24.4327],[82.7273,24.4341],[82.725,24.4447],[82.7306,24.4703],[82.7238,24.4763],[82.7338,24.4872],[82.7365,24.4998],[82.7156,24.5133],[82.7125,24.5562],[82.7335,24.5516],[82.7412,24.5546],[82.7454,24.5525],[82.746,24.5415],[82.8008,24.5527],[82.7964,24.5998],[82.7601,24.5998],[82.7679,24.6106],[82.7628,24.6457],[82.6952,24.6443],[82.6917,24.6486],[82.696,24.6757],[82.6656,24.6999],[82.6579,24.7004],[82.6364,24.6878],[82.5876,24.6737],[82.574,24.663],[82.5293,24.652],[82.5184,24.6783],[82.4868,24.6755],[82.4767,24.6836],[82.4489,24.6779],[82.4448,24.6801],[82.4484,24.6906],[82.4323,24.7063],[82.4202,24.7053],[82.4074,24.6951],[82.4016,24.6838],[82.4118,24.6578],[82.4035,24.6362],[82.4057,24.6175],[82.4146,24.6064],[82.4092,24.5978],[82.3608,24.602],[82.3505,24.6082],[82.346,24.6188],[82.3298,24.6238],[82.3094,24.6129],[82.2939,24.6137],[82.2984,24.628],[82.2947,24.6539],[82.2981,24.6565],[82.2919,24.6648],[82.2964,24.67],[82.2817,24.6717],[82.2785,24.6809],[82.2634,24.6864],[82.2583,24.6821],[82.2667,24.6784],[82.2531,24.6661],[82.248,24.6756],[82.2355,24.6764],[82.2351,24.6659],[82.2299,24.6696],[82.2287,24.6908],[82.2431,24.7018],[82.2414,24.7385],[82.2459,24.7407],[82.2496,24.7564],[82.2437,24.7758],[82.2403,24.7755],[82.2384,24.7544],[82.2209,24.7671],[82.2228,24.7517],[82.2092,24.7595],[82.1995,24.7521],[82.2134,24.7442],[82.2138,24.7287],[82.2084,24.739],[82.2026,24.7408],[82.1887,24.7438],[82.1729,24.7396],[82.1915,24.7532],[82.1957,24.7637],[82.1894,24.7823],[82.2095,24.7815],[82.2049,24.7855],[82.2087,24.7978],[82.1886,24.7982],[82.179,24.8047],[82.196,24.8245],[82.1628,24.805],[82.1734,24.801],[82.1594,24.7923],[82.1322,24.8045],[82.1264,24.7939],[82.1122,24.7923],[82.1078,24.7937],[82.1048,24.8056],[82.0819,24.8221],[82.0372,24.833],[82.0243,24.8446],[82.0049,24.8507],[81.9681,24.8439],[81.9592,24.8306],[81.9549,24.8392],[81.9267,24.8608],[81.9284,24.8731],[81.9027,24.8841],[81.8964,24.8925],[81.912,24.9309],[81.9041,24.9423],[81.8983,24.9753],[81.9016,24.9828],[81.8945,24.9874],[81.8985,25.0096],[81.8893,25.0131],[81.894,25.0035],[81.8861,24.9928],[81.8814,24.9995],[81.8463,25.0071],[81.8294,25.0193],[81.7892,25.0101],[81.7382,25.0391],[81.7324,25.0487],[81.7164,25.053],[81.7134,25.0401],[81.7054,25.0379],[81.6819,25.0438],[81.6831,25.0568],[81.6758,25.066],[81.6622,25.0651],[81.6587,25.0797],[81.6468,25.075],[81.6356,25.0618],[81.6253,25.0625],[81.6219,25.0569],[81.6043,25.0607],[81.6032,25.0644],[81.6097,25.0647],[81.5938,25.0798],[81.6095,25.0852],[81.6149,25.094],[81.632,25.1033],[81.6226,25.1112],[81.6251,25.1204],[81.6168,25.1226],[81.6012,25.1002],[81.6023,25.1175],[81.591,25.123],[81.5921,25.1364],[81.61,25.1472],[81.6151,25.1439],[81.619,25.1597],[81.61,25.1737],[81.6055,25.1656],[81.5818,25.1683],[81.588,25.1838],[81.5664,25.1957],[81.549,25.1866],[81.5096,25.187],[81.5078,25.1763],[81.53,25.1633],[81.5187,25.1518],[81.5247,25.1436],[81.4954,25.1523],[81.4896,25.1342],[81.4729,25.1371],[81.4817,25.1173],[81.5076,25.1068],[81.5029,25.1017],[81.4943,25.1017],[81.4974,25.096],[81.4946,25.0821],[81.4865,25.0841],[81.4837,25.0749],[81.4583,25.0868],[81.4589,25.093],[81.4008,25.1078],[81.4069,25.112],[81.4383,25.1104],[81.4302,25.1336],[81.4002,25.1338],[81.4062,25.1234],[81.3912,25.1231],[81.3844,25.1351],[81.3645,25.1379],[81.3656,25.1443],[81.3494,25.1674],[81.336,25.1663],[81.33,25.1725],[81.313,25.1635],[81.311,25.149],[81.323,25.1184],[81.3147,25.1163],[81.3043,25.1453],[81.3064,25.166],[81.2691,25.1677],[81.2748,25.1534],[81.2612,25.1439],[81.258,25.1169],[81.2457,25.1055],[81.2591,25.0873],[81.253,25.079],[81.26,25.0756],[81.2616,25.0685],[81.2307,25.0181],[81.2166,25.0044],[81.2051,25.0031],[81.2017,24.9957],[81.2127,24.9817],[81.2,24.9669],[81.206,24.9581],[81.206,24.9392],[81.2126,24.9345],[81.1995,24.9269],[81.1844,24.9292],[81.199,24.9347],[81.1766,24.955],[81.1614,24.9585],[81.1512,24.9272],[81.1523,24.9163],[81.1401,24.9164],[81.1333,24.9056],[81.1324,24.8921],[81.0895,24.9245],[81.0805,24.9384],[81.0825,24.9477],[81.0764,24.9523],[81.0267,24.955],[81.0199,24.952],[81.0192,24.945],[81.0095,24.9543],[81.0126,24.9437],[81.0211,24.9383],[81.0168,24.9325],[81.0087,24.9325],[81,24.9402],[80.981,24.9297],[80.9793,24.9381],[80.9723,24.9396],[80.9657,24.9386],[80.9552,24.9257],[80.9511,24.927],[80.9522,24.9429],[80.9439,24.9507],[80.9448,24.968],[80.9368,24.9725],[80.8973,24.9567],[80.8933,24.9505],[80.9012,24.9434],[80.9,24.9396],[80.8848,24.9489],[80.875,24.9407],[80.8349,24.9345],[80.8022,24.9445],[80.8029,24.9569],[80.7916,24.9639],[80.79,24.9718],[80.8186,24.9736],[80.8247,24.9861],[80.8364,24.9861],[80.8482,24.9981],[80.8503,25.0031],[80.8291,25.03],[80.8267,25.0392],[80.8352,25.0397],[80.8411,25.0513],[80.8707,25.0711],[80.8751,25.0795],[80.8643,25.0882],[80.873,25.1026],[80.865,25.1237],[80.8754,25.1444],[80.8884,25.1412],[80.9049,25.1603],[80.9056,25.1645],[80.8862,25.1772],[80.878,25.1956],[80.8642,25.1879],[80.8363,25.1927],[80.8423,25.1712],[80.8321,25.1414],[80.8378,25.1275],[80.8334,25.1133],[80.8277,25.1103],[80.8186,25.1306],[80.8096,25.1307],[80.8083,25.1408],[80.7996,25.1464],[80.7821,25.1371],[80.774,25.1466],[80.7381,25.1346],[80.7231,25.1488],[80.7153,25.1467],[80.7106,25.1384],[80.6996,25.1371],[80.7009,25.128],[80.7173,25.1289],[80.7254,25.1229],[80.7199,25.1173],[80.719,25.104],[80.7252,25.098],[80.7458,25.0994],[80.7521,25.0954],[80.7511,25.0911],[80.776,25.0843],[80.7814,25.0696],[80.7759,25.0617],[80.7336,25.0624],[80.7272,25.0718],[80.7053,25.0614],[80.6736,25.0542],[80.6718,25.0673],[80.6793,25.0818],[80.6683,25.0868],[80.6563,25.0744],[80.6505,25.0875],[80.6352,25.0976],[80.6339,25.0938],[80.6235,25.0952],[80.62,25.0896],[80.6014,25.1044],[80.6133,25.1065],[80.6192,25.1202],[80.6312,25.1198],[80.6324,25.1233],[80.625,25.1377],[80.6083,25.133],[80.6058,25.1493],[80.5946,25.1552],[80.5901,25.1348],[80.6014,25.1228],[80.5914,25.118],[80.5878,25.1091],[80.6068,25.0722],[80.5876,25.0859],[80.568,25.0853],[80.5624,25.0914],[80.56,25.075],[80.5434,25.0677],[80.519,25.0819],[80.5095,25.101],[80.4947,25.1049],[80.4761,25.1023],[80.4776,25.0964],[80.5,25.0896],[80.4984,25.0826],[80.4906,25.0782],[80.5021,25.0674],[80.5002,25.0588],[80.4932,25.0543],[80.4942,25.0453],[80.4702,25.0447],[80.4614,25.058],[80.46,25.0697],[80.4559,25.0738],[80.446,25.0658],[80.4416,25.076],[80.4451,25.0802],[80.4407,25.0821],[80.4245,25.0715],[80.4099,25.0767],[80.4053,25.0608],[80.3941,25.072],[80.3793,25.056],[80.3658,25.0578],[80.3641,25.0477],[80.3802,25.0416],[80.3718,25.0328],[80.3892,25.0149],[80.3822,25.0097],[80.3728,25.0083],[80.3678,25.0254],[80.3588,25.0261],[80.3479,25.0165],[80.338,25.0209],[80.329,25.0054],[80.3167,25.0031],[80.2892,25.0211],[80.2785,25.0216],[80.2669,25.0302],[80.2778,25.044],[80.282,25.0632],[80.3105,25.082],[80.3133,25.1012],[80.3441,25.1249],[80.3513,25.1449],[80.3868,25.1629],[80.4155,25.1653],[80.4237,25.1741],[80.4017,25.221],[80.3991,25.243],[80.3907,25.2457],[80.378,25.2375],[80.3577,25.2511],[80.341,25.2786],[80.312,25.2822],[80.304,25.2889],[80.3117,25.3342],[80.3026,25.3583],[80.3132,25.3723],[80.3108,25.3873],[80.2953,25.4078],[80.2737,25.425],[80.2559,25.4287],[80.2452,25.4049],[80.2296,25.4109],[80.2114,25.4039],[80.1939,25.4162],[80.1888,25.4064],[80.1879,25.3837],[80.1592,25.3776],[80.1591,25.3662],[80.1371,25.3557],[80.1233,25.3384],[80.0833,25.3558],[80.07,25.3431],[80.0207,25.3432],[80.0099,25.3248],[80.0126,25.3017],[79.9987,25.2938],[79.9913,25.2832],[79.9967,25.2687],[79.9492,25.2653],[79.9426,25.2719],[79.9333,25.263],[79.9326,25.2503],[79.921,25.2507],[79.9135,25.2334],[79.9024,25.2569],[79.8936,25.2462],[79.8725,25.2538],[79.861,25.243],[79.8471,25.2402],[79.8472,25.2324],[79.863,25.2192],[79.8519,25.2035],[79.8626,25.177],[79.8606,25.1561],[79.8721,25.1503],[79.8516,25.1398],[79.8477,25.1334],[79.8427,25.1163],[79.8559,25.0985],[79.8313,25.0981],[79.8187,25.1102],[79.8052,25.111],[79.7692,25.1253],[79.7456,25.1439],[79.7178,25.1338],[79.6766,25.137],[79.6662,25.1271],[79.6378,25.1311],[79.62,25.1427],[79.5979,25.1314],[79.5954,25.1356],[79.6028,25.1548],[79.5905,25.1468],[79.574,25.1595],[79.5655,25.1776],[79.5503,25.1694],[79.5273,25.1431],[79.5287,25.1374],[79.5138,25.1257],[79.5172,25.1018],[79.5002,25.0992],[79.4899,25.0828],[79.4715,25.0872],[79.4605,25.0963],[79.4684,25.1345],[79.4448,25.1131],[79.4311,25.1075],[79.4353,25.1265],[79.4311,25.1354],[79.4151,25.1391],[79.4184,25.1335],[79.415,25.123],[79.4092,25.1157],[79.3991,25.1135],[79.3893,25.1206],[79.3802,25.1491],[79.3839,25.1703],[79.4039,25.1896],[79.4096,25.2088],[79.4321,25.2028],[79.4427,25.2126],[79.4424,25.221],[79.427,25.225],[79.4386,25.2483],[79.4483,25.2508],[79.4592,25.2695],[79.484,25.265],[79.4897,25.2656],[79.4904,25.2704],[79.4763,25.2732],[79.4731,25.2821],[79.4574,25.2839],[79.4531,25.2826],[79.4516,25.2736],[79.4312,25.2596],[79.4153,25.2592],[79.4012,25.2624],[79.4019,25.2793],[79.3886,25.2862],[79.3835,25.2836],[79.3674,25.2943],[79.3672,25.2724],[79.3583,25.2635],[79.3511,25.27],[79.3497,25.2884],[79.331,25.2928],[79.3419,25.3046],[79.3345,25.3174],[79.3459,25.333],[79.2947,25.3402],[79.2913,25.3293],[79.2776,25.3281],[79.2601,25.3102],[79.256,25.2917],[79.2595,25.2714],[79.2657,25.2664],[79.2779,25.271],[79.2865,25.2811],[79.2878,25.2902],[79.31,25.2619],[79.3187,25.2631],[79.3319,25.2763],[79.3401,25.2728],[79.3445,25.2643],[79.3411,25.2305],[79.3291,25.2299],[79.347,25.2142],[79.3326,25.2008],[79.3258,25.2108],[79.3253,25.2224],[79.3108,25.2195],[79.2933,25.2402],[79.2736,25.2481],[79.2815,25.2271],[79.2788,25.1974],[79.3019,25.1753],[79.3145,25.1519],[79.3032,25.1333],[79.2822,25.1335],[79.2765,25.1203],[79.27,25.1262],[79.2601,25.1221],[79.2545,25.1305],[79.2621,25.1412],[79.2592,25.1533],[79.2506,25.1612],[79.2358,25.161],[79.2139,25.1484],[79.2249,25.1402],[79.2435,25.1408],[79.2377,25.1313],[79.2384,25.1164],[79.2228,25.1233],[79.2064,25.1138],[79.2071,25.1244],[79.1962,25.1317],[79.1967,25.1429],[79.1849,25.1511],[79.1668,25.1423],[79.1688,25.1316],[79.1799,25.1288],[79.1793,25.1177],[79.1724,25.1185],[79.1689,25.1119],[79.1566,25.1119],[79.1382,25.1184],[79.1292,25.1108],[79.1148,25.1178],[79.1251,25.1292],[79.1078,25.1437],[79.1204,25.1642],[79.0906,25.1762],[79.0843,25.1925],[79.0641,25.1725],[79.0581,25.1508],[79.0489,25.1475],[79.0431,25.1382],[79.0218,25.1432],[79.0358,25.1739],[79.0246,25.1866],[79.0428,25.2101],[79.0485,25.2098],[79.0551,25.2172],[79.0564,25.2257],[79.0265,25.2347],[79.0294,25.2493],[79.0121,25.2482],[79.016,25.2651],[79.0124,25.274],[79.005,25.277],[78.9868,25.275],[78.9712,25.2449],[78.9947,25.2337],[78.9933,25.2222],[79.0004,25.2161],[78.9958,25.1959],[78.9824,25.1992],[78.9639,25.2194],[78.9483,25.2202],[78.9242,25.2106],[78.8934,25.1732],[78.8771,25.1622],[78.8718,25.166],[78.8674,25.19],[78.8824,25.2111],[78.8671,25.2325],[78.8759,25.2558],[78.8917,25.2455],[78.9086,25.2744],[78.9183,25.2752],[78.9406,25.2627],[78.9484,25.2659],[78.9438,25.2801],[78.9475,25.2837],[78.97,25.2852],[78.9703,25.2911],[78.9528,25.3119],[78.9529,25.3499],[78.9276,25.3317],[78.9189,25.346],[78.9079,25.3394],[78.8852,25.3467],[78.8765,25.3445],[78.8756,25.334],[78.8564,25.317],[78.8669,25.311],[78.8724,25.2882],[78.8623,25.2831],[78.8418,25.2292],[78.8056,25.2709],[78.8117,25.2998],[78.8037,25.302],[78.7933,25.2931],[78.7832,25.2976],[78.7919,25.3148],[78.8146,25.311],[78.8333,25.3313],[78.8435,25.3324],[78.8454,25.3387],[78.8359,25.347],[78.8377,25.3522],[78.8747,25.3877],[78.9011,25.3893],[78.9154,25.3996],[78.931,25.4032],[78.9494,25.4002],[78.9512,25.3965],[78.9389,25.3891],[78.9311,25.3771],[78.8954,25.3808],[78.8925,25.3753],[78.897,25.3652],[78.9172,25.36],[78.9286,25.3518],[78.9387,25.3528],[78.9484,25.37],[78.9785,25.376],[78.9758,25.3887],[78.9682,25.3966],[78.9655,25.4115],[78.9689,25.4251],[78.9601,25.4389],[78.9426,25.4417],[78.9291,25.4283],[78.9032,25.4469],[78.9275,25.4657],[78.9356,25.48],[78.9352,25.4943],[78.9164,25.5208],[78.9196,25.5274],[78.9322,25.5244],[78.9419,25.5312],[78.9417,25.5514],[78.9307,25.5597],[78.9226,25.5568],[78.9168,25.5413],[78.9104,25.5593],[78.8855,25.5608],[78.8744,25.557],[78.8684,25.5442],[78.8776,25.5332],[78.876,25.5243],[78.8339,25.516],[78.8283,25.51],[78.827,25.5037],[78.846,25.4914],[78.8572,25.4671],[78.8537,25.4523],[78.8343,25.4325],[78.8197,25.4378],[78.8139,25.4463],[78.8372,25.448],[78.8457,25.4544],[78.8299,25.4657],[78.7895,25.4835],[78.7565,25.4762],[78.7436,25.4849],[78.7361,25.5043],[78.7318,25.5007],[78.7263,25.4901],[78.7246,25.4633],[78.7481,25.4484],[78.7551,25.4339],[78.7654,25.43],[78.7895,25.442],[78.8129,25.4304],[78.8077,25.4252],[78.7562,25.4193],[78.7431,25.4127],[78.7416,25.3986],[78.7546,25.4062],[78.7596,25.4021],[78.7589,25.3935],[78.7529,25.3903],[78.7612,25.3822],[78.7644,25.3584],[78.7357,25.3492],[78.7136,25.353],[78.7039,25.3586],[78.709,25.3788],[78.6928,25.3877],[78.6872,25.3806],[78.6716,25.3846],[78.6738,25.3912],[78.6694,25.3929],[78.6579,25.388],[78.652,25.4131],[78.6565,25.4201],[78.6691,25.4039],[78.7014,25.4289],[78.6858,25.4478],[78.6749,25.4381],[78.6527,25.444],[78.6454,25.4379],[78.6337,25.4381],[78.6368,25.4141],[78.6286,25.4065],[78.6192,25.407],[78.6144,25.4163],[78.6035,25.4171],[78.5946,25.4091],[78.5883,25.3921],[78.5789,25.3901],[78.5611,25.3957],[78.5569,25.3842],[78.5703,25.3848],[78.5778,25.3771],[78.5762,25.3519],[78.556,25.3486],[78.5351,25.364],[78.5251,25.363],[78.5315,25.3349],[78.5415,25.3266],[78.5251,25.3065],[78.5003,25.3041],[78.4922,25.3238],[78.4693,25.3033],[78.4671,25.293],[78.4406,25.3042],[78.4298,25.297],[78.4274,25.2887],[78.4358,25.2732],[78.454,25.2706],[78.4967,25.2939],[78.5053,25.2815],[78.5209,25.288],[78.5285,25.2745],[78.557,25.2693],[78.5686,25.2586],[78.5615,25.2274],[78.5698,25.202],[78.5937,25.1574],[78.5972,25.0979],[78.6203,25.0916],[78.6419,25.0615],[78.6442,25.0353],[78.6362,25.0214],[78.632,24.9837],[78.622,24.9649],[78.6424,24.9526],[78.6405,24.9404],[78.6537,24.9442],[78.6595,24.9175],[78.6684,24.9024],[78.6963,24.8947],[78.7029,24.884],[78.7189,24.8827],[78.7316,24.8723],[78.7467,24.8709],[78.7645,24.8614],[78.7805,24.815],[78.7801,24.807],[78.7645,24.795],[78.7632,24.7668],[78.7686,24.7548],[78.7724,24.7041],[78.76,24.6936],[78.755,24.6736],[78.7449,24.6693],[78.7401,24.66],[78.748,24.6371],[78.7495,24.605],[78.7769,24.5931],[78.7938,24.5982],[78.8018,24.6078],[78.8308,24.6089],[78.8391,24.6282],[78.8444,24.629],[78.8524,24.6209],[78.8665,24.6455],[78.8731,24.647],[78.8817,24.6397],[78.893,24.6138],[78.9056,24.6022],[78.9131,24.5813],[78.9447,24.5562],[78.94,24.5341],[78.9442,24.5095],[78.9664,24.4969],[78.9486,24.4862],[78.9307,24.4845],[78.9233,24.4884],[78.9244,24.4991],[78.9138,24.5008],[78.9009,24.4884],[78.9086,24.4668],[78.9311,24.46],[78.9444,24.4433],[78.982,24.4472],[78.9844,24.4414],[78.9869,24.4232],[78.9742,24.3986],[78.9669,24.3537],[78.9325,24.3189],[78.9078,24.3012],[78.9128,24.2895],[78.9117,24.2765],[78.8791,24.254],[78.8789,24.2231],[78.8628,24.214],[78.8388,24.2147],[78.8243,24.2013],[78.8135,24.2103],[78.8057,24.1843],[78.7917,24.1802],[78.7846,24.1851],[78.7763,24.21],[78.7605,24.2339],[78.7664,24.2506],[78.7603,24.2585],[78.7567,24.2597],[78.7526,24.2437],[78.7459,24.2393],[78.7375,24.2421],[78.7322,24.2538],[78.7265,24.2527],[78.7186,24.2392],[78.6989,24.2345],[78.6811,24.2441],[78.6691,24.245],[78.6544,24.2737],[78.6342,24.2894],[78.6217,24.2863],[78.6173,24.2961],[78.6228,24.3099],[78.6021,24.3183],[78.5936,24.3394],[78.5847,24.3434],[78.5784,24.3571],[78.5526,24.3606],[78.5276,24.3745],[78.5192,24.3874],[78.5054,24.394],[78.4898,24.3861],[78.4753,24.3674],[78.4678,24.3393],[78.4403,24.3255],[78.4335,24.3134],[78.4348,24.2977],[78.4265,24.2902],[78.4113,24.2876],[78.407,24.277],[78.3824,24.2739],[78.3617,24.2961],[78.3424,24.3054],[78.3394,24.3174],[78.3285,24.3255],[78.3254,24.3344],[78.3626,24.3782],[78.3609,24.3858],[78.3449,24.392],[78.3367,24.4039],[78.3183,24.4104],[78.2669,24.4474],[78.2603,24.46],[78.2696,24.4762],[78.2632,24.4831],[78.2396,24.4895],[78.2402,24.5096],[78.2197,24.5228],[78.2165,24.5316],[78.2242,24.5413],[78.2553,24.5523],[78.2589,24.5582],[78.2699,24.6154],[78.2567,24.6486],[78.2685,24.6671],[78.2508,24.7056],[78.2204,24.7474],[78.2258,24.7766],[78.209,24.8131],[78.1916,24.8397],[78.1653,24.8482],[78.1638,24.8571],[78.1654,24.8817],[78.1997,24.8962],[78.2139,24.9156],[78.2896,24.9681],[78.3096,24.9912],[78.3275,24.9996],[78.3381,25.0273],[78.325,25.0725],[78.3278,25.0888],[78.3744,25.1085],[78.3953,25.1305],[78.4247,25.1247],[78.4429,25.1288],[78.4183,25.1535],[78.4209,25.1576],[78.442,25.1574],[78.4465,25.169],[78.4439,25.1726],[78.4282,25.1696],[78.4173,25.1728],[78.4036,25.1889],[78.3854,25.1952],[78.3839,25.206],[78.3978,25.2178],[78.3752,25.2258],[78.3689,25.2417],[78.3545,25.2461],[78.3622,25.2654],[78.3451,25.283],[78.3452,25.2979],[78.3165,25.3046],[78.308,25.311],[78.3278,25.3276],[78.3313,25.3367],[78.3232,25.3553],[78.2962,25.365],[78.2955,25.3748],[78.2997,25.3838],[78.3107,25.3851],[78.3303,25.401],[78.3352,25.4311],[78.3476,25.4548],[78.3527,25.4553],[78.361,25.4466],[78.3774,25.4484],[78.3857,25.4542],[78.3938,25.4713],[78.4067,25.4792],[78.4207,25.4776],[78.4195,25.4905],[78.4094,25.5043],[78.4096,25.5186],[78.4167,25.5178],[78.4087,25.5329],[78.4293,25.5639],[78.4371,25.5644],[78.445,25.555],[78.4552,25.552],[78.4621,25.5675],[78.4863,25.5822],[78.5114,25.573],[78.5275,25.5729],[78.5418,25.5651],[78.5655,25.5679],[78.5812,25.5643],[78.6086,25.5891],[78.6181,25.587],[78.6234,25.571],[78.6486,25.5656],[78.677,25.5941],[78.7112,25.6066],[78.7243,25.6085],[78.741,25.6039],[78.7945,25.6176],[78.8052,25.6246],[78.8112,25.6455],[78.8113,25.6745],[78.7894,25.6998],[78.7912,25.7105],[78.7524,25.7274],[78.7458,25.738],[78.7468,25.7491],[78.7624,25.7523],[78.7658,25.7589],[78.7758,25.7615],[78.78,25.7751],[78.7996,25.7994],[78.8205,25.7994],[78.8223,25.8152],[78.8162,25.8176],[78.804,25.8102],[78.8005,25.8129],[78.7989,25.8182],[78.8112,25.8301],[78.841,25.8206],[78.8413,25.8052],[78.8497,25.7959],[78.8559,25.7944],[78.8619,25.7992],[78.8658,25.8344],[78.8529,25.8436],[78.8462,25.8388],[78.8466,25.8605],[78.8636,25.8747],[78.8827,25.8703],[78.8813,25.8884],[78.8872,25.899],[78.8764,25.9157],[78.8943,25.9259],[78.9098,25.9461],[78.9238,25.9528],[78.9211,25.9508],[78.9295,25.9494],[78.9255,25.9654],[78.9311,25.9763],[78.9236,25.9809],[78.9272,25.9865],[78.9362,25.9853],[78.9432,25.9907],[78.9453,26.0139],[78.9504,26.0199],[78.9443,26.037],[78.9682,26.0592],[78.9758,26.0599],[78.9825,26.0738],[78.9971,26.0739],[79.0032,26.0818],[79.0035,26.0943],[78.9901,26.0959],[78.9718,26.1087],[78.9692,26.1234],[78.9427,26.1391],[78.9653,26.1558],[78.9862,26.1505],[79.0007,26.155],[79.0034,26.173],[78.9918,26.1773],[78.9757,26.1928],[78.9774,26.1955],[78.9918,26.204],[79.0023,26.1968],[79.0149,26.1975],[79.0099,26.2049],[79.0206,26.2086],[79.0171,26.2322],[79.0247,26.2343],[79.0406,26.2293],[79.0571,26.2329],[79.0565,26.2419],[79.0627,26.2469],[79.0584,26.2539],[79.0489,26.2537],[79.037,26.267],[79.0485,26.266],[79.0468,26.2706],[79.0533,26.2796],[79.0687,26.2878],[79.0777,26.2872],[79.0761,26.2752],[79.0836,26.2724],[79.0864,26.2837],[79.0831,26.2939],[79.0938,26.3119],[79.098,26.3147],[79.1088,26.3086],[79.1266,26.316],[79.1272,26.3214],[79.1157,26.3285],[79.1156,26.3351],[79.127,26.3317],[79.125,26.3379],[79.1337,26.345],[79.1232,26.3447],[79.1166,26.3536],[79.1034,26.3595],[79.0964,26.3556],[79.0967,26.3596],[79.0842,26.3597],[79.0768,26.366],[79.0792,26.3729],[79.0905,26.3794],[79.0807,26.4055],[79.0868,26.4178],[79.1007,26.4117],[79.1172,26.4171],[79.1191,26.4329],[79.1268,26.4448],[79.0949,26.4571],[79.0894,26.4509],[79.0833,26.453],[79.0809,26.4439],[79.0613,26.4494],[79.0575,26.4561],[79.0485,26.4561],[79.0471,26.4614],[79.0643,26.4868],[79.0609,26.5033],[79.0509,26.5008],[79.0393,26.5157],[79.041,26.5228],[79.0313,26.5248],[79.0331,26.536],[79.0196,26.5414],[79.0205,26.5517],[79.008,26.5478],[78.998,26.5509],[78.9977,26.5559],[79.0067,26.5578],[78.998,26.564],[78.9982,26.5742],[78.9913,26.5823],[78.9796,26.5741],[78.978,26.5924],[79.0057,26.6105],[79.0031,26.6267],[78.9872,26.6442],[79.0012,26.6739],[78.9932,26.6846],[78.9739,26.6825],[78.9479,26.6626],[78.9379,26.6627],[78.937,26.6723],[78.9499,26.6919],[78.9481,26.6967],[78.9039,26.7134],[78.8829,26.7044],[78.8649,26.7047],[78.8407,26.7261],[78.8114,26.7655],[78.7987,26.7691],[78.7664,26.7645],[78.7411,26.7925],[78.7229,26.7793],[78.7178,26.7872],[78.7214,26.7977],[78.7153,26.8002],[78.6774,26.7924],[78.6675,26.7742],[78.659,26.7692],[78.6204,26.7752],[78.6065,26.7575],[78.5658,26.7577],[78.5156,26.7851],[78.4508,26.7981],[78.4259,26.8323],[78.3897,26.8249],[78.3646,26.8688],[78.3514,26.8744],[78.2821,26.8641],[78.2678,26.8497],[78.2653,26.8247],[78.2609,26.821],[78.223,26.8372],[78.2098,26.8361],[78.214,26.8485],[78.2045,26.8556],[78.1911,26.8886],[78.2049,26.8774],[78.2266,26.8826],[78.2298,26.8939],[78.2527,26.9046],[78.2622,26.9235],[78.2583,26.934],[78.2473,26.9308],[78.2327,26.9337],[78.2159,26.954],[78.2052,26.9389],[78.1905,26.9468],[78.1395,26.9571],[78.1113,26.9532],[78.1079,26.9483],[78.1152,26.9382],[78.1127,26.9275],[78.0954,26.9291],[78.1015,26.905],[78.091,26.9117],[78.0868,26.902],[78.0605,26.9159],[78.0422,26.9154],[78.0478,26.8748],[78.0376,26.877],[78.0311,26.8655],[78.022,26.8609],[78.0164,26.8638],[78.0279,26.8762],[78.0176,26.882],[78.0217,26.8948],[78.0141,26.9084],[78.0067,26.9107],[77.9919,26.9109],[77.985,26.9014],[77.9751,26.8975],[77.9668,26.903],[77.963,26.9126],[77.942,26.8998],[77.9288,26.9128],[77.9096,26.9143],[77.9066,26.924],[77.8999,26.9245],[77.8969,26.92],[77.9028,26.9011],[77.8961,26.8897],[77.8901,26.8895],[77.8715,26.9055],[77.8213,26.9262],[77.8146,26.9228],[77.7992,26.9283],[77.7889,26.9223],[77.7731,26.9326],[77.7735,26.9363],[77.7534,26.9377],[77.7443,26.9232],[77.7406,26.9269],[77.729,26.9258],[77.7189,26.9164],[77.7108,26.903],[77.7199,26.8967],[77.7158,26.8813],[77.6977,26.88],[77.6937,26.8729],[77.6784,26.8783],[77.6646,26.8598],[77.6249,26.8467],[77.6162,26.8485],[77.6045,26.8328],[77.6002,26.8425],[77.5881,26.8334],[77.5721,26.832],[77.5564,26.822],[77.5357,26.8254],[77.5207,26.822],[77.512,26.828],[77.5137,26.8451],[77.498,26.848],[77.481,26.7878],[77.4967,26.7741],[77.4804,26.7539],[77.4483,26.7468],[77.4643,26.7696],[77.456,26.7804],[77.4286,26.7701],[77.4286,26.7858],[77.4392,26.8192],[77.4175,26.8428],[77.4262,26.8531],[77.4225,26.867],[77.4365,26.8679],[77.4418,26.8776],[77.4542,26.8767],[77.4552,26.8896],[77.4825,26.9038],[77.5798,26.9309],[77.5874,26.9446],[77.5938,26.9377],[77.6489,26.9738],[77.6566,26.9741],[77.6653,26.9669],[77.6703,26.9771],[77.6919,26.979],[77.7146,26.9917],[77.7363,26.9882],[77.7397,26.998],[77.7477,26.9985],[77.7425,27.0064],[77.755,27.0228],[77.7439,27.0237],[77.7355,27.0337],[77.7265,27.0315],[77.7202,27.0141],[77.7223,27.0003],[77.7139,26.998],[77.6966,27.007],[77.6957,27.0161],[77.682,27.0329],[77.6843,27.0449],[77.6782,27.0505],[77.6708,27.0489],[77.657,27.0227],[77.6343,27.027],[77.6274,27.0155],[77.6156,27.0274],[77.5906,27.0317],[77.5839,27.0393],[77.5751,27.0416],[77.5574,27.0369],[77.5589,27.0488],[77.5668,27.0603],[77.5657,27.078],[77.5463,27.0807],[77.5265,27.0665],[77.5143,27.0704],[77.5182,27.0881],[77.511,27.0939],[77.4994,27.094],[77.5023,27.0992],[77.5138,27.1081],[77.5294,27.1041],[77.5444,27.1156],[77.5908,27.1231],[77.5973,27.1291],[77.5937,27.148],[77.6065,27.1541],[77.6051,27.1685],[77.6148,27.1748],[77.6359,27.1701],[77.6546,27.1756],[77.673,27.2004],[77.6566,27.213],[77.6395,27.2173],[77.6442,27.2389],[77.6384,27.2407],[77.6391,27.2471],[77.6258,27.2623],[77.6128,27.2603],[77.6066,27.2727],[77.6141,27.2792],[77.6031,27.2949],[77.5917,27.3006],[77.6135,27.3148],[77.6141,27.3434],[77.593,27.338],[77.5745,27.3267],[77.5427,27.3424],[77.5391,27.3531],[77.522,27.3576],[77.4972,27.3814],[77.4759,27.3877],[77.4666,27.3843],[77.4319,27.3992],[77.4268,27.4166],[77.4152,27.4254],[77.4183,27.4422],[77.4273,27.451],[77.4296,27.462],[77.4155,27.4661],[77.4074,27.4764],[77.3964,27.4778],[77.392,27.502],[77.3824,27.5166],[77.3522,27.52],[77.3351,27.53],[77.3325,27.5385],[77.3402,27.5467],[77.3336,27.5546],[77.3304,27.5711],[77.3501,27.5934],[77.3352,27.6015],[77.3258,27.5969],[77.3112,27.6117],[77.3423,27.653],[77.335,27.6814],[77.3365,27.6962],[77.3305,27.7111],[77.3024,27.7132],[77.2976,27.7187],[77.2963,27.7298],[77.3123,27.7387],[77.3013,27.7565],[77.3041,27.788],[77.2954,27.7998],[77.2758,27.8065],[77.2897,27.8178],[77.2889,27.8291],[77.3129,27.8301],[77.3273,27.8377],[77.3241,27.8409],[77.3292,27.852],[77.3393,27.8596],[77.3526,27.8564],[77.3739,27.8637],[77.4124,27.8591],[77.4016,27.8819],[77.4123,27.8962],[77.4222,27.8945],[77.4422,27.8785],[77.4585,27.8853],[77.4725,27.9012],[77.4746,27.9121],[77.4685,27.9319],[77.4777,27.9402],[77.4847,27.9439],[77.4954,27.9308],[77.5112,27.9374],[77.5192,27.9319],[77.5361,27.9493],[77.5359,27.9655],[77.515,27.9655],[77.5096,27.9733],[77.5352,27.9933],[77.5119,28.0103],[77.5065,28.0223],[77.4897,28.0393],[77.4791,28.0442],[77.4829,28.0607],[77.4689,28.086],[77.4731,28.1037],[77.4782,28.108],[77.4828,28.1079],[77.486,28.0974],[77.4923,28.098],[77.4914,28.1127],[77.4996,28.1274],[77.4985,28.1357],[77.4873,28.1414],[77.4953,28.1458],[77.4964,28.1599],[77.5318,28.1703],[77.5424,28.1817],[77.5379,28.1909],[77.5057,28.1955],[77.5015,28.1872],[77.4921,28.1851],[77.4891,28.212],[77.4976,28.213],[77.5191,28.2018],[77.5233,28.2072],[77.5156,28.2298],[77.5412,28.2477],[77.5388,28.2544],[77.5123,28.2543],[77.4673,28.2697],[77.4648,28.2774],[77.4723,28.2812],[77.4927,28.2806],[77.4958,28.307],[77.4638,28.338],[77.4942,28.3583],[77.4859,28.3797],[77.4668,28.3997],[77.4739,28.4038],[77.4746,28.4135],[77.436,28.4316],[77.4258,28.4545],[77.3978,28.4586],[77.3948,28.4628],[77.4,28.4667],[77.3979,28.4712],[77.3694,28.4807],[77.3605,28.4979],[77.3432,28.5036],[77.3215,28.5359],[77.2952,28.5612],[77.2936,28.5797],[77.3071,28.5969],[77.3362,28.6089],[77.3342,28.627],[77.3112,28.6446],[77.3179,28.6793],[77.3271,28.6852],[77.3198,28.7036],[77.3235,28.7159],[77.3062,28.7177],[77.2929,28.7098],[77.2849,28.7125],[77.2844,28.7239],[77.2769,28.7344],[77.2562,28.7399],[77.2532,28.7528],[77.238,28.7592],[77.2171,28.7817],[77.2247,28.7876],[77.2027,28.7894],[77.1944,28.8023],[77.1946,28.8154],[77.2136,28.8135],[77.2173,28.8353],[77.2078,28.8602],[77.1869,28.8668],[77.178,28.8856],[77.2212,28.9041],[77.2215,28.9081],[77.1968,28.9209],[77.2054,28.9365],[77.1908,28.9469],[77.1901,28.9557],[77.2142,29.006],[77.1626,29.0486],[77.1572,29.0775],[77.122,29.1058],[77.1386,29.1348],[77.1266,29.154],[77.1273,29.1629],[77.14,29.1821],[77.1362,29.2075],[77.1252,29.2249],[77.1428,29.2378],[77.144,29.2433],[77.1295,29.2728],[77.1542,29.3169],[77.15,29.3317],[77.1539,29.3355],[77.1464,29.3451],[77.1237,29.345],[77.1175,29.3572],[77.1169,29.3767],[77.1468,29.3898],[77.1291,29.4025],[77.1259,29.4106],[77.1249,29.4222],[77.1394,29.4421],[77.1143,29.4619],[77.1154,29.4754],[77.1233,29.4861],[77.1199,29.4973],[77.0976,29.512],[77.0849,29.5336],[77.0894,29.5447],[77.1097,29.553],[77.102,29.577],[77.0856,29.6008],[77.1005,29.6223],[77.1011,29.6331],[77.1097,29.6472],[77.1313,29.663],[77.1192,29.6858],[77.1255,29.6969],[77.1399,29.7002],[77.1433,29.706],[77.1402,29.7173],[77.1226,29.736],[77.1226,29.7428],[77.113,29.7486],[77.1189,29.7642],[77.117,29.7709],[77.1183,29.7756],[77.132,29.779],[77.1524,29.7933],[77.154,29.8138],[77.169,29.8296],[77.1676,29.8464],[77.1825,29.8733],[77.1849,29.8949],[77.1796,29.9023],[77.1891,29.922],[77.2296,29.9619],[77.2355,29.9812],[77.2505,29.9885],[77.2632,30.0022],[77.2731,30.034],[77.2704,30.0483],[77.2861,30.0575],[77.3317,30.0645],[77.3685,30.0916],[77.3967,30.0958],[77.4144,30.1071],[77.4142,30.1111],[77.4006,30.1133],[77.398,30.1187],[77.4126,30.1277],[77.4178,30.1412],[77.4114,30.1497],[77.4235,30.1685],[77.4468,30.1686],[77.456,30.181],[77.4733,30.1886],[77.496,30.2336],[77.5198,30.2601],[77.5268,30.2823],[77.5704,30.3112],[77.575,30.3261],[77.5699,30.3371],[77.592,30.3709],[77.5901,30.3773],[77.5749,30.3845],[77.5762,30.3899],[77.5631,30.4045],[77.5775,30.4125],[77.5847,30.4088]]]}},{"type":"Feature","id":"Uttaranchal","properties":{"name":"Uttaranchal","type":"State","code":""},"geometry":{"type":"Polygon","coordinates":[[[79.1948,31.3536],[79.2216,31.3373],[79.2215,31.3194],[79.2481,31.2966],[79.2477,31.2853],[79.2338,31.2692],[79.2339,31.254],[79.2433,31.2469],[79.2628,31.2453],[79.2728,31.2307],[79.2884,31.1956],[79.2821,31.1809],[79.2849,31.1701],[79.2996,31.1492],[79.3087,31.1401],[79.3213,31.1375],[79.3251,31.1298],[79.3819,31.1184],[79.3924,31.0798],[79.4017,31.0799],[79.4084,31.073],[79.4131,31.0376],[79.4971,31.0414],[79.5029,31.0376],[79.5054,31.0231],[79.5225,31.0081],[79.5194,30.9934],[79.5377,30.9913],[79.5311,30.9741],[79.5536,30.9589],[79.5757,30.9544],[79.5872,30.9431],[79.6158,30.9618],[79.6494,30.9706],[79.6539,30.9858],[79.7048,30.9834],[79.7248,30.9909],[79.7421,31.0068],[79.7603,30.9931],[79.805,30.9778],[79.8303,30.984],[79.8549,30.9789],[79.8712,30.9492],[79.8747,30.9304],[79.8975,30.9217],[79.915,30.8922],[79.9416,30.892],[79.9598,30.8856],[79.9965,30.8663],[80.0181,30.8465],[80.0441,30.844],[80.0503,30.8328],[80.0695,30.8193],[80.0741,30.7997],[80.1031,30.7797],[80.1131,30.7808],[80.1253,30.7935],[80.1375,30.796],[80.1395,30.8112],[80.1573,30.8128],[80.1849,30.7866],[80.1905,30.7638],[80.2072,30.7575],[80.2148,30.7665],[80.2238,30.7641],[80.2373,30.7377],[80.2236,30.7147],[80.2198,30.6973],[80.1855,30.6823],[80.1805,30.6699],[80.209,30.6451],[80.1985,30.6231],[80.2121,30.6146],[80.206,30.5974],[80.2157,30.579],[80.2402,30.5654],[80.2532,30.5752],[80.2606,30.5665],[80.2676,30.5738],[80.2989,30.5698],[80.3072,30.5668],[80.32,30.5512],[80.3813,30.5235],[80.4006,30.5312],[80.4235,30.5057],[80.4569,30.4939],[80.4897,30.4891],[80.5143,30.4606],[80.5265,30.4543],[80.5351,30.464],[80.5556,30.4672],[80.5664,30.4886],[80.5842,30.4872],[80.6382,30.4504],[80.6659,30.4434],[80.6998,30.4183],[80.7375,30.3981],[80.7567,30.3793],[80.776,30.3432],[80.8113,30.32],[80.9167,30.288],[80.9941,30.2705],[81.011,30.2628],[81.0196,30.253],[81.0189,30.2368],[80.9904,30.2468],[80.9779,30.238],[80.9292,30.2359],[80.9119,30.2232],[80.8857,30.1944],[80.8872,30.1883],[80.8818,30.1813],[80.8646,30.1689],[80.8731,30.1609],[80.8792,30.1285],[80.8467,30.1161],[80.8436,30.1105],[80.8471,30.1023],[80.8392,30.0977],[80.8234,30.0998],[80.8172,30.0963],[80.8034,30.0856],[80.7814,30.0569],[80.7629,30.0495],[80.7574,30.0394],[80.7593,30.0239],[80.7494,30.0066],[80.7398,29.9995],[80.7213,30.0004],[80.6779,29.9581],[80.6503,29.9559],[80.6316,29.9652],[80.6053,29.9587],[80.5921,29.9484],[80.576,29.9234],[80.5714,29.909],[80.5743,29.8944],[80.5586,29.8706],[80.5633,29.8664],[80.5531,29.8564],[80.5545,29.8492],[80.5406,29.8471],[80.5376,29.8387],[80.5234,29.827],[80.509,29.823],[80.4992,29.811],[80.5019,29.8087],[80.4956,29.8021],[80.4972,29.7974],[80.4813,29.7957],[80.4657,29.8023],[80.4492,29.7989],[80.4377,29.8057],[80.4306,29.798],[80.4148,29.7919],[80.4086,29.7944],[80.3993,29.7593],[80.3869,29.7585],[80.3875,29.7505],[80.3697,29.7506],[80.3677,29.7249],[80.377,29.7203],[80.3737,29.7153],[80.3816,29.701],[80.386,29.675],[80.4004,29.6586],[80.4082,29.6596],[80.4159,29.6542],[80.4157,29.6443],[80.4219,29.6391],[80.4228,29.6302],[80.4127,29.6253],[80.4074,29.6128],[80.4095,29.5949],[80.3932,29.5816],[80.39,29.572],[80.3808,29.5715],[80.3805,29.5613],[80.3654,29.5641],[80.3657,29.5566],[80.3444,29.5529],[80.3473,29.5486],[80.3434,29.5416],[80.3598,29.5319],[80.3501,29.5235],[80.3513,29.5189],[80.3442,29.511],[80.3352,29.5128],[80.3304,29.5053],[80.315,29.4978],[80.3152,29.4848],[80.3016,29.4906],[80.2948,29.4789],[80.2884,29.4772],[80.3042,29.4531],[80.2822,29.451],[80.2822,29.4575],[80.2771,29.4584],[80.271,29.4551],[80.276,29.4495],[80.2598,29.4518],[80.2448,29.4445],[80.249,29.4324],[80.2477,29.416],[80.2433,29.4116],[80.2769,29.3922],[80.2746,29.3862],[80.2806,29.3789],[80.2728,29.3732],[80.2729,29.3637],[80.2809,29.3599],[80.2811,29.3476],[80.2986,29.3237],[80.3113,29.3221],[80.3186,29.3134],[80.3196,29.3016],[80.306,29.2853],[80.302,29.242],[80.2924,29.2319],[80.299,29.205],[80.2953,29.1976],[80.2862,29.1968],[80.2766,29.207],[80.2625,29.2066],[80.2586,29.2178],[80.2499,29.2206],[80.2424,29.2033],[80.2596,29.1874],[80.26,29.1657],[80.2734,29.142],[80.2557,29.1379],[80.235,29.1184],[80.2114,29.1218],[80.2052,29.1293],[80.186,29.1373],[80.146,29.103],[80.1301,29.061],[80.1382,29.0589],[80.1263,29.013],[80.1373,29.0073],[80.1285,29.0059],[80.1196,28.9817],[80.1019,28.9864],[80.0601,28.9163],[80.0663,28.8373],[80.0724,28.8297],[80.0584,28.8353],[80.0257,28.7999],[80.0405,28.7831],[80.0348,28.7632],[80.0057,28.7295],[79.9883,28.717],[79.9529,28.7175],[79.9224,28.7327],[79.912,28.765],[79.8889,28.7858],[79.9013,28.8021],[79.8673,28.7965],[79.8405,28.8087],[79.8462,28.8213],[79.8756,28.8183],[79.8753,28.8302],[79.8606,28.8341],[79.8541,28.8443],[79.8245,28.8448],[79.8128,28.8302],[79.8159,28.8123],[79.8013,28.8045],[79.7834,28.8054],[79.7862,28.8209],[79.7948,28.8147],[79.8012,28.8296],[79.7937,28.8393],[79.7982,28.846],[79.7946,28.8529],[79.8081,28.8563],[79.8086,28.8628],[79.8028,28.8718],[79.7916,28.8704],[79.7906,28.8774],[79.7745,28.8918],[79.7598,28.8895],[79.75,28.8934],[79.7404,28.8832],[79.7122,28.8807],[79.7052,28.8702],[79.6881,28.8682],[79.6843,28.8573],[79.6729,28.8576],[79.6662,28.8483],[79.6541,28.8487],[79.6135,28.8687],[79.6036,28.8647],[79.5923,28.8666],[79.5766,28.8503],[79.5509,28.8459],[79.5477,28.8543],[79.554,28.8785],[79.5365,28.8925],[79.5072,28.8633],[79.4766,28.8672],[79.4597,28.8592],[79.4335,28.8616],[79.4239,28.8552],[79.4112,28.8559],[79.3957,28.8854],[79.4011,28.8998],[79.4014,28.9323],[79.3894,28.9383],[79.377,28.9371],[79.3597,28.9705],[79.3519,28.9524],[79.3072,28.9585],[79.2989,28.9531],[79.2789,28.9648],[79.2643,28.9821],[79.2394,28.9999],[79.2377,29.0068],[79.204,29.0291],[79.1976,29.0221],[79.183,29.0242],[79.1849,29.018],[79.1686,29.0159],[79.1583,29.0229],[79.1542,29.0329],[79.1587,29.0342],[79.1654,29.0513],[79.1437,29.0601],[79.137,29.0693],[79.1347,29.0819],[79.144,29.1066],[79.1422,29.1197],[79.1308,29.1294],[79.1178,29.1339],[79.1007,29.1317],[79.0729,29.152],[79.0461,29.1547],[79.0338,29.1711],[79.027,29.1723],[79.0218,29.1673],[79.0275,29.1607],[79.0264,29.1499],[79.011,29.1572],[79.0088,29.1362],[79.031,29.1302],[79.0261,29.1216],[79.017,29.1179],[79.0066,29.1205],[79.0006,29.1166],[78.9926,29.1336],[78.9835,29.1373],[78.979,29.1548],[78.9666,29.1656],[78.9515,29.1597],[78.9444,29.1496],[78.9236,29.1571],[78.9145,29.149],[78.9004,29.1506],[78.895,29.1568],[78.9048,29.1632],[78.9057,29.1803],[78.8943,29.1959],[78.8992,29.2026],[78.8877,29.2103],[78.8921,29.2149],[78.8829,29.2253],[78.8701,29.2285],[78.871,29.2407],[78.8526,29.2613],[78.8423,29.2543],[78.8313,29.2607],[78.8138,29.2523],[78.7999,29.2579],[78.7874,29.2653],[78.786,29.273],[78.7815,29.2712],[78.7586,29.2867],[78.7668,29.2859],[78.7611,29.2933],[78.7139,29.3174],[78.7273,29.3175],[78.7283,29.3342],[78.7415,29.3326],[78.747,29.3433],[78.7574,29.3498],[78.7659,29.3411],[78.7825,29.3464],[78.7813,29.332],[78.7888,29.3293],[78.7979,29.3383],[78.7901,29.3521],[78.7972,29.3556],[78.809,29.3829],[78.815,29.3853],[78.811,29.3803],[78.8142,29.37],[78.8288,29.3682],[78.8363,29.3714],[78.8325,29.3814],[78.8568,29.3856],[78.8602,29.3939],[78.8702,29.3924],[78.8965,29.4236],[78.9004,29.4467],[78.9229,29.4562],[78.9198,29.4602],[78.9003,29.4562],[78.8658,29.4596],[78.7855,29.476],[78.7658,29.4838],[78.7391,29.505],[78.6934,29.5089],[78.6396,29.5478],[78.6052,29.5618],[78.5765,29.5806],[78.5274,29.6244],[78.5115,29.6507],[78.5003,29.7153],[78.4902,29.7249],[78.4876,29.7414],[78.4736,29.7485],[78.4321,29.7581],[78.4126,29.7724],[78.386,29.7739],[78.3317,29.7962],[78.3029,29.7576],[78.2314,29.7041],[78.2213,29.7176],[78.1935,29.7101],[78.1822,29.6916],[78.1659,29.6795],[78.1391,29.6761],[78.134,29.6585],[78.1148,29.6452],[78.107,29.6332],[78.0906,29.6248],[78.0821,29.6018],[78.0593,29.6016],[78.0439,29.5931],[78.0365,29.5809],[78.0426,29.5719],[78.0372,29.5653],[78.0369,29.5526],[77.9942,29.5551],[77.988,29.5459],[77.9771,29.5581],[77.9838,29.5881],[77.9727,29.5832],[77.9532,29.5847],[77.9473,29.5904],[77.9532,29.6024],[77.9519,29.616],[77.9624,29.61],[77.9768,29.614],[77.9731,29.632],[77.977,29.6421],[77.9654,29.6555],[77.9722,29.6757],[77.9623,29.6703],[77.9431,29.6916],[77.9463,29.6955],[77.9423,29.702],[77.952,29.7054],[77.9408,29.7146],[77.9272,29.7146],[77.9048,29.7026],[77.9102,29.6989],[77.8739,29.702],[77.8699,29.694],[77.8541,29.6889],[77.829,29.6693],[77.7925,29.6819],[77.7892,29.6859],[77.7974,29.6978],[77.7949,29.7005],[77.7577,29.7159],[77.7693,29.7347],[77.7609,29.7527],[77.7657,29.7637],[77.7654,29.7757],[77.7605,29.7813],[77.7647,29.7855],[77.7421,29.8095],[77.7423,29.8246],[77.7292,29.8376],[77.7301,29.8531],[77.7133,29.8565],[77.702,29.8718],[77.703,29.8898],[77.7111,29.8881],[77.733,29.9135],[77.7288,29.9286],[77.7177,29.935],[77.745,29.9676],[77.7301,29.9875],[77.7408,29.9941],[77.7491,30.0141],[77.7723,30.0263],[77.7733,30.033],[77.7576,30.0482],[77.7864,30.1],[77.7919,30.1019],[77.8131,30.0896],[77.8253,30.1047],[77.8385,30.1123],[77.8655,30.1551],[77.896,30.1863],[77.9031,30.2131],[77.9181,30.2248],[77.9315,30.247],[77.8964,30.266],[77.874,30.2742],[77.861,30.2714],[77.8124,30.2908],[77.7513,30.3247],[77.7108,30.3388],[77.6913,30.3582],[77.6733,30.3857],[77.6641,30.384],[77.6613,30.3932],[77.6476,30.3981],[77.6342,30.4109],[77.6221,30.4048],[77.6092,30.4104],[77.5864,30.408],[77.5775,30.4125],[77.5631,30.4045],[77.5629,30.4171],[77.5904,30.4338],[77.612,30.4384],[77.6305,30.4362],[77.6402,30.4524],[77.6616,30.4488],[77.6791,30.4517],[77.7112,30.4773],[77.7214,30.4778],[77.7676,30.5044],[77.7992,30.5114],[77.8106,30.5332],[77.8032,30.5638],[77.7783,30.5574],[77.7618,30.563],[77.7436,30.5898],[77.7295,30.5984],[77.7348,30.6082],[77.7544,30.6008],[77.7566,30.6203],[77.782,30.6194],[77.7713,30.6285],[77.7755,30.6375],[77.7683,30.6515],[77.7791,30.6638],[77.7659,30.6653],[77.7334,30.6858],[77.7336,30.6975],[77.7411,30.7107],[77.7222,30.7306],[77.7203,30.7382],[77.6916,30.7483],[77.6883,30.7687],[77.7045,30.779],[77.7194,30.8083],[77.7444,30.8299],[77.7441,30.8362],[77.7315,30.8508],[77.7417,30.8642],[77.7445,30.8812],[77.7545,30.8824],[77.7652,30.8652],[77.7894,30.8585],[77.7835,30.8721],[77.7844,30.8884],[77.8009,30.9127],[77.7956,30.9238],[77.7456,30.9223],[77.7465,30.934],[77.7367,30.9396],[77.7346,30.9596],[77.7539,30.9768],[77.7639,30.977],[77.7784,30.9723],[77.8023,30.9551],[77.8171,30.9536],[77.8189,30.9601],[77.8046,30.961],[77.7964,30.9698],[77.8136,30.9989],[77.8101,31.0052],[77.8253,31.0081],[77.8188,31.0158],[77.8216,31.0299],[77.8151,31.0339],[77.8006,31.0621],[77.8147,31.0609],[77.8247,31.0744],[77.8428,31.0813],[77.8504,31.0952],[77.8515,31.111],[77.8787,31.1247],[77.8804,31.1374],[77.8897,31.149],[77.8875,31.1547],[77.9022,31.1588],[77.9147,31.1566],[77.9548,31.1788],[77.9694,31.1652],[77.9926,31.167],[78.0142,31.1549],[78.0162,31.1715],[78.03,31.1853],[78.0538,31.1929],[78.0877,31.1908],[78.1138,31.2062],[78.1192,31.214],[78.1349,31.2161],[78.1478,31.2316],[78.1714,31.2318],[78.1876,31.2222],[78.2003,31.2257],[78.2068,31.2372],[78.2326,31.235],[78.269,31.2714],[78.2934,31.266],[78.2984,31.2882],[78.3169,31.2851],[78.3563,31.2909],[78.3693,31.2879],[78.3735,31.2792],[78.3814,31.2815],[78.3931,31.2623],[78.3914,31.253],[78.3975,31.2478],[78.4144,31.2509],[78.4195,31.2599],[78.4441,31.2442],[78.4666,31.2209],[78.4701,31.2038],[78.5371,31.2067],[78.5666,31.2337],[78.5954,31.2364],[78.6345,31.2219],[78.6477,31.1947],[78.6598,31.2033],[78.7075,31.195],[78.7495,31.1944],[78.795,31.205],[78.8032,31.1992],[78.7976,31.1825],[78.8117,31.1694],[78.8102,31.1639],[78.8187,31.1472],[78.8378,31.1307],[78.852,31.1262],[78.8623,31.1124],[78.88,31.1038],[78.8968,31.1056],[78.9038,31.1155],[78.9127,31.1162],[78.9205,31.1076],[78.9421,31.105],[78.9657,31.1154],[78.9967,31.1176],[78.9892,31.1374],[78.9758,31.1507],[78.9775,31.1702],[78.9719,31.1824],[78.9462,31.1936],[78.9359,31.2057],[78.9351,31.2224],[78.9196,31.2231],[78.9099,31.2339],[78.9069,31.2592],[78.9166,31.2666],[78.916,31.2872],[78.9248,31.3067],[78.9231,31.3254],[78.937,31.3425],[78.9916,31.364],[78.9946,31.3793],[79.0068,31.4006],[79.0342,31.428],[79.0355,31.4532],[79.0452,31.4681],[79.0568,31.4723],[79.0762,31.4583],[79.1289,31.4387],[79.1948,31.3536]]]}},{"type":"Feature","id":"West Bengal","properties":{"name":"West Bengal","type":"State","code":""},"geometry":{"type":"MultiPolygon","coordinates":[[[[88.0186,21.5728],[88.0205,21.5667],[88.0158,21.5817],[88.0186,21.5728]]],[[[88.4977,21.5998],[88.5339,21.5781],[88.5303,21.5681],[88.5317,21.5636],[88.5344,21.5661],[88.5289,21.555],[88.5314,21.5425],[88.5061,21.5411],[88.5117,21.5581],[88.5031,21.5653],[88.5097,21.5586],[88.5042,21.5445],[88.4817,21.5547],[88.4861,21.5883],[88.4977,21.5998]]],[[[88.1778,21.6011],[88.1794,21.5889],[88.1889,21.5819],[88.1867,21.56],[88.1744,21.5667],[88.1678,21.5917],[88.1694,21.5995],[88.1778,21.6011]]],[[[88.8347,21.6072],[88.8464,21.5994],[88.8753,21.5928],[88.8936,21.5783],[88.9036,21.5558],[88.8953,21.5503],[88.8753,21.5489],[88.8428,21.5539],[88.8283,21.5769],[88.8308,21.6042],[88.8347,21.6072]]],[[[88.7289,21.6371],[88.7352,21.6116],[88.7572,21.599],[88.7481,21.591],[88.7469,21.5775],[88.7358,21.5717],[88.7144,21.5783],[88.7072,21.5942],[88.7133,21.6258],[88.7208,21.6383],[88.7289,21.6371]]],[[[88.5372,21.6386],[88.5717,21.6231],[88.5875,21.6019],[88.5865,21.5884],[88.5786,21.5773],[88.55,21.5636],[88.5436,21.5667],[88.5369,21.587],[88.5564,21.5991],[88.5567,21.6044],[88.5369,21.5884],[88.51,21.6022],[88.5242,21.6261],[88.5203,21.6435],[88.5244,21.6532],[88.5372,21.6386]]],[[[88.8924,21.6521],[88.8939,21.6492],[88.889,21.6546],[88.8924,21.6521]]],[[[88.7719,21.6531],[88.7756,21.6467],[88.7705,21.6347],[88.7739,21.6197],[88.7908,21.6019],[88.7822,21.5961],[88.7943,21.5998],[88.7981,21.5917],[88.7878,21.5806],[88.7511,21.5769],[88.7489,21.5892],[88.7584,21.5997],[88.7361,21.6124],[88.7296,21.64],[88.7654,21.6546],[88.7719,21.6531]]],[[[88.9658,21.6415],[88.9914,21.6436],[88.9951,21.6273],[88.9925,21.6167],[88.9707,21.6133],[88.9559,21.6176],[88.9586,21.6225],[88.9397,21.6467],[88.9552,21.6771],[88.9658,21.6415]]],[[[88.6344,21.6567],[88.6303,21.6492],[88.6297,21.6653],[88.6404,21.6786],[88.6344,21.6567]]],[[[88.5769,21.6917],[88.5858,21.6581],[88.5938,21.6536],[88.6055,21.6251],[88.6014,21.6203],[88.5911,21.6183],[88.554,21.6395],[88.5546,21.6471],[88.5708,21.666],[88.5675,21.6905],[88.5769,21.6917]]],[[[88.5919,21.6942],[88.6063,21.68],[88.6044,21.6711],[88.5885,21.6573],[88.5804,21.683],[88.5917,21.69],[88.5881,21.7016],[88.5919,21.6942]]],[[[88.9845,21.7057],[88.9897,21.7008],[88.9939,21.6736],[88.9873,21.6648],[88.9879,21.653],[88.9964,21.649],[89.0228,21.654],[89.0223,21.6361],[89.0375,21.6181],[89.0288,21.6048],[89,21.6017],[88.9924,21.6441],[88.9684,21.6417],[88.964,21.6457],[88.9633,21.663],[88.9544,21.6794],[88.9508,21.7007],[88.9732,21.6974],[88.9845,21.7057]]],[[[88.8067,21.7067],[88.8103,21.6936],[88.8072,21.6658],[88.7969,21.6553],[88.7872,21.6592],[88.7942,21.6644],[88.7847,21.66],[88.7705,21.6656],[88.7589,21.6633],[88.7306,21.6847],[88.7411,21.6894],[88.745,21.6822],[88.7583,21.6825],[88.7647,21.6931],[88.8067,21.7067]]],[[[88.3111,21.7064],[88.3286,21.7053],[88.3461,21.6886],[88.3511,21.6781],[88.3464,21.6533],[88.3581,21.6475],[88.35,21.6433],[88.3384,21.6218],[88.3153,21.6081],[88.3079,21.6115],[88.3058,21.6296],[88.3161,21.6613],[88.3158,21.6776],[88.3004,21.7034],[88.3037,21.7075],[88.3111,21.7064]]],[[[88.454,21.7093],[88.4707,21.673],[88.4661,21.6675],[88.4656,21.6758],[88.4539,21.6242],[88.4422,21.615],[88.4378,21.633],[88.4206,21.6514],[88.4194,21.6892],[88.439,21.7076],[88.454,21.7093]]],[[[88.6971,21.7129],[88.7067,21.682],[88.7514,21.6487],[88.7229,21.6386],[88.7097,21.6631],[88.7013,21.6657],[88.687,21.6833],[88.6971,21.7129]]],[[[88.2045,21.7212],[88.2166,21.7005],[88.1983,21.6944],[88.1956,21.6819],[88.2041,21.6725],[88.2267,21.6699],[88.2317,21.6436],[88.2123,21.6221],[88.2119,21.6017],[88.1948,21.6324],[88.1813,21.6875],[88.1883,21.7081],[88.2045,21.7212]]],[[[89.0592,21.7218],[89.0706,21.7018],[89.065,21.689],[89.0727,21.6897],[89.0837,21.6795],[89.0923,21.6657],[89.0952,21.6466],[89.0929,21.6369],[89.0851,21.6301],[89.0831,21.6338],[89.0817,21.6274],[89.0516,21.6175],[89.0348,21.6331],[89.0376,21.6406],[89.0325,21.6338],[89.0285,21.6353],[89.0264,21.6581],[89.033,21.6547],[89.0209,21.6624],[89.0247,21.6949],[89.022,21.7004],[89.0098,21.7049],[89.021,21.7092],[89.0241,21.7167],[89.0592,21.7218]]],[[[88.978,21.7269],[88.9922,21.7228],[88.9997,21.7153],[89.0151,21.7177],[89.0205,21.7136],[89.0078,21.7071],[89.0087,21.702],[89.0197,21.6994],[89.0242,21.6877],[89.0178,21.6612],[89.0078,21.6522],[88.9901,21.6541],[88.9896,21.664],[88.9958,21.6725],[88.9928,21.7],[88.9706,21.7208],[88.978,21.7269]]],[[[88.5457,21.7361],[88.5604,21.7293],[88.5711,21.7322],[88.5753,21.7209],[88.5874,21.7093],[88.5861,21.6994],[88.5907,21.691],[88.5802,21.6847],[88.5697,21.7109],[88.5598,21.7133],[88.5537,21.7236],[88.5432,21.7242],[88.5453,21.7203],[88.5526,21.723],[88.5593,21.7123],[88.5683,21.7098],[88.5742,21.694],[88.5674,21.693],[88.5627,21.7064],[88.5528,21.7028],[88.5651,21.7029],[88.5692,21.6694],[88.5538,21.6504],[88.5486,21.6364],[88.5298,21.6522],[88.5281,21.6593],[88.5333,21.6686],[88.5172,21.7108],[88.5288,21.7193],[88.5355,21.7327],[88.5457,21.7361]]],[[[88.1956,21.7245],[88.2014,21.7367],[88.1956,21.7245]]],[[[88.8831,21.7453],[88.9122,21.7275],[88.9194,21.7108],[88.9403,21.6953],[88.9361,21.6672],[88.9208,21.6322],[88.9046,21.6496],[88.8878,21.6581],[88.8828,21.6819],[88.8731,21.6944],[88.8725,21.7206],[88.8831,21.7453]]],[[[88.4123,21.7313],[88.4286,21.702],[88.4133,21.6911],[88.4114,21.6574],[88.4319,21.6269],[88.4247,21.6194],[88.4133,21.6228],[88.4072,21.6156],[88.4075,21.5995],[88.3986,21.5956],[88.3874,21.6115],[88.3906,21.6219],[88.3834,21.6303],[88.3878,21.6469],[88.3797,21.6808],[88.399,21.6988],[88.4039,21.7152],[88.394,21.7253],[88.3713,21.7236],[88.3686,21.7273],[88.3867,21.7339],[88.395,21.755],[88.4009,21.7508],[88.4018,21.7378],[88.4123,21.7313]]],[[[88.2209,21.7621],[88.272,21.7544],[88.2619,21.7306],[88.2767,21.7256],[88.2844,21.7069],[88.3106,21.6756],[88.2997,21.6494],[88.2939,21.6486],[88.2986,21.6472],[88.2883,21.6231],[88.2886,21.5978],[88.3061,21.5833],[88.2917,21.5631],[88.2886,21.5672],[88.2858,21.5617],[88.2689,21.5578],[88.2483,21.5639],[88.2405,21.5736],[88.2453,21.5825],[88.2428,21.5967],[88.2331,21.6081],[88.2164,21.6164],[88.2347,21.6354],[88.2333,21.6681],[88.2263,21.6751],[88.2061,21.675],[88.1978,21.6892],[88.2204,21.7],[88.2109,21.7264],[88.2145,21.7548],[88.2209,21.7621]]],[[[88.9271,21.762],[88.9632,21.7528],[88.9684,21.7393],[88.9871,21.7451],[88.9694,21.7228],[88.9839,21.7064],[88.9731,21.6986],[88.9502,21.7023],[88.9228,21.7197],[88.9311,21.7358],[88.9222,21.7613],[88.9271,21.762]]],[[[88.3654,21.7642],[88.3707,21.7602],[88.3597,21.7456],[88.3653,21.7222],[88.3728,21.7178],[88.3925,21.7181],[88.3981,21.7133],[88.3883,21.7025],[88.3606,21.6864],[88.3503,21.6922],[88.3375,21.7108],[88.3489,21.7256],[88.3428,21.7544],[88.3521,21.764],[88.3654,21.7642]]],[[[89.0051,21.765],[89.0254,21.757],[89.0368,21.74],[89.0593,21.7259],[89.0338,21.7213],[89.0295,21.7244],[89.0309,21.7209],[89.0174,21.7178],[89.0164,21.7324],[89.0016,21.75],[88.9995,21.7631],[89.0051,21.765]]],[[[88.8317,21.7661],[88.8653,21.7586],[88.8458,21.7314],[88.8392,21.7069],[88.8422,21.6811],[88.86,21.6372],[88.8516,21.6267],[88.8483,21.63],[88.8442,21.627],[88.8428,21.6453],[88.8286,21.6506],[88.842,21.6437],[88.8458,21.62],[88.8172,21.6283],[88.8089,21.6388],[88.8228,21.665],[88.815,21.71],[88.8036,21.7166],[88.7872,21.7119],[88.77,21.6999],[88.7625,21.7014],[88.7816,21.716],[88.7805,21.7311],[88.7931,21.7358],[88.7867,21.7406],[88.7908,21.7492],[88.8089,21.7483],[88.8317,21.7661]]],[[[88.3849,21.7644],[88.3903,21.7586],[88.3867,21.7407],[88.3624,21.7323],[88.3615,21.7477],[88.3728,21.7636],[88.3808,21.7672],[88.3849,21.7644]]],[[[88.2005,21.7686],[88.2022,21.7614],[88.1964,21.7575],[88.1939,21.7633],[88.2005,21.7686]]],[[[88.2828,21.765],[88.2792,21.7697],[88.2828,21.765]]],[[[88.5822,21.7778],[88.5856,21.7539],[88.6198,21.7383],[88.6164,21.7276],[88.5928,21.7187],[88.5797,21.7258],[88.5836,21.7484],[88.569,21.7692],[88.5822,21.7778]]],[[[88.3025,21.7246],[88.3022,21.7098],[88.2973,21.7056],[88.278,21.7282],[88.2889,21.7785],[88.3029,21.7556],[88.3058,21.7324],[88.3025,21.7246]]],[[[88.5053,21.783],[88.501,21.7818],[88.5064,21.7883],[88.5053,21.783]]],[[[88.9997,21.7855],[89.0116,21.7802],[88.9967,21.7687],[89.0011,21.7465],[89.0153,21.7268],[89.0149,21.7188],[89.0048,21.7161],[88.9767,21.7286],[88.9887,21.7398],[88.9879,21.7466],[88.9687,21.7407],[88.9653,21.7527],[88.9511,21.7578],[88.9883,21.7881],[88.9997,21.7855]]],[[[88.6097,21.7903],[88.6206,21.7799],[88.6308,21.7425],[88.6193,21.7173],[88.6089,21.7081],[88.5988,21.7155],[88.6194,21.7256],[88.6231,21.7367],[88.6165,21.7444],[88.5863,21.7566],[88.5915,21.7838],[88.6097,21.7903]]],[[[88.274,21.7908],[88.2874,21.7844],[88.2833,21.7694],[88.2636,21.7924],[88.274,21.7908]]],[[[88.1833,21.7875],[88.1794,21.7892],[88.1808,21.7958],[88.1833,21.7875]]],[[[88.4586,21.7887],[88.4694,21.794],[88.475,21.7914],[88.4672,21.7372],[88.4619,21.7272],[88.4569,21.7264],[88.4559,21.7114],[88.4331,21.7045],[88.4265,21.7171],[88.4297,21.7264],[88.4234,21.7418],[88.4269,21.7514],[88.4235,21.7683],[88.4388,21.7804],[88.446,21.798],[88.4586,21.7887]]],[[[88.7162,21.8074],[88.7272,21.7918],[88.7281,21.7778],[88.7458,21.7717],[88.7503,21.7633],[88.7593,21.7592],[88.7522,21.7486],[88.7525,21.732],[88.7767,21.7211],[88.7485,21.7071],[88.7416,21.7183],[88.7359,21.7193],[88.7463,21.7062],[88.7586,21.7097],[88.7569,21.7003],[88.7628,21.6929],[88.7573,21.6836],[88.7455,21.6837],[88.7412,21.6908],[88.7293,21.6868],[88.7553,21.6652],[88.748,21.6583],[88.7111,21.6902],[88.695,21.7439],[88.7106,21.7822],[88.7108,21.8053],[88.7162,21.8074]]],[[[88.1711,21.8086],[88.1741,21.7997],[88.1692,21.7906],[88.1653,21.8003],[88.1711,21.8086]]],[[[88.5446,21.8103],[88.5607,21.8027],[88.5722,21.7878],[88.5619,21.77],[88.5725,21.7356],[88.5605,21.73],[88.554,21.7364],[88.5417,21.7377],[88.5265,21.7192],[88.5194,21.7192],[88.5045,21.7579],[88.5255,21.7737],[88.5353,21.792],[88.5262,21.7761],[88.5127,21.7658],[88.5042,21.7625],[88.5044,21.7717],[88.5264,21.8003],[88.5446,21.8103]]],[[[88.4218,21.8111],[88.4296,21.7996],[88.4427,21.7999],[88.4375,21.784],[88.4208,21.7669],[88.4253,21.7527],[88.4208,21.7441],[88.4251,21.7286],[88.4228,21.7198],[88.403,21.7388],[88.4017,21.7524],[88.3827,21.7785],[88.4218,21.8111]]],[[[88.9996,21.8117],[89.0165,21.812],[89.0139,21.7897],[89.0237,21.759],[89.014,21.766],[88.9988,21.7669],[89.0128,21.7794],[88.9902,21.79],[88.9946,21.8118],[88.9996,21.8117]]],[[[88.7506,21.7954],[88.7555,21.7803],[88.7461,21.7722],[88.7283,21.7797],[88.7275,21.7936],[88.7382,21.7985],[88.7501,21.8142],[88.7506,21.7954]]],[[[88.8281,21.804],[88.8207,21.787],[88.8303,21.7667],[88.8104,21.7503],[88.7908,21.75],[88.7842,21.7663],[88.8217,21.8229],[88.8306,21.8103],[88.8281,21.804]]],[[[88.7875,21.745],[88.7836,21.7406],[88.7869,21.7369],[88.7767,21.7308],[88.7567,21.7334],[88.7547,21.745],[88.7644,21.7605],[88.7498,21.7697],[88.7653,21.7849],[88.7821,21.8252],[88.7936,21.8097],[88.7938,21.8006],[88.7872,21.7963],[88.7958,21.7872],[88.7822,21.7669],[88.7875,21.745]]],[[[88.9158,21.8258],[88.935,21.8225],[88.9372,21.8167],[88.9178,21.7917],[88.9233,21.7881],[88.9194,21.77],[88.9114,21.7617],[88.9128,21.7553],[88.8978,21.7519],[88.8947,21.7556],[88.9008,21.777],[88.8981,21.7868],[88.9069,21.7942],[88.8958,21.7881],[88.8831,21.8081],[88.9158,21.8258]]],[[[88.1819,21.8258],[88.1856,21.8192],[88.1778,21.8247],[88.1819,21.8258]]],[[[88.5594,21.8297],[88.5568,21.8239],[88.5594,21.8297]]],[[[88.4849,21.8347],[88.4893,21.8352],[88.4978,21.8225],[88.5003,21.8125],[88.4961,21.8078],[88.4858,21.7986],[88.4601,21.8006],[88.4531,21.8057],[88.4503,21.8151],[88.4706,21.8247],[88.4766,21.8342],[88.4849,21.8347]]],[[[88.9414,21.8472],[88.9539,21.8253],[88.9767,21.8206],[88.97,21.8028],[88.9542,21.8081],[88.9403,21.7931],[88.9404,21.7824],[88.9597,21.7756],[88.9589,21.7708],[88.9475,21.7639],[88.9214,21.7661],[88.9142,21.7556],[88.9128,21.7611],[88.9214,21.7711],[88.9244,21.7875],[88.9197,21.7919],[88.9389,21.8167],[88.935,21.8244],[88.9264,21.8239],[88.9244,21.8358],[88.9328,21.8369],[88.9353,21.8456],[88.9414,21.8472]]],[[[88.5922,21.85],[88.6028,21.845],[88.6058,21.8347],[88.6181,21.8292],[88.6072,21.8158],[88.6142,21.7981],[88.5895,21.7983],[88.576,21.817],[88.5829,21.8428],[88.5922,21.85]]],[[[88.52,21.8546],[88.5275,21.8433],[88.5242,21.835],[88.5158,21.8394],[88.5222,21.8458],[88.5172,21.8497],[88.52,21.8546]]],[[[88.538,21.8536],[88.5416,21.8574],[88.538,21.8536]]],[[[88.3311,21.8607],[88.3525,21.8546],[88.3504,21.8264],[88.3606,21.8067],[88.3599,21.799],[88.38,21.7873],[88.377,21.7675],[88.3569,21.7669],[88.3429,21.7596],[88.3403,21.74],[88.345,21.7217],[88.3322,21.7104],[88.3171,21.7089],[88.3062,21.7154],[88.3097,21.7338],[88.2983,21.7772],[88.3003,21.7824],[88.3111,21.7831],[88.3109,21.7956],[88.2939,21.8028],[88.3103,21.7935],[88.3097,21.7839],[88.2996,21.7839],[88.296,21.7741],[88.286,21.7891],[88.2642,21.7939],[88.2597,21.8035],[88.2691,21.8159],[88.3074,21.83],[88.3154,21.8447],[88.3119,21.8543],[88.3311,21.8607]]],[[[88.8561,21.8653],[88.8567,21.8561],[88.8772,21.8517],[88.8822,21.7972],[88.8981,21.7786],[88.8914,21.7536],[88.8983,21.7469],[88.9161,21.7478],[88.9214,21.7436],[88.9133,21.7278],[88.8811,21.7472],[88.8763,21.7672],[88.8644,21.7792],[88.835,21.7817],[88.8414,21.8075],[88.8372,21.8431],[88.8561,21.8653]]],[[[88.5827,21.8655],[88.5847,21.8766],[88.5827,21.8655]]],[[[88.1369,21.875],[88.1534,21.8363],[88.1725,21.812],[88.1636,21.7995],[88.1705,21.7723],[88.1707,21.7424],[88.1561,21.705],[88.1546,21.6845],[88.1434,21.6796],[88.1553,21.6814],[88.1547,21.65],[88.1422,21.6325],[88.1092,21.6258],[88.09,21.6292],[88.0825,21.635],[88.0706,21.6339],[88.0414,21.6494],[88.0367,21.675],[88.0442,21.7177],[88.0614,21.7344],[88.0736,21.7817],[88.1222,21.866],[88.1343,21.8772],[88.1369,21.875]]],[[[88.7892,21.8786],[88.7925,21.8739],[88.7861,21.8683],[88.7878,21.8636],[88.8006,21.8778],[88.7989,21.8708],[88.803,21.8672],[88.8217,21.8711],[88.8297,21.8622],[88.8211,21.8397],[88.8236,21.8503],[88.8189,21.8517],[88.8225,21.8492],[88.8186,21.8408],[88.8211,21.825],[88.795,21.7914],[88.7889,21.7958],[88.7956,21.8017],[88.7897,21.8214],[88.7658,21.8289],[88.7711,21.8528],[88.7822,21.8597],[88.7769,21.867],[88.7892,21.8786]]],[[[88.9791,21.8935],[89.0285,21.8663],[89.0306,21.8552],[89.0248,21.8492],[89.0093,21.8532],[88.9981,21.8711],[88.9892,21.8681],[88.9967,21.8703],[89.0092,21.8516],[89.0275,21.8463],[89.03,21.8345],[89.0174,21.8159],[89.0091,21.823],[89.0143,21.8149],[88.9942,21.8142],[88.9853,21.7878],[88.9705,21.7751],[88.9428,21.7865],[88.9539,21.8033],[88.9679,21.7994],[88.9765,21.8047],[88.9779,21.8235],[88.9565,21.8269],[88.9503,21.8381],[88.9654,21.8593],[88.9791,21.8674],[88.9693,21.8902],[88.9791,21.8935]]],[[[88.6217,21.8978],[88.6346,21.878],[88.6333,21.8697],[88.6535,21.8677],[88.6423,21.8069],[88.6431,21.7889],[88.6389,21.7847],[88.6225,21.7928],[88.6119,21.8167],[88.6203,21.8242],[88.6211,21.8314],[88.6097,21.8364],[88.6064,21.8464],[88.5947,21.8544],[88.6058,21.8803],[88.6217,21.8978]]],[[[88.1373,21.8951],[88.1384,21.8982],[88.1373,21.8951]]],[[[88.8169,21.9011],[88.8314,21.8972],[88.8406,21.8875],[88.8394,21.8775],[88.8294,21.8647],[88.8214,21.8725],[88.8064,21.8678],[88.8003,21.8706],[88.8169,21.9011]]],[[[88.5623,21.8975],[88.5707,21.9011],[88.5764,21.8886],[88.5728,21.8588],[88.5631,21.8309],[88.555,21.8274],[88.55,21.8317],[88.5544,21.8239],[88.551,21.8173],[88.5339,21.8338],[88.5306,21.8492],[88.5425,21.8556],[88.5405,21.8704],[88.5502,21.8804],[88.5489,21.8922],[88.5412,21.9026],[88.5623,21.8975]]],[[[88.4255,21.9041],[88.4207,21.9039],[88.4255,21.9041]]],[[[88.4465,21.9049],[88.452,21.9048],[88.4591,21.8942],[88.4821,21.8878],[88.4902,21.8564],[88.4885,21.8378],[88.4768,21.8372],[88.4481,21.8153],[88.4497,21.8044],[88.4644,21.795],[88.4615,21.7898],[88.4455,21.8017],[88.4306,21.8005],[88.424,21.8124],[88.4015,21.798],[88.3925,21.8326],[88.4007,21.8568],[88.4,21.8725],[88.4186,21.8889],[88.419,21.9024],[88.4465,21.9049]]],[[[88.7181,21.9072],[88.7267,21.8992],[88.7483,21.8961],[88.7561,21.8803],[88.7714,21.8764],[88.7806,21.8594],[88.7686,21.8525],[88.7639,21.8286],[88.7772,21.8217],[88.775,21.81],[88.7578,21.7811],[88.7525,21.7894],[88.7517,21.8153],[88.7358,21.7981],[88.7258,21.7944],[88.7183,21.8081],[88.7075,21.8114],[88.705,21.8278],[88.7167,21.8261],[88.7281,21.8375],[88.7153,21.8269],[88.7044,21.8294],[88.7025,21.8242],[88.6967,21.8381],[88.7033,21.8561],[88.7175,21.8556],[88.7031,21.8575],[88.6969,21.8486],[88.7181,21.9072]]],[[[88.1069,21.8936],[88.1119,21.8889],[88.1093,21.8839],[88.1044,21.8978],[88.1128,21.9106],[88.1069,21.8936]]],[[[88.5047,21.9128],[88.5086,21.9097],[88.4903,21.8894],[88.4769,21.8983],[88.4886,21.9103],[88.5047,21.9128]]],[[[88.4525,21.9063],[88.4422,21.9084],[88.4565,21.9138],[88.4525,21.9063]]],[[[88.64,21.9217],[88.6675,21.9117],[88.6528,21.8733],[88.6345,21.8706],[88.6359,21.8793],[88.6296,21.884],[88.6234,21.9014],[88.64,21.9217]]],[[[88.1348,21.9267],[88.1446,21.9153],[88.1294,21.8989],[88.1161,21.9183],[88.1242,21.9256],[88.1348,21.9267]]],[[[88.8366,21.9179],[88.8569,21.9107],[88.8755,21.9175],[88.8901,21.9147],[88.9152,21.9282],[88.9739,21.8978],[88.9661,21.8903],[88.9767,21.8675],[88.9644,21.8631],[88.9561,21.8536],[88.9519,21.8642],[88.9589,21.8697],[88.9494,21.8867],[88.9433,21.8847],[88.9494,21.8842],[88.9569,21.8697],[88.9503,21.8642],[88.9528,21.8514],[88.9472,21.8406],[88.9392,21.8536],[88.9269,21.8522],[88.9178,21.8606],[88.9156,21.8803],[88.9069,21.8789],[88.9139,21.8792],[88.9144,21.8614],[88.9208,21.8547],[88.9392,21.85],[88.9322,21.8383],[88.9228,21.8356],[88.9231,21.8244],[88.9144,21.8275],[88.888,21.8122],[88.8803,21.8211],[88.8781,21.8539],[88.8572,21.8586],[88.8611,21.865],[88.8542,21.8697],[88.8542,21.8894],[88.8394,21.9064],[88.8236,21.9156],[88.8196,21.9282],[88.8366,21.9179]]],[[[88.7236,21.9319],[88.7361,21.9181],[88.7558,21.9269],[88.775,21.9245],[88.7869,21.9175],[88.7994,21.9197],[88.8142,21.9028],[88.8081,21.8844],[88.7967,21.8767],[88.7897,21.8647],[88.7872,21.8669],[88.7936,21.8742],[88.7908,21.8792],[88.7761,21.8697],[88.7719,21.8781],[88.7583,21.88],[88.7489,21.8972],[88.7292,21.8997],[88.7194,21.9086],[88.7167,21.9178],[88.7236,21.9319]]],[[[88.1633,21.9372],[88.1717,21.9292],[88.1653,21.9161],[88.1597,21.9286],[88.1633,21.9372]]],[[[88.7454,21.9797],[88.7547,21.9747],[88.7507,21.9549],[88.7755,21.9415],[88.7865,21.9526],[88.7889,21.9407],[88.8058,21.9365],[88.7994,21.9259],[88.7888,21.9203],[88.7588,21.9308],[88.7409,21.922],[88.7333,21.9247],[88.7222,21.943],[88.7237,21.9738],[88.726,21.9792],[88.7454,21.9797]]],[[[88.7592,21.9986],[88.7528,21.9883],[88.7428,21.9834],[88.7416,21.989],[88.7583,22.0071],[88.7592,21.9986]]],[[[88.66,22.0192],[88.6743,22.0192],[88.7013,22.0036],[88.7158,22.0006],[88.6928,21.9697],[88.6864,21.9735],[88.6929,21.9841],[88.6867,21.9911],[88.6914,21.9839],[88.6848,21.9741],[88.6947,21.9614],[88.6908,21.9556],[88.6683,21.9539],[88.6881,21.9528],[88.6782,21.9429],[88.6572,21.9541],[88.6344,21.9511],[88.6286,21.958],[88.6349,21.996],[88.6529,22.0191],[88.66,22.0192]]],[[[88.1414,22.0264],[88.1436,22.0211],[88.0918,21.9455],[88.0875,21.9328],[88.0567,21.9131],[88.0472,21.9117],[88.052,21.9476],[88.0733,21.9953],[88.0939,22.0114],[88.1414,22.0264]]],[[[88.8128,22.0194],[88.8261,22.0217],[88.8483,22.0175],[88.8664,22.0244],[88.8761,22.0119],[88.9025,22.0117],[88.9073,21.9295],[88.8946,21.9219],[88.8566,21.9191],[88.8411,21.9247],[88.8248,21.9399],[88.7906,21.9417],[88.7872,21.955],[88.7756,21.9433],[88.7525,21.9561],[88.7569,21.9725],[88.7497,21.9819],[88.7533,21.9853],[88.7644,21.9844],[88.7744,21.9897],[88.7833,21.9824],[88.782,21.9727],[88.8003,21.9705],[88.7822,21.9743],[88.7898,21.9853],[88.7767,21.9908],[88.763,21.9861],[88.7536,21.9881],[88.7615,22.0063],[88.7725,22.0122],[88.7616,22.0078],[88.7617,22.0149],[88.7803,22.0161],[88.8014,22.0297],[88.8128,22.0194]]],[[[88.7314,22.0452],[88.734,22.0423],[88.7314,22.0452]]],[[[88.7638,22.0517],[88.7761,22.0494],[88.7789,22.0372],[88.791,22.0294],[88.7781,22.0197],[88.7617,22.0214],[88.7514,22.0503],[88.7638,22.0517]]],[[[88.9028,22.0453],[88.9017,22.0189],[88.8917,22.0147],[88.877,22.0148],[88.8717,22.0267],[88.852,22.0412],[88.8902,22.0458],[88.8864,22.0578],[88.9027,22.0504],[88.9028,22.0453]]],[[[88.0314,22.0606],[88.0275,22.0619],[88.0314,22.0606]]],[[[89.0162,22.0509],[89.0408,22.0489],[89.0736,22.0042],[89.0777,21.9815],[89.0724,21.9693],[89.0694,21.9847],[89.0703,21.9544],[89.0601,21.9321],[89.0433,21.9329],[89.041,21.951],[89.0415,21.9326],[89.0495,21.9298],[89.0303,21.9264],[88.9995,21.9496],[89.0181,21.9755],[89.0153,21.9838],[89.0054,21.9865],[89.0298,21.9965],[89.0325,22.0021],[89.0062,21.989],[88.9924,21.9736],[88.9897,21.9857],[88.9756,21.9914],[88.9994,22.0071],[88.9826,21.9937],[88.9746,21.9933],[88.9792,22.0047],[88.9681,22.0155],[88.9854,22.0456],[88.9849,22.0549],[89.0017,22.0594],[89.0083,22.0508],[89.0157,22.0629],[89.0162,22.0509]]],[[[88.6358,22.0508],[88.6294,22.0525],[88.6286,22.062],[88.6358,22.0508]]],[[[88.8119,22.0608],[88.8184,22.0613],[88.8317,22.0497],[88.8319,22.027],[88.8131,22.0251],[88.8064,22.0331],[88.7944,22.0309],[88.7802,22.0378],[88.788,22.0599],[88.7945,22.0542],[88.8045,22.0641],[88.8119,22.0608]]],[[[88.8706,22.0789],[88.87,22.0633],[88.8834,22.0569],[88.8903,22.0478],[88.8521,22.0438],[88.8507,22.039],[88.8596,22.026],[88.8472,22.0219],[88.8376,22.0244],[88.8317,22.0447],[88.8337,22.0501],[88.845,22.0536],[88.8413,22.0553],[88.8456,22.0617],[88.8325,22.0517],[88.82,22.0642],[88.8286,22.0702],[88.8344,22.0639],[88.8361,22.0729],[88.8529,22.0788],[88.8706,22.0789]]],[[[88.6901,22.08],[88.6901,22.08]]],[[[88.9041,22.0842],[88.8939,22.075],[88.8909,22.0604],[88.8713,22.0639],[88.8702,22.0869],[88.8814,22.0839],[88.8972,22.0892],[88.9041,22.0842]]],[[[88.7223,22.0991],[88.6929,22.0781],[88.692,22.0855],[88.7223,22.0991]]],[[[88.8035,22.0853],[88.815,22.0806],[88.8278,22.086],[88.8362,22.0663],[88.8288,22.0715],[88.8134,22.062],[88.8046,22.0656],[88.7942,22.0557],[88.7874,22.0626],[88.7872,22.0722],[88.7815,22.0484],[88.7719,22.0547],[88.7484,22.0574],[88.757,22.0783],[88.7715,22.0851],[88.7833,22.1067],[88.7989,22.1084],[88.8035,22.0853]]],[[[88.8179,22.123],[88.8314,22.1246],[88.8457,22.1194],[88.8492,22.104],[88.8679,22.085],[88.8414,22.0902],[88.8437,22.0981],[88.8384,22.0902],[88.8675,22.0825],[88.8378,22.0732],[88.8221,22.0927],[88.8192,22.1044],[88.8253,22.0873],[88.8147,22.082],[88.8055,22.0851],[88.7987,22.1109],[88.8064,22.1252],[88.8179,22.123]]],[[[88.7293,22.1136],[88.7301,22.124],[88.7363,22.1288],[88.7293,22.1136]]],[[[88.8651,22.167],[88.8861,22.1648],[88.8999,22.1481],[88.9061,22.1298],[88.9233,22.107],[88.9153,22.09],[88.9081,22.087],[88.8964,22.0908],[88.8905,22.101],[88.8922,22.1144],[88.8895,22.1015],[88.895,22.0912],[88.8823,22.0856],[88.8723,22.0878],[88.8525,22.1029],[88.8459,22.122],[88.8307,22.1271],[88.8602,22.1424],[88.8488,22.1689],[88.8651,22.167]]],[[[88.95,22.1892],[88.9607,22.1894],[88.9694,22.1651],[88.9849,22.1485],[88.9808,22.1332],[88.9696,22.1433],[88.97,22.1563],[88.9626,22.1602],[88.9533,22.1575],[88.9691,22.1555],[88.9691,22.1415],[88.9794,22.131],[88.9855,22.1379],[88.985,22.1277],[88.9692,22.0828],[88.9505,22.1042],[88.9628,22.0917],[88.9669,22.0786],[88.9367,22.0725],[88.925,22.0653],[88.9239,22.0242],[88.9311,22],[88.9461,22],[88.9353,22.0258],[88.935,22.0557],[88.94,22.0622],[88.964,22.0566],[88.9611,22.0495],[88.9771,22.0384],[88.9622,22.0172],[88.9757,22.0043],[88.9725,21.9878],[88.9875,21.9838],[88.9872,21.9753],[88.9922,21.97],[89.0084,21.9817],[89.0136,21.9788],[88.9909,21.9519],[88.9946,21.942],[89.0113,21.9342],[89.0213,21.9217],[89.0126,21.902],[88.9947,21.9058],[88.9688,21.9211],[88.972,21.9287],[88.9647,21.9348],[88.9757,21.9385],[88.9764,21.9461],[88.975,21.9397],[88.9625,21.935],[88.9705,21.9287],[88.9661,21.9229],[88.9379,21.9346],[88.9127,21.9944],[88.9161,22.0106],[88.9078,22.0348],[88.9111,22.0443],[88.9014,22.0653],[88.9088,22.0788],[88.9306,22.0978],[88.9308,22.1079],[88.9232,22.1229],[88.9403,22.128],[88.9306,22.137],[88.9365,22.1428],[88.9294,22.1364],[88.9387,22.1271],[88.9272,22.1236],[88.9132,22.13],[88.8939,22.1697],[88.9197,22.1611],[88.9254,22.1658],[88.9256,22.1756],[88.9327,22.1745],[88.9453,22.1824],[88.9426,22.1903],[88.95,22.1892]]],[[[89.0019,22.1992],[89.0141,22.1943],[89.0144,22.1644],[89.0222,22.1486],[89.0505,22.1306],[89.0353,22.1105],[89.0165,22.1136],[89.0301,22.1229],[89.0146,22.114],[89.0355,22.1093],[89.0311,22.0933],[89.0382,22.0534],[89.0277,22.0535],[89.0288,22.0771],[89.0234,22.0788],[89.0277,22.0774],[89.026,22.0529],[89.0172,22.0522],[89.015,22.0644],[89.008,22.0525],[89.0017,22.0603],[88.9853,22.057],[88.9844,22.0461],[88.9779,22.0399],[88.9624,22.0506],[88.966,22.056],[88.9624,22.0605],[88.9804,22.0793],[88.9969,22.1385],[88.9908,22.1541],[88.9762,22.17],[88.9727,22.1934],[89.0019,22.1992]]],[[[88.6952,22.2086],[88.7319,22.194],[88.7405,22.1972],[88.7655,22.192],[88.7689,22.18],[88.7892,22.1694],[88.7664,22.1461],[88.7539,22.145],[88.7385,22.1349],[88.7229,22.1128],[88.692,22.0928],[88.6828,22.0802],[88.6844,22.0664],[88.6908,22.0573],[88.7359,22.0313],[88.7397,22.0177],[88.721,22.0053],[88.7144,22.0108],[88.7037,22.0067],[88.6781,22.0219],[88.6636,22.024],[88.6617,22.0517],[88.6537,22.0776],[88.6342,22.1062],[88.6529,22.1634],[88.6808,22.1875],[88.6855,22.198],[88.6837,22.207],[88.6952,22.2086]]],[[[88.8447,22.1892],[88.8503,22.1922],[88.8532,22.2043],[88.8605,22.2033],[88.8681,22.1707],[88.8508,22.1736],[88.8433,22.1672],[88.8514,22.1557],[88.8458,22.1478],[88.8556,22.1442],[88.8293,22.1344],[88.8211,22.1267],[88.8041,22.1303],[88.795,22.1144],[88.7776,22.1112],[88.7719,22.1064],[88.7696,22.0923],[88.7496,22.0811],[88.7392,22.057],[88.7183,22.0577],[88.7047,22.065],[88.7029,22.0788],[88.7346,22.104],[88.7492,22.135],[88.7761,22.1461],[88.8086,22.1792],[88.8296,22.1653],[88.8383,22.167],[88.8402,22.1761],[88.8268,22.1984],[88.8273,22.2074],[88.8355,22.2067],[88.8386,22.1941],[88.8447,22.1892]]],[[[87.9897,22.2175],[87.9967,22.2128],[87.9897,22.2175]]],[[[88.9324,22.225],[88.9542,22.2216],[88.9616,22.1972],[88.9578,22.1917],[88.9414,22.1922],[88.9446,22.1843],[88.9315,22.177],[88.9233,22.1796],[88.9081,22.1968],[88.9167,22.2083],[88.9188,22.2308],[88.9324,22.225]]],[[[88.8126,22.2834],[88.8155,22.264],[88.8264,22.264],[88.8257,22.2414],[88.8143,22.2299],[88.7985,22.226],[88.8044,22.2206],[88.8053,22.2086],[88.8153,22.2051],[88.8182,22.1956],[88.8275,22.195],[88.8381,22.1753],[88.8341,22.1669],[88.8101,22.1833],[88.7944,22.1705],[88.7885,22.1786],[88.7714,22.1844],[88.767,22.1945],[88.7472,22.1986],[88.7529,22.2315],[88.762,22.2414],[88.7694,22.2409],[88.7732,22.2505],[88.7916,22.2584],[88.7948,22.2759],[88.8126,22.2834]]],[[[88.8499,22.3629],[88.8706,22.3578],[88.8916,22.3431],[88.9117,22.312],[88.9111,22.3058],[88.9161,22.3094],[88.9371,22.2987],[88.9303,22.2594],[88.9389,22.2486],[88.951,22.2433],[88.9541,22.2252],[88.931,22.2271],[88.9187,22.233],[88.9139,22.2199],[88.887,22.2363],[88.8955,22.2524],[88.8876,22.2659],[88.8768,22.2745],[88.8651,22.2708],[88.85,22.2893],[88.8433,22.2897],[88.8494,22.2886],[88.8653,22.2699],[88.8767,22.2736],[88.8875,22.2645],[88.8934,22.2515],[88.8859,22.2357],[88.914,22.2158],[88.9045,22.1972],[88.9209,22.1757],[88.9186,22.1654],[88.8975,22.178],[88.8858,22.1675],[88.8725,22.1711],[88.8662,22.1941],[88.8839,22.2006],[88.8835,22.2123],[88.841,22.2143],[88.8589,22.2436],[88.8758,22.2528],[88.858,22.2441],[88.8394,22.2155],[88.849,22.2098],[88.8823,22.2116],[88.8815,22.2003],[88.8655,22.1981],[88.8552,22.2064],[88.8443,22.1903],[88.8366,22.2074],[88.8299,22.2101],[88.8255,22.1984],[88.8201,22.1962],[88.8164,22.2058],[88.8064,22.2094],[88.8058,22.2206],[88.8006,22.2258],[88.8186,22.2309],[88.8284,22.2419],[88.8296,22.2537],[88.8273,22.2655],[88.8206,22.2653],[88.8166,22.2717],[88.8155,22.283],[88.8065,22.2857],[88.805,22.2956],[88.8122,22.3165],[88.8042,22.3297],[88.8183,22.3589],[88.8499,22.3629]]],[[[88.9848,22.3824],[88.9826,22.3725],[88.9886,22.3639],[88.9836,22.3253],[88.9901,22.3211],[89.0003,22.3231],[89.0233,22.2975],[89,22.2981],[88.9945,22.2942],[88.9939,22.2861],[89.018,22.2678],[89.0114,22.2583],[89.0145,22.2516],[89.0324,22.2573],[89.037,22.2267],[89.0672,22.1978],[89.0691,22.1899],[89.0608,22.1673],[89.0686,22.1474],[89.0788,22.1453],[89.092,22.1575],[89.0963,22.155],[89.0908,22.146],[89.0622,22.1284],[89.0556,22.1425],[89.0346,22.1533],[89.0229,22.1663],[89.0272,22.1881],[89.0197,22.2056],[89,22.2119],[88.9863,22.2056],[88.9725,22.2097],[88.9617,22.2422],[88.9472,22.2556],[88.9533,22.2794],[88.9539,22.3597],[88.9646,22.3674],[88.9678,22.3886],[88.9742,22.395],[88.9674,22.4077],[88.9889,22.3916],[88.9848,22.3824]]],[[[87.9381,22.3967],[87.9333,22.4097],[87.9381,22.3967]]],[[[88.8619,22.3989],[88.8667,22.3969],[88.8655,22.3856],[88.8683,22.39],[88.8742,22.3886],[88.8722,22.4003],[88.8753,22.3981],[88.8806,22.4032],[88.8748,22.3868],[88.8841,22.3717],[88.8978,22.3642],[88.8947,22.3561],[88.8992,22.3578],[88.9032,22.3454],[88.8986,22.3367],[88.8774,22.3611],[88.8608,22.3708],[88.8553,22.3876],[88.8622,22.4106],[88.8619,22.3989]]],[[[88.8678,22.4108],[88.8742,22.4053],[88.8678,22.4108]]],[[[88.9189,22.4265],[88.9114,22.4237],[88.9189,22.4265]]],[[[87.9257,22.4248],[87.9194,22.4295],[87.9257,22.4248]]],[[[87.9119,22.4322],[87.9183,22.43],[87.9081,22.4308],[87.9119,22.4322]]],[[[88.8592,22.4694],[88.8561,22.4589],[88.8569,22.4725],[88.8592,22.4694]]],[[[88.7814,22.5006],[88.7929,22.4981],[88.7984,22.4875],[88.81,22.481],[88.8123,22.4542],[88.8273,22.4468],[88.8217,22.4348],[88.8348,22.4338],[88.8198,22.4321],[88.8046,22.4437],[88.7922,22.4813],[88.7806,22.4942],[88.7814,22.5006]]],[[[88.8977,22.5489],[88.9058,22.5211],[88.9033,22.5044],[88.8983,22.5086],[88.895,22.5008],[88.9053,22.4984],[88.8928,22.4861],[88.8966,22.4744],[88.8923,22.4654],[88.908,22.4342],[88.9028,22.4147],[88.9217,22.4014],[88.8978,22.3863],[88.8944,22.3778],[88.888,22.3783],[88.8964,22.3736],[88.8981,22.3667],[88.8896,22.3717],[88.8898,22.3762],[88.8858,22.3765],[88.8864,22.3725],[88.8768,22.3864],[88.8822,22.4036],[88.8619,22.4128],[88.8561,22.4228],[88.8548,22.4379],[88.861,22.4455],[88.8568,22.4555],[88.8584,22.4818],[88.8678,22.4874],[88.8602,22.5003],[88.8457,22.5017],[88.8436,22.5068],[88.8567,22.51],[88.86,22.5189],[88.8679,22.5223],[88.8692,22.5407],[88.87,22.5306],[88.8883,22.5539],[88.8906,22.5478],[88.8949,22.5542],[88.8977,22.5489]]],[[[88.9342,22.564],[88.9336,22.5578],[88.93,22.5631],[88.9342,22.564]]],[[[88.9202,22.5653],[88.9335,22.5561],[88.96,22.5486],[88.9783,22.4825],[88.9953,22.4669],[88.9883,22.4431],[88.9986,22.4303],[88.9642,22.4092],[88.9703,22.3939],[88.9647,22.3897],[88.9642,22.3731],[88.9578,22.3647],[88.9456,22.3714],[88.9467,22.3814],[88.9353,22.3958],[88.942,22.4003],[88.9402,22.4185],[88.9466,22.4206],[88.9392,22.4186],[88.9404,22.402],[88.934,22.3964],[88.9447,22.381],[88.9447,22.3704],[88.9535,22.3655],[88.9422,22.3099],[88.9287,22.3133],[88.9073,22.3358],[88.8964,22.3798],[88.9153,22.3919],[88.9231,22.3892],[88.9222,22.3839],[88.93,22.3903],[88.9217,22.3919],[88.928,22.3983],[88.9254,22.4067],[88.9078,22.4158],[88.9204,22.4271],[88.9042,22.4453],[88.9017,22.4595],[88.8947,22.4661],[88.8987,22.4757],[88.8967,22.4858],[88.9059,22.4938],[88.9097,22.5056],[88.9058,22.5081],[88.9144,22.5103],[88.9106,22.52],[88.9064,22.5192],[88.9103,22.5236],[88.9042,22.5263],[88.9019,22.5464],[88.895,22.5596],[88.9202,22.5653]]],[[[88.9361,22.6216],[88.9361,22.6216]]],[[[88.676,24.3155],[88.676,24.3155]]],[[[88.1269,27.1231],[88.1523,27.1117],[88.179,27.1347],[88.2138,27.1351],[88.2325,27.1198],[88.2774,27.1312],[88.2949,27.1248],[88.3045,27.1286],[88.3188,27.1193],[88.3238,27.1049],[88.3408,27.1107],[88.3523,27.1011],[88.3875,27.0984],[88.4319,27.0816],[88.4545,27.0896],[88.4738,27.1207],[88.4867,27.1268],[88.4956,27.1254],[88.5217,27.1503],[88.5299,27.1502],[88.532,27.1543],[88.5267,27.1603],[88.5298,27.1658],[88.5208,27.1782],[88.5915,27.1945],[88.619,27.1879],[88.6388,27.1677],[88.6565,27.1624],[88.6735,27.1766],[88.6915,27.1787],[88.7118,27.1652],[88.7178,27.144],[88.7245,27.1385],[88.7325,27.1374],[88.7517,27.1482],[88.751,27.1429],[88.7663,27.1387],[88.8,27.1368],[88.8261,27.1177],[88.8446,27.1163],[88.8568,27.1071],[88.8699,27.1087],[88.8787,27.0411],[88.8705,27.0108],[88.875,26.9515],[88.8886,26.96],[88.8938,26.9772],[88.9113,26.9944],[88.919,26.9962],[88.9537,26.9682],[88.9555,26.9542],[88.9399,26.9424],[88.9624,26.9241],[88.9846,26.9208],[89.0249,26.9403],[89.0312,26.9299],[89.0464,26.9197],[89.0465,26.9037],[89.0677,26.9032],[89.0909,26.8933],[89.0953,26.8852],[89.0876,26.872],[89.1041,26.8598],[89.102,26.8363],[89.1088,26.8327],[89.1126,26.8225],[89.1232,26.8209],[89.1311,26.8081],[89.1729,26.8217],[89.1898,26.8085],[89.2336,26.8205],[89.2546,26.8166],[89.3161,26.8528],[89.3242,26.8494],[89.3283,26.8401],[89.3597,26.8634],[89.3772,26.8663],[89.387,26.8581],[89.391,26.841],[89.448,26.8348],[89.455,26.8262],[89.4512,26.8144],[89.4593,26.8063],[89.4903,26.8023],[89.5001,26.8048],[89.5115,26.817],[89.5284,26.819],[89.546,26.8119],[89.5589,26.8156],[89.5668,26.8017],[89.6112,26.7894],[89.6218,26.7769],[89.6372,26.7829],[89.6447,26.7809],[89.6535,26.7719],[89.6545,26.7635],[89.6426,26.7475],[89.628,26.7423],[89.6134,26.7281],[89.6322,26.7193],[89.642,26.7228],[89.6586,26.7185],[89.6738,26.7404],[89.7033,26.7371],[89.7181,26.7312],[89.7264,26.7223],[89.7567,26.7365],[89.7597,26.7332],[89.7566,26.7163],[89.7759,26.6991],[89.8072,26.715],[89.8569,26.7038],[89.8714,26.6835],[89.8681,26.6566],[89.8764,26.6495],[89.8573,26.6321],[89.857,26.6234],[89.8618,26.6152],[89.8772,26.6131],[89.8721,26.5947],[89.8775,26.5842],[89.862,26.5779],[89.8646,26.5483],[89.8618,26.5305],[89.8535,26.5172],[89.8527,26.4878],[89.8624,26.4661],[89.8702,26.464],[89.8695,26.4484],[89.8478,26.4218],[89.8498,26.4142],[89.8448,26.4102],[89.8333,26.4123],[89.8273,26.3965],[89.8306,26.3902],[89.8404,26.3908],[89.8468,26.4027],[89.8573,26.3845],[89.8455,26.384],[89.8409,26.3778],[89.831,26.382],[89.8256,26.3793],[89.8271,26.3667],[89.8201,26.3504],[89.8136,26.3532],[89.8115,26.3607],[89.8204,26.3706],[89.782,26.3533],[89.7809,26.3309],[89.762,26.3171],[89.7505,26.3215],[89.7509,26.3062],[89.7587,26.2893],[89.7489,26.2894],[89.7423,26.2952],[89.7235,26.2948],[89.7198,26.2986],[89.7228,26.3076],[89.7157,26.302],[89.7171,26.2931],[89.7375,26.2711],[89.7323,26.2603],[89.7252,26.2584],[89.7173,26.2592],[89.7114,26.2633],[89.7115,26.2696],[89.7048,26.2699],[89.701,26.2592],[89.7154,26.2565],[89.7157,26.2464],[89.7288,26.2382],[89.7128,26.229],[89.7102,26.2191],[89.6972,26.2172],[89.7031,26.2133],[89.7244,26.2173],[89.732,26.2123],[89.7257,26.2061],[89.7116,26.2032],[89.7181,26.1968],[89.7141,26.1894],[89.6948,26.1891],[89.7065,26.1731],[89.7198,26.1779],[89.7338,26.1734],[89.7161,26.1674],[89.7111,26.1529],[89.6846,26.1604],[89.6879,26.1679],[89.7052,26.1717],[89.6898,26.1814],[89.685,26.1887],[89.6873,26.1977],[89.6764,26.2014],[89.6796,26.2077],[89.6887,26.206],[89.6939,26.2103],[89.6856,26.2099],[89.6808,26.2178],[89.6916,26.2195],[89.6819,26.2218],[89.6893,26.2283],[89.6831,26.2283],[89.6803,26.2355],[89.6745,26.2191],[89.6609,26.2177],[89.6376,26.2277],[89.6366,26.2102],[89.653,26.1899],[89.6473,26.1842],[89.6341,26.1947],[89.6365,26.189],[89.6298,26.1862],[89.6392,26.1795],[89.6562,26.1802],[89.6606,26.1756],[89.6494,26.1641],[89.6338,26.1718],[89.6371,26.1774],[89.6248,26.1714],[89.6245,26.178],[89.6195,26.178],[89.614,26.1706],[89.622,26.1668],[89.6127,26.161],[89.6135,26.1534],[89.5996,26.1605],[89.5946,26.1569],[89.6004,26.1525],[89.5987,26.1391],[89.6093,26.1252],[89.6082,26.1165],[89.615,26.1269],[89.6235,26.1192],[89.6285,26.1278],[89.633,26.1189],[89.6188,26.1064],[89.6078,26.1069],[89.6014,26.1129],[89.603,26.1094],[89.598,26.1074],[89.6039,26.1034],[89.5967,26.1009],[89.613,26.0884],[89.6133,26.0949],[89.6201,26.0948],[89.6169,26.103],[89.6254,26.1],[89.6273,26.1077],[89.6327,26.107],[89.6398,26.0989],[89.6356,26.0947],[89.6434,26.0902],[89.6371,26.0782],[89.6524,26.0622],[89.6314,26.0615],[89.6216,26.0528],[89.6201,26.0594],[89.6084,26.0636],[89.6167,26.053],[89.5957,26.044],[89.6017,26.038],[89.5901,26.0365],[89.5852,26.0313],[89.5885,26.0242],[89.5815,26.0242],[89.5837,26.0032],[89.5918,25.994],[89.5907,25.9757],[89.5789,25.9808],[89.5813,25.9712],[89.5769,25.9669],[89.5693,25.9782],[89.5614,25.9661],[89.5545,25.9646],[89.5436,25.9705],[89.545,25.9811],[89.5401,25.9855],[89.5523,26.0009],[89.5213,26.0083],[89.5083,26.0003],[89.4935,26.0063],[89.4829,25.9973],[89.4673,25.998],[89.4339,26.0119],[89.4396,26.0318],[89.4295,26.0456],[89.4137,26.0394],[89.4119,26.0304],[89.3983,26.0216],[89.4014,26.0122],[89.3984,26.0069],[89.3524,26.0105],[89.3284,26.0371],[89.3046,26.0493],[89.2993,26.0457],[89.2831,26.049],[89.288,26.058],[89.2851,26.0659],[89.2772,26.0608],[89.2616,26.0639],[89.2628,26.0791],[89.2722,26.0916],[89.2574,26.0922],[89.2541,26.1022],[89.2302,26.1226],[89.2084,26.1269],[89.1978,26.1219],[89.1672,26.1338],[89.1541,26.1583],[89.1618,26.1593],[89.1609,26.163],[89.1485,26.1693],[89.1406,26.1801],[89.1462,26.1997],[89.1554,26.2087],[89.1474,26.2173],[89.1469,26.2354],[89.1283,26.2537],[89.1305,26.2668],[89.116,26.2746],[89.1136,26.283],[89.1084,26.2823],[89.1149,26.2913],[89.1118,26.2964],[89.1151,26.3025],[89.1088,26.3069],[89.1125,26.317],[89.1305,26.2885],[89.1405,26.2997],[89.1341,26.3068],[89.1432,26.31],[89.1388,26.3131],[89.1444,26.3208],[89.1354,26.3197],[89.1347,26.324],[89.122,26.3192],[89.1171,26.3266],[89.1088,26.3249],[89.1047,26.3297],[89.1005,26.3235],[89.0911,26.3219],[89.1072,26.339],[89.1029,26.3619],[89.0869,26.3661],[89.0967,26.3707],[89.0971,26.3877],[89.1023,26.3916],[89.0898,26.3926],[89.0935,26.3992],[89.0833,26.3947],[89.0761,26.3999],[89.064,26.3981],[89.0481,26.4028],[89.041,26.3979],[89.0375,26.4087],[89.0299,26.4114],[89.0289,26.4163],[89.0146,26.4155],[89.0081,26.4257],[89.002,26.4261],[89.0049,26.4171],[88.9961,26.4232],[88.9859,26.4401],[88.991,26.4436],[88.99,26.4503],[88.9643,26.4631],[88.9703,26.4543],[88.9607,26.4566],[88.9533,26.4516],[88.958,26.4395],[88.9529,26.4375],[88.9514,26.4292],[88.9338,26.4363],[88.9392,26.4315],[88.9314,26.428],[88.9353,26.4137],[88.9113,26.4121],[88.9259,26.4015],[88.9248,26.3903],[88.9159,26.3833],[88.928,26.3811],[88.9177,26.3747],[88.9199,26.3699],[88.9266,26.3683],[88.9264,26.3625],[88.9352,26.3676],[88.9377,26.3629],[88.9518,26.3594],[88.9568,26.368],[88.9655,26.3642],[88.9536,26.349],[88.9642,26.3476],[88.9583,26.343],[88.9638,26.3327],[88.9679,26.3347],[88.9684,26.3543],[88.9914,26.3522],[88.9961,26.3425],[88.9891,26.3437],[88.9925,26.3367],[89.0037,26.3347],[89.0076,26.3286],[89,26.3248],[89.0023,26.3166],[88.9922,26.3202],[88.9919,26.3048],[89.0033,26.3018],[89.0042,26.2932],[89.0159,26.3042],[89.0236,26.2924],[89.0256,26.3087],[89.0323,26.3078],[89.0281,26.2922],[89.0333,26.2856],[89.0505,26.2867],[89.0535,26.2966],[89.0652,26.2939],[89.0695,26.2812],[89.0617,26.2781],[89.0673,26.274],[89.0697,26.2553],[89.0611,26.2582],[89.0557,26.2437],[89.0426,26.2447],[89.0378,26.25],[89.025,26.2458],[88.9896,26.248],[88.9704,26.2416],[88.9583,26.2479],[88.9349,26.2883],[88.8862,26.2914],[88.8682,26.2775],[88.8678,26.2609],[88.8787,26.2436],[88.885,26.2441],[88.8851,26.2389],[88.8468,26.2343],[88.833,26.246],[88.836,26.252],[88.8192,26.2597],[88.8204,26.2736],[88.8157,26.2798],[88.8216,26.3007],[88.7989,26.3132],[88.7616,26.3006],[88.7567,26.3197],[88.7616,26.3338],[88.7547,26.3379],[88.7492,26.3532],[88.7352,26.3551],[88.7285,26.3456],[88.7143,26.3446],[88.7105,26.3339],[88.7044,26.3344],[88.7038,26.341],[88.6966,26.3443],[88.6967,26.3631],[88.6818,26.3803],[88.7027,26.3885],[88.6893,26.3874],[88.686,26.3925],[88.6893,26.3956],[88.6781,26.3941],[88.672,26.3989],[88.6877,26.4013],[88.6874,26.4107],[88.6705,26.407],[88.6609,26.4167],[88.646,26.4182],[88.6513,26.4212],[88.6497,26.4272],[88.6246,26.4354],[88.6277,26.4471],[88.6207,26.4711],[88.5952,26.4718],[88.597,26.4494],[88.5571,26.4569],[88.5631,26.4727],[88.5522,26.4776],[88.5611,26.4889],[88.5494,26.4833],[88.5267,26.4817],[88.5221,26.4985],[88.5248,26.5061],[88.5078,26.5145],[88.4939,26.5141],[88.4904,26.5317],[88.4844,26.5315],[88.4861,26.5413],[88.4622,26.5472],[88.4566,26.5366],[88.4502,26.5359],[88.4354,26.5468],[88.4234,26.5687],[88.4154,26.6341],[88.4009,26.6269],[88.3888,26.6109],[88.3992,26.6017],[88.3903,26.603],[88.3775,26.5935],[88.3702,26.5746],[88.3731,26.5607],[88.3613,26.5478],[88.3585,26.5291],[88.3515,26.5223],[88.3526,26.512],[88.3345,26.4936],[88.3344,26.4787],[88.3411,26.4778],[88.342,26.4692],[88.3491,26.4663],[88.3559,26.4458],[88.3665,26.4701],[88.3626,26.4841],[88.3676,26.4871],[88.3913,26.4791],[88.4045,26.4854],[88.4221,26.4652],[88.4264,26.4724],[88.4375,26.4657],[88.4842,26.4605],[88.4795,26.4525],[88.488,26.4497],[88.4878,26.4444],[88.4981,26.4344],[88.4914,26.43],[88.4984,26.4258],[88.4943,26.4164],[88.5029,26.4173],[88.4964,26.4084],[88.5048,26.4028],[88.5107,26.4059],[88.5118,26.4005],[88.5065,26.3986],[88.5137,26.3868],[88.5207,26.3879],[88.5161,26.3725],[88.5252,26.3729],[88.523,26.3659],[88.5163,26.3636],[88.5248,26.3598],[88.5199,26.3522],[88.5063,26.3479],[88.5088,26.3604],[88.4903,26.3598],[88.4922,26.3515],[88.487,26.3492],[88.4779,26.3565],[88.4621,26.3598],[88.4579,26.3738],[88.4456,26.36],[88.4381,26.337],[88.4149,26.3367],[88.407,26.3304],[88.4098,26.3233],[88.4167,26.3211],[88.4161,26.316],[88.3894,26.3137],[88.3858,26.3079],[88.3659,26.2991],[88.3615,26.2885],[88.3518,26.2816],[88.3501,26.2673],[88.3539,26.2655],[88.3502,26.2532],[88.3557,26.247],[88.3519,26.2448],[88.3607,26.2402],[88.3525,26.22],[88.3332,26.2141],[88.3259,26.2073],[88.3281,26.2044],[88.3203,26.2012],[88.3099,26.2026],[88.3005,26.1958],[88.2937,26.2009],[88.2762,26.1866],[88.2542,26.1841],[88.2498,26.1893],[88.2355,26.1824],[88.2388,26.1751],[88.2275,26.1712],[88.2294,26.1673],[88.208,26.1581],[88.1987,26.1609],[88.1947,26.1539],[88.1974,26.1509],[88.1879,26.1521],[88.1804,26.1457],[88.1762,26.126],[88.1809,26.1235],[88.1756,26.1089],[88.1668,26.1052],[88.1616,26.0946],[88.1677,26.0835],[88.161,26.078],[88.1656,26.0742],[88.1718,26.0829],[88.1862,26.0687],[88.1868,26.0603],[88.1787,26.0568],[88.1813,26.0466],[88.1728,26.0456],[88.1783,26.0388],[88.1733,26.0316],[88.1852,26.0292],[88.1871,26.0241],[88.1768,26.0186],[88.1576,26.0192],[88.144,26.0118],[88.1468,26.0007],[88.125,25.9772],[88.1287,25.9669],[88.1183,25.9586],[88.1208,25.9503],[88.1135,25.9358],[88.0937,25.9296],[88.0868,25.9125],[88.091,25.9021],[88.0994,25.898],[88.0926,25.8936],[88.1084,25.8896],[88.1033,25.8844],[88.1153,25.8498],[88.1029,25.8414],[88.1111,25.8381],[88.1046,25.8258],[88.1111,25.8133],[88.1202,25.8102],[88.1171,25.7967],[88.1416,25.7939],[88.1469,25.7861],[88.1441,25.7788],[88.1517,25.7738],[88.1647,25.7866],[88.1748,25.7845],[88.1863,25.7988],[88.1948,25.7987],[88.2085,25.7854],[88.2204,25.7981],[88.2338,25.7948],[88.2389,25.8068],[88.2475,25.8035],[88.2517,25.8106],[88.263,25.8119],[88.2699,25.8081],[88.2756,25.7968],[88.2718,25.7799],[88.2925,25.7716],[88.2933,25.7665],[88.3193,25.7507],[88.3261,25.7351],[88.36,25.7257],[88.3614,25.7179],[88.3786,25.7126],[88.375,25.6949],[88.3922,25.6912],[88.3948,25.6818],[88.4065,25.6825],[88.4071,25.6693],[88.4567,25.6605],[88.4582,25.6279],[88.4505,25.6205],[88.4506,25.6025],[88.4464,25.597],[88.4585,25.5963],[88.4726,25.5811],[88.5,25.5813],[88.4966,25.5578],[88.5104,25.5423],[88.5199,25.5437],[88.5233,25.5331],[88.5299,25.5412],[88.5337,25.5401],[88.5343,25.5315],[88.5409,25.5309],[88.5429,25.5066],[88.5533,25.5177],[88.5734,25.5065],[88.598,25.5039],[88.6094,25.5132],[88.6101,25.5067],[88.6246,25.4953],[88.648,25.495],[88.6507,25.4915],[88.6451,25.4892],[88.6498,25.477],[88.6597,25.4798],[88.665,25.4707],[88.6989,25.47],[88.7101,25.4793],[88.7111,25.497],[88.7388,25.5022],[88.7448,25.4948],[88.743,25.486],[88.7506,25.4919],[88.7691,25.4923],[88.7728,25.4992],[88.7628,25.5084],[88.7629,25.5213],[88.7822,25.5127],[88.798,25.5217],[88.8104,25.5198],[88.8146,25.4871],[88.8319,25.4854],[88.8391,25.4696],[88.8368,25.4623],[88.8421,25.4534],[88.8287,25.4409],[88.837,25.4251],[88.8318,25.4232],[88.831,25.4131],[88.8169,25.4082],[88.8259,25.404],[88.8278,25.3979],[88.8388,25.3982],[88.845,25.392],[88.8405,25.3852],[88.8437,25.3624],[88.8568,25.3591],[88.8609,25.3523],[88.8718,25.3481],[88.8722,25.3383],[88.8886,25.3225],[88.8912,25.3333],[88.9065,25.3356],[88.9112,25.3217],[88.9256,25.3036],[88.937,25.3112],[88.9448,25.3018],[88.9562,25.3078],[88.976,25.3021],[88.983,25.3059],[88.9893,25.2958],[89.0078,25.2973],[89.0113,25.2924],[89.007,25.2753],[88.9855,25.2794],[88.9733,25.2666],[88.9566,25.2593],[88.9512,25.2413],[88.9589,25.2196],[88.9489,25.2134],[88.9349,25.2182],[88.9357,25.2026],[88.9459,25.2008],[88.9474,25.184],[88.9433,25.1808],[88.9363,25.1872],[88.9298,25.185],[88.923,25.1671],[88.9144,25.1701],[88.9127,25.1796],[88.8976,25.1845],[88.8909,25.1854],[88.8899,25.1801],[88.8769,25.1811],[88.8738,25.1908],[88.8665,25.1908],[88.8658,25.2012],[88.8533,25.2009],[88.8449,25.2112],[88.8316,25.2062],[88.83,25.1964],[88.8174,25.1872],[88.8147,25.1756],[88.8038,25.1723],[88.7778,25.1804],[88.773,25.191],[88.7591,25.1863],[88.752,25.1778],[88.7471,25.1854],[88.7353,25.1883],[88.7324,25.2006],[88.7092,25.2096],[88.6822,25.2101],[88.6704,25.2007],[88.6412,25.2077],[88.6139,25.2054],[88.606,25.1972],[88.5914,25.194],[88.5908,25.1863],[88.58,25.1794],[88.5658,25.1777],[88.5586,25.1794],[88.5593,25.1941],[88.5451,25.1961],[88.5357,25.1905],[88.5367,25.2008],[88.5009,25.2054],[88.4997,25.2117],[88.4777,25.2133],[88.4715,25.1979],[88.4458,25.1963],[88.4448,25.1768],[88.4584,25.1648],[88.4626,25.142],[88.4592,25.1351],[88.4428,25.1263],[88.4483,25.0838],[88.4529,25.0793],[88.4365,25.0502],[88.4391,25.0437],[88.4529,25.0409],[88.4538,25.0356],[88.4472,25.0327],[88.4365,25.0065],[88.4244,25.0069],[88.4136,24.9936],[88.4174,24.974],[88.4085,24.9758],[88.3975,24.9691],[88.3936,24.9619],[88.4015,24.9457],[88.3845,24.9378],[88.3685,24.9442],[88.3634,24.9514],[88.3556,24.9425],[88.3417,24.939],[88.3346,24.9243],[88.3362,24.9178],[88.3263,24.9159],[88.3263,24.9107],[88.3358,24.8985],[88.3458,24.8982],[88.3479,24.8922],[88.3345,24.8711],[88.3251,24.8659],[88.3282,24.8695],[88.3227,24.8816],[88.3153,24.8808],[88.3043,24.8704],[88.3004,24.8851],[88.2794,24.8873],[88.2774,24.8957],[88.271,24.8893],[88.2688,24.8771],[88.2638,24.8755],[88.2673,24.902],[88.2636,24.9183],[88.228,24.9594],[88.18,24.9539],[88.1793,24.949],[88.171,24.9497],[88.1547,24.9334],[88.1397,24.9361],[88.1406,24.9173],[88.1706,24.8902],[88.1597,24.8909],[88.155,24.8866],[88.1625,24.8794],[88.1622,24.8679],[88.1756,24.861],[88.1642,24.8561],[88.1625,24.8485],[88.1476,24.8502],[88.135,24.8318],[88.1361,24.8053],[88.131,24.806],[88.1225,24.8216],[88.1074,24.8045],[88.1059,24.7794],[88.0898,24.7825],[88.0809,24.7708],[88.0706,24.7694],[88.0748,24.7594],[88.0673,24.7498],[88.0738,24.7412],[88.0647,24.7214],[88.0106,24.6667],[88.0462,24.6374],[88.1038,24.5489],[88.1479,24.5056],[88.1758,24.4903],[88.2,24.4606],[88.2601,24.4465],[88.2752,24.4387],[88.2957,24.4143],[88.333,24.3832],[88.3668,24.3729],[88.3919,24.3721],[88.4269,24.382],[88.4484,24.377],[88.477,24.3599],[88.4983,24.3531],[88.5072,24.3447],[88.5287,24.3442],[88.555,24.2965],[88.5681,24.3266],[88.5863,24.3259],[88.589,24.3153],[88.604,24.3109],[88.6078,24.3166],[88.6233,24.3156],[88.6298,24.3061],[88.65,24.3106],[88.6518,24.3067],[88.6588,24.3139],[88.6735,24.3152],[88.7025,24.3107],[88.7228,24.2969],[88.7347,24.2752],[88.7378,24.2603],[88.732,24.1974],[88.7172,24.2002],[88.711,24.1767],[88.6995,24.166],[88.6989,24.1544],[88.7066,24.1448],[88.7102,24.1189],[88.6976,24.1182],[88.6947,24.1134],[88.7,24.0949],[88.7216,24.0995],[88.7256,24.0959],[88.7224,24.0658],[88.7376,24.0594],[88.7233,24.0525],[88.7354,24.0466],[88.7392,24.0346],[88.7378,24.0138],[88.7294,24.0051],[88.7272,23.9945],[88.7587,24.0082],[88.771,23.9848],[88.7416,23.9847],[88.735,23.9782],[88.7338,23.9601],[88.7405,23.9529],[88.7423,23.9359],[88.733,23.9297],[88.7315,23.913],[88.7021,23.9129],[88.7038,23.8988],[88.6921,23.8997],[88.6854,23.889],[88.6669,23.884],[88.6636,23.8699],[88.6586,23.8681],[88.6294,23.8618],[88.618,23.8756],[88.6038,23.8644],[88.5912,23.8707],[88.576,23.8598],[88.5755,23.8543],[88.5869,23.8508],[88.5877,23.8344],[88.6017,23.8169],[88.5867,23.8123],[88.5922,23.8007],[88.582,23.7962],[88.5803,23.788],[88.5593,23.7841],[88.5788,23.7653],[88.5747,23.7363],[88.5642,23.7148],[88.5738,23.6677],[88.5679,23.6643],[88.5617,23.6421],[88.5685,23.6376],[88.5924,23.6366],[88.5903,23.6148],[88.5809,23.6007],[88.599,23.6035],[88.6022,23.5981],[88.6449,23.6081],[88.6387,23.5933],[88.6485,23.5843],[88.6592,23.5527],[88.6843,23.539],[88.6954,23.5175],[88.7165,23.5079],[88.7274,23.5083],[88.7429,23.4808],[88.755,23.4781],[88.7596,23.486],[88.7705,23.4798],[88.7707,23.4927],[88.7794,23.4977],[88.7985,23.4949],[88.7948,23.4831],[88.7996,23.4772],[88.7884,23.4649],[88.7914,23.4422],[88.7802,23.4358],[88.7653,23.4428],[88.7574,23.419],[88.76,23.4059],[88.7531,23.3977],[88.7529,23.3896],[88.7623,23.3618],[88.7336,23.3463],[88.7367,23.3263],[88.7463,23.3196],[88.7461,23.3098],[88.74,23.3066],[88.727,23.3168],[88.7228,23.299],[88.7145,23.3007],[88.7097,23.3086],[88.6974,23.2965],[88.6977,23.291],[88.7082,23.2879],[88.7159,23.2737],[88.7237,23.2696],[88.7189,23.2599],[88.7211,23.252],[88.7471,23.2374],[88.7574,23.2349],[88.7682,23.2395],[88.7837,23.2185],[88.7967,23.2156],[88.8141,23.2166],[88.808,23.2434],[88.809,23.2498],[88.8179,23.251],[88.8309,23.2447],[88.8226,23.2327],[88.8378,23.2379],[88.8528,23.2246],[88.8667,23.2296],[88.8809,23.2263],[88.9135,23.23],[88.9193,23.2249],[88.9143,23.2112],[88.9192,23.2083],[88.9287,23.2126],[88.9518,23.2025],[88.9796,23.2221],[88.9947,23.2124],[88.9867,23.2048],[88.9897,23.1981],[88.9824,23.1904],[88.982,23.1813],[88.9723,23.1906],[88.9616,23.1899],[88.954,23.1758],[88.9373,23.1683],[88.9314,23.1386],[88.9227,23.1395],[88.9209,23.1261],[88.908,23.1215],[88.8975,23.1061],[88.8858,23.1056],[88.8811,23.0983],[88.8696,23.0954],[88.8665,23.0689],[88.8793,23.0395],[88.872,23.0184],[88.8734,23.0043],[88.8702,23.0016],[88.8532,23.007],[88.8467,23.0024],[88.868,22.9896],[88.8687,22.9688],[88.8615,22.9552],[88.8954,22.9505],[88.897,22.9267],[88.9139,22.9186],[88.9034,22.9039],[88.9093,22.8774],[88.9326,22.868],[88.946,22.8774],[88.9676,22.8425],[88.9584,22.7942],[88.935,22.7833],[88.9192,22.7617],[88.9208,22.7339],[88.9389,22.7088],[88.9592,22.6912],[88.9473,22.6599],[88.9319,22.6456],[88.9203,22.6669],[88.9056,22.6791],[88.8654,22.6647],[88.864,22.694],[88.8589,22.697],[88.8493,22.6932],[88.848,22.709],[88.8096,22.7107],[88.8087,22.7507],[88.818,22.7496],[88.8128,22.7424],[88.8257,22.7376],[88.8342,22.7455],[88.8394,22.7349],[88.8471,22.744],[88.8473,22.7517],[88.8325,22.7539],[88.8468,22.7501],[88.84,22.7356],[88.8352,22.7468],[88.8266,22.7387],[88.8149,22.7423],[88.8203,22.7494],[88.8089,22.7534],[88.8058,22.7336],[88.8087,22.7097],[88.847,22.7067],[88.8483,22.6908],[88.8613,22.6942],[88.8572,22.6775],[88.8638,22.6637],[88.8859,22.6667],[88.9018,22.6766],[88.9103,22.675],[88.9301,22.641],[88.9326,22.6187],[88.9573,22.6179],[88.9577,22.6108],[88.937,22.5942],[88.9376,22.5699],[88.8958,22.5631],[88.8787,22.5447],[88.8689,22.5458],[88.8671,22.5234],[88.859,22.5195],[88.8553,22.5106],[88.8428,22.5079],[88.8446,22.5009],[88.8588,22.4992],[88.8653,22.4875],[88.8575,22.4836],[88.8567,22.475],[88.8511,22.475],[88.855,22.4689],[88.8519,22.4558],[88.8596,22.4456],[88.8524,22.4328],[88.8245,22.4361],[88.8296,22.4472],[88.8142,22.4564],[88.8116,22.4814],[88.7717,22.5134],[88.7842,22.525],[88.7657,22.5342],[88.7621,22.5505],[88.7664,22.5608],[88.761,22.5502],[88.7643,22.5343],[88.7703,22.53],[88.7644,22.5278],[88.7828,22.5247],[88.7689,22.5136],[88.7504,22.517],[88.7338,22.5109],[88.71,22.5289],[88.7011,22.5256],[88.7019,22.5306],[88.6909,22.5242],[88.6913,22.5341],[88.6823,22.5374],[88.6823,22.5438],[88.6736,22.55],[88.6742,22.5664],[88.6809,22.5774],[88.6774,22.5935],[88.679,22.5784],[88.6728,22.5673],[88.6722,22.5494],[88.6811,22.5437],[88.6809,22.5364],[88.6899,22.5334],[88.6902,22.523],[88.7078,22.5277],[88.7339,22.5099],[88.7523,22.5156],[88.7776,22.5069],[88.7797,22.4926],[88.7992,22.4614],[88.8025,22.4434],[88.8194,22.4303],[88.8483,22.4306],[88.856,22.4059],[88.8525,22.3922],[88.8461,22.3883],[88.8494,22.3842],[88.8528,22.3867],[88.8608,22.3653],[88.8763,22.3553],[88.8492,22.3645],[88.8331,22.3592],[88.8189,22.3636],[88.8026,22.329],[88.8105,22.3166],[88.8031,22.296],[88.8047,22.2832],[88.7927,22.2762],[88.7908,22.2597],[88.7721,22.2513],[88.7684,22.2427],[88.7619,22.243],[88.7436,22.2292],[88.7496,22.2202],[88.7464,22.2031],[88.74,22.2147],[88.7428,22.2],[88.7336,22.1956],[88.7015,22.2096],[88.6812,22.2092],[88.6656,22.2175],[88.6525,22.2112],[88.635,22.2164],[88.6379,22.2257],[88.6581,22.2394],[88.6676,22.267],[88.6847,22.2934],[88.6789,22.3231],[88.6906,22.3267],[88.6711,22.3258],[88.6661,22.339],[88.676,22.3171],[88.6792,22.2939],[88.6604,22.2659],[88.6568,22.2501],[88.6309,22.2221],[88.6321,22.214],[88.6393,22.2081],[88.6664,22.208],[88.6725,22.2012],[88.6647,22.1854],[88.6395,22.1575],[88.6404,22.1435],[88.6327,22.1366],[88.6297,22.1453],[88.6314,22.1358],[88.6193,22.1088],[88.6098,22.1079],[88.6102,22.1172],[88.5989,22.1297],[88.6048,22.1595],[88.5831,22.1697],[88.5825,22.1805],[88.5738,22.1889],[88.5775,22.1985],[88.5727,22.1891],[88.5808,22.1813],[88.5848,22.1659],[88.6034,22.1591],[88.5977,22.1302],[88.6091,22.1163],[88.6072,22.1072],[88.62,22.1045],[88.6276,22.0537],[88.6367,22.0453],[88.6178,22.0211],[88.6039,22.0233],[88.6009,22.0269],[88.6064,22.0477],[88.5967,22.0633],[88.6017,22.0736],[88.5966,22.0673],[88.605,22.0476],[88.5999,22.0236],[88.6144,22.0197],[88.5987,21.9747],[88.5994,21.9622],[88.615,21.9364],[88.6111,21.9317],[88.6014,21.9353],[88.6108,21.9258],[88.6067,21.9131],[88.5783,21.8894],[88.5728,21.9056],[88.5814,21.9164],[88.5803,21.9239],[88.5864,21.9281],[88.5792,21.9247],[88.58,21.9167],[88.5725,21.9072],[88.5503,21.9214],[88.5436,21.97],[88.5564,21.9728],[88.5678,21.9589],[88.5582,21.9729],[88.5462,21.9735],[88.5409,21.9602],[88.5488,21.9387],[88.5488,21.9218],[88.5705,21.9036],[88.5619,21.8989],[88.5462,21.9058],[88.5406,21.9039],[88.5478,21.8812],[88.5389,21.8711],[88.5378,21.858],[88.5281,21.8531],[88.4945,21.8786],[88.5073,21.9033],[88.5218,21.9137],[88.5255,21.9302],[88.5207,21.9437],[88.4942,21.9584],[88.4937,21.9671],[88.5191,21.9882],[88.5366,21.9789],[88.5427,21.9813],[88.5566,22.0232],[88.5546,22.0357],[88.5553,22.0228],[88.5417,21.982],[88.5368,21.9801],[88.5248,21.9891],[88.5171,21.9886],[88.5002,21.9786],[88.4914,21.9662],[88.4953,21.9551],[88.522,21.9387],[88.5207,21.9154],[88.4832,21.91],[88.4736,21.8953],[88.4556,21.8999],[88.4622,21.9228],[88.4529,21.9395],[88.4702,21.9589],[88.4459,21.966],[88.4494,21.984],[88.4437,21.9912],[88.4505,22.0072],[88.4609,22.0116],[88.4504,22.0092],[88.4485,21.9982],[88.4416,21.9911],[88.448,21.9845],[88.4453,21.9642],[88.4648,21.9619],[88.4691,21.9573],[88.4513,21.9415],[88.4585,21.9188],[88.433,21.9028],[88.4197,21.9066],[88.4147,21.8902],[88.4087,21.8853],[88.4025,21.8847],[88.3847,21.8992],[88.4078,21.9195],[88.3942,21.9368],[88.3988,21.9531],[88.3739,21.9653],[88.3943,21.9707],[88.3758,21.9697],[88.3744,21.9628],[88.3981,21.9522],[88.3928,21.9369],[88.4064,21.9198],[88.3828,21.9007],[88.3975,21.8853],[88.3938,21.8523],[88.3858,21.8394],[88.3923,21.8132],[88.3907,21.799],[88.3816,21.7916],[88.364,21.7978],[88.3636,21.8086],[88.3547,21.8235],[88.3549,21.8557],[88.3657,21.8727],[88.3706,21.8961],[88.3565,21.9243],[88.35,21.9274],[88.361,21.9171],[88.3692,21.8966],[88.3633,21.8709],[88.3532,21.8569],[88.3257,21.8622],[88.3089,21.8564],[88.3013,21.8614],[88.3098,21.8777],[88.3006,21.8613],[88.262,21.8587],[88.256,21.8704],[88.2701,21.885],[88.2664,21.8836],[88.2549,21.8713],[88.2581,21.8594],[88.2782,21.8556],[88.2993,21.8594],[88.3138,21.8473],[88.3056,21.8303],[88.2766,21.8217],[88.2591,21.8079],[88.2636,21.788],[88.2822,21.7613],[88.2701,21.7671],[88.2564,21.7828],[88.2517,21.8019],[88.2543,21.7833],[88.2827,21.7576],[88.272,21.7305],[88.2631,21.7318],[88.2709,21.743],[88.2728,21.7558],[88.2172,21.7644],[88.2181,21.7772],[88.2092,21.8019],[88.1633,21.8794],[88.1772,21.9261],[88.1538,21.9596],[88.1785,21.9818],[88.2078,22.0225],[88.2239,22.0753],[88.2231,22.0981],[88.2031,22.1669],[88.1881,22.1867],[88.1656,22.1989],[88.1325,22.2022],[88.1167,22.2092],[88.0697,22.2119],[88.085,22.2356],[88.0886,22.2628],[88.1031,22.2883],[88.105,22.3047],[88.0887,22.3031],[88.0786,22.2842],[88.0753,22.2528],[88.0492,22.22],[88.0261,22.2225],[87.9853,22.2453],[87.9587,22.2847],[87.9575,22.3577],[87.9464,22.4061],[87.9275,22.4203],[87.9233,22.435],[87.8954,22.4344],[87.8838,22.4416],[87.8808,22.4381],[87.8939,22.4242],[87.9125,22.4217],[87.9297,22.4036],[87.9417,22.3681],[87.943,22.3619],[87.9389,22.3611],[87.9436,22.355],[87.9367,22.3561],[87.947,22.3497],[87.9436,22.3483],[87.9481,22.3464],[87.9472,22.3331],[87.9364,22.3167],[87.94,22.33],[87.9308,22.3333],[87.9364,22.3261],[87.9328,22.31],[87.94,22.2603],[87.9707,22.2377],[87.9808,22.2164],[88.0086,22.2014],[88.0231,22.1994],[88.0347,22.2094],[88.05,22.205],[88.0731,22.1872],[88.09,22.1858],[88.1028,22.1919],[88.1356,22.1847],[88.1933,22.1128],[88.1889,22.0992],[88.1562,22.0648],[88.0622,22.0131],[88.0269,22.0478],[88.0336,22.0575],[88.0319,22.0639],[87.9984,22.0896],[87.9919,22.1025],[87.9634,22.1035],[87.9604,22.0956],[87.9817,22.0988],[88.0086,22.0731],[88.0178,22.0403],[88.0531,22.0103],[88.0358,21.9814],[87.9806,21.8583],[87.9397,21.82],[87.9292,21.8006],[87.8989,21.795],[87.8992,21.7892],[87.8898,21.7935],[87.8944,21.7831],[87.8775,21.7647],[87.87,21.7603],[87.8847,21.7794],[87.8308,21.7342],[87.8095,21.706],[87.7897,21.695],[87.7533,21.6997],[87.7503,21.6867],[87.7397,21.6783],[87.6897,21.6575],[87.65,21.6486],[87.6425,21.6517],[87.6436,21.66],[87.6301,21.6467],[87.5638,21.6334],[87.553,21.6361],[87.5453,21.6289],[87.482,21.6087],[87.4821,21.6259],[87.4678,21.6457],[87.4586,21.6449],[87.4604,21.6571],[87.4649,21.6586],[87.4708,21.7072],[87.4608,21.7205],[87.4652,21.7264],[87.4429,21.7291],[87.4514,21.7324],[87.4433,21.7421],[87.4437,21.7609],[87.4248,21.7657],[87.3952,21.7624],[87.391,21.7704],[87.3833,21.7709],[87.3701,21.7601],[87.3678,21.7746],[87.3574,21.7772],[87.3521,21.7857],[87.3445,21.786],[87.3367,21.7792],[87.3327,21.7872],[87.3173,21.7857],[87.318,21.7906],[87.3092,21.7889],[87.3061,21.7939],[87.2966,21.7953],[87.2928,21.8055],[87.2806,21.7992],[87.2735,21.802],[87.2738,21.8117],[87.2624,21.8139],[87.2676,21.8215],[87.2553,21.8439],[87.2476,21.8482],[87.2448,21.8564],[87.249,21.8665],[87.2348,21.8956],[87.2394,21.9068],[87.2524,21.9178],[87.2354,21.9337],[87.2322,21.9404],[87.2348,21.9544],[87.2096,21.9574],[87.1951,21.9536],[87.1674,21.9734],[87.1606,21.9624],[87.1564,21.9289],[87.1368,21.918],[87.1142,21.9222],[87.0935,21.9079],[87.0885,21.8951],[87.0961,21.8863],[87.0946,21.8603],[87.0302,21.8653],[87.02,21.8858],[87.0048,21.8955],[86.9979,21.9075],[87.0055,21.9407],[87.0343,21.9892],[87.0223,22.0121],[87.026,22.0287],[87.0176,22.0413],[86.9952,22.0458],[86.9572,22.0834],[86.9088,22.0864],[86.8479,22.0984],[86.8417,22.0918],[86.832,22.0951],[86.8233,22.1129],[86.8062,22.1142],[86.808,22.1238],[86.7971,22.1261],[86.8005,22.1459],[86.7903,22.1539],[86.7522,22.144],[86.7154,22.1435],[86.7169,22.1638],[86.7128,22.1783],[86.7228,22.2152],[86.7478,22.208],[86.767,22.2113],[86.7752,22.2146],[86.7728,22.2303],[86.78,22.2317],[86.7922,22.2238],[86.7912,22.2203],[86.7825,22.2254],[86.776,22.2138],[86.7836,22.2117],[86.7914,22.2175],[86.8001,22.2136],[86.8099,22.238],[86.8014,22.2386],[86.7976,22.234],[86.7928,22.2387],[86.7903,22.2628],[86.8006,22.2619],[86.7964,22.2499],[86.7996,22.241],[86.809,22.2465],[86.8119,22.2639],[86.8163,22.2493],[86.8228,22.2613],[86.8413,22.2571],[86.8507,22.2605],[86.8584,22.2544],[86.8857,22.2521],[86.8862,22.2941],[86.8407,22.3138],[86.8292,22.3246],[86.8289,22.3415],[86.8409,22.369],[86.8382,22.3786],[86.8439,22.3961],[86.8184,22.4123],[86.7623,22.4252],[86.7454,22.4757],[86.7533,22.4801],[86.7892,22.4745],[86.798,22.484],[86.791,22.4936],[86.7986,22.4988],[86.7896,22.5076],[86.7897,22.5204],[86.7828,22.5244],[86.7841,22.5442],[86.7645,22.5506],[86.7674,22.5609],[86.7599,22.5724],[86.706,22.5804],[86.6728,22.5724],[86.6517,22.5758],[86.6483,22.5916],[86.6343,22.5973],[86.6367,22.6551],[86.6179,22.6734],[86.5912,22.6886],[86.5808,22.689],[86.5393,22.7207],[86.5337,22.7166],[86.51,22.7161],[86.5066,22.7015],[86.4877,22.7233],[86.479,22.7224],[86.454,22.7596],[86.4439,22.7586],[86.4162,22.7765],[86.4126,22.7864],[86.418,22.7898],[86.4216,22.8088],[86.4339,22.8286],[86.4328,22.8605],[86.4469,22.8588],[86.447,22.8834],[86.463,22.8966],[86.4485,22.9019],[86.4324,22.9158],[86.4328,22.9234],[86.4582,22.933],[86.458,22.9388],[86.4704,22.9495],[86.4845,22.9343],[86.4894,22.9441],[86.4958,22.9413],[86.4966,22.9475],[86.5184,22.9443],[86.5266,22.9609],[86.5385,22.9619],[86.5403,22.9872],[86.5122,22.9663],[86.4999,22.9685],[86.5076,22.9728],[86.4973,22.9831],[86.4974,22.9899],[86.4452,22.9851],[86.4406,22.9901],[86.4163,22.9948],[86.393,22.9742],[86.3836,22.9801],[86.3804,22.9907],[86.3695,22.9943],[86.3632,22.9927],[86.36,22.9967],[86.3516,22.9949],[86.3505,22.9892],[86.3413,22.9933],[86.3322,22.9889],[86.3122,22.9952],[86.3021,23.0034],[86.2983,23.0133],[86.294,23.0081],[86.2794,23.0107],[86.2613,22.9955],[86.2064,22.9941],[86.2002,23.0097],[86.2044,23.0132],[86.1756,23.013],[86.1602,23.0391],[86.1537,23.0372],[86.15,23.0409],[86.1483,23.0527],[86.1346,23.0629],[86.1366,23.0831],[86.1157,23.0936],[86.1048,23.0889],[86.0918,23.0908],[86.081,23.1043],[86.07,23.1014],[86.048,23.1087],[86.0442,23.1119],[86.0484,23.1292],[86.0369,23.1436],[86.0284,23.1457],[86.018,23.1405],[86.0026,23.1462],[85.9819,23.1459],[85.9516,23.1382],[85.9438,23.1295],[85.9258,23.1307],[85.9215,23.1259],[85.915,23.1295],[85.9004,23.1481],[85.8773,23.1587],[85.8772,23.173],[85.8575,23.1944],[85.8324,23.1926],[85.8264,23.2631],[85.8337,23.2807],[85.8615,23.3033],[85.8608,23.315],[85.878,23.3237],[85.8716,23.3302],[85.873,23.3569],[85.8663,23.3648],[85.8853,23.3738],[85.8957,23.3706],[85.8943,23.3797],[85.8825,23.3811],[85.8848,23.3873],[85.8773,23.4004],[85.8817,23.4037],[85.8785,23.408],[85.8629,23.41],[85.8595,23.451],[85.866,23.4702],[85.8741,23.4762],[85.8913,23.476],[85.9439,23.4546],[86.0056,23.4827],[86.0472,23.4936],[86.0509,23.5016],[86.0328,23.5048],[86.0327,23.518],[86.0185,23.5424],[86.0211,23.5455],[86.0108,23.5516],[86.011,23.5612],[86.0353,23.5751],[86.0374,23.5835],[86.0714,23.5785],[86.0728,23.5682],[86.1194,23.5739],[86.1267,23.5668],[86.1448,23.5678],[86.1533,23.5516],[86.1429,23.5273],[86.1546,23.5192],[86.1551,23.5042],[86.1452,23.494],[86.1455,23.4731],[86.1723,23.4785],[86.1791,23.4751],[86.1788,23.4677],[86.221,23.456],[86.2253,23.4699],[86.2387,23.4697],[86.2247,23.4357],[86.2311,23.4295],[86.2395,23.4317],[86.2432,23.4196],[86.2531,23.4249],[86.2467,23.4342],[86.2785,23.4411],[86.2824,23.4275],[86.3,23.4201],[86.3142,23.4283],[86.3123,23.4373],[86.3058,23.4362],[86.3001,23.4437],[86.3262,23.4576],[86.3314,23.4472],[86.3404,23.4524],[86.3379,23.4611],[86.3518,23.4636],[86.349,23.4725],[86.3555,23.4816],[86.3719,23.4827],[86.3706,23.4903],[86.3586,23.4896],[86.3537,23.4964],[86.3569,23.5129],[86.365,23.5154],[86.3677,23.5226],[86.3597,23.5307],[86.358,23.5431],[86.3648,23.5571],[86.3829,23.572],[86.3809,23.5844],[86.3894,23.5888],[86.4062,23.588],[86.4104,23.598],[86.4273,23.6103],[86.4396,23.6091],[86.4399,23.6296],[86.4664,23.6296],[86.4813,23.635],[86.5287,23.629],[86.5906,23.6622],[86.588,23.6691],[86.5916,23.6712],[86.6244,23.6728],[86.6938,23.6945],[86.711,23.6972],[86.7317,23.6938],[86.7381,23.6776],[86.792,23.6874],[86.7957,23.6935],[86.7909,23.6985],[86.8045,23.7399],[86.8161,23.7448],[86.8198,23.7611],[86.8167,23.7762],[86.7977,23.7977],[86.801,23.8133],[86.7928,23.8314],[86.8037,23.8307],[86.8093,23.8141],[86.8208,23.8113],[86.8444,23.8219],[86.857,23.8395],[86.8712,23.8442],[86.8769,23.8135],[86.8823,23.8145],[86.8877,23.8222],[86.8802,23.8422],[86.8823,23.8566],[86.8754,23.8575],[86.8753,23.8624],[86.895,23.88],[86.9069,23.8795],[86.9242,23.8659],[86.9254,23.8538],[86.9364,23.8449],[86.9512,23.8459],[86.9596,23.8623],[86.9669,23.8653],[86.9801,23.8564],[87.0021,23.8525],[87.0344,23.8368],[87.0569,23.8163],[87.0845,23.8053],[87.0957,23.8095],[87.1059,23.7995],[87.1161,23.8048],[87.1103,23.7991],[87.1242,23.795],[87.1392,23.8001],[87.1487,23.7944],[87.1664,23.8196],[87.1622,23.8276],[87.154,23.8257],[87.1303,23.8509],[87.1309,23.867],[87.1567,23.8649],[87.1806,23.8515],[87.1874,23.8572],[87.1957,23.8543],[87.1887,23.8463],[87.1916,23.8404],[87.2073,23.853],[87.2168,23.8509],[87.2225,23.8576],[87.2362,23.8531],[87.2317,23.8446],[87.2241,23.8427],[87.2186,23.8308],[87.2291,23.823],[87.2427,23.8262],[87.2552,23.8393],[87.2474,23.8513],[87.249,23.8658],[87.2449,23.8684],[87.2431,23.8849],[87.2482,23.907],[87.2524,23.9101],[87.2592,23.9042],[87.2563,23.8981],[87.2617,23.8782],[87.2704,23.8729],[87.2926,23.8901],[87.2907,23.8987],[87.2945,23.8986],[87.2851,23.9339],[87.2919,23.9388],[87.2918,23.9557],[87.2615,23.9662],[87.2607,23.9781],[87.268,23.9846],[87.2608,24.0029],[87.2506,23.9957],[87.2406,24.0057],[87.2327,24.0246],[87.238,24.0412],[87.2826,24.0269],[87.3324,24.031],[87.3355,24.0239],[87.3323,24.0175],[87.3242,24.0175],[87.3154,24.0044],[87.3279,23.996],[87.3481,23.9958],[87.3566,24.0092],[87.3898,24.002],[87.4003,23.9939],[87.4264,23.9903],[87.4293,23.9819],[87.4391,23.9781],[87.449,23.9843],[87.458,23.9814],[87.4584,23.9935],[87.4414,24.0032],[87.4468,24.0084],[87.4338,24.0083],[87.4485,24.0163],[87.4714,24.0109],[87.4828,24.0137],[87.4912,24.0234],[87.5014,24.0223],[87.5106,24.0398],[87.5078,24.0457],[87.4912,24.052],[87.4942,24.0627],[87.4897,24.0732],[87.4998,24.0725],[87.5058,24.0821],[87.4889,24.0882],[87.4969,24.0993],[87.4936,24.1152],[87.5169,24.111],[87.5213,24.1042],[87.5299,24.1024],[87.531,24.0949],[87.5392,24.0878],[87.5563,24.0823],[87.5702,24.0876],[87.5762,24.0853],[87.5692,24.1068],[87.5778,24.1104],[87.5817,24.1234],[87.6076,24.1289],[87.5694,24.1557],[87.5798,24.1615],[87.5956,24.1598],[87.6104,24.1649],[87.6802,24.148],[87.6925,24.1545],[87.6967,24.1753],[87.6926,24.1862],[87.6783,24.1911],[87.671,24.2057],[87.6377,24.2116],[87.643,24.2301],[87.6357,24.2425],[87.6417,24.2499],[87.6471,24.2486],[87.657,24.2354],[87.6619,24.245],[87.6814,24.2464],[87.6887,24.2556],[87.7026,24.2599],[87.7103,24.2921],[87.7272,24.2862],[87.7364,24.2889],[87.7521,24.3047],[87.7563,24.3036],[87.7645,24.3228],[87.7612,24.3333],[87.7899,24.377],[87.7975,24.3822],[87.7981,24.3908],[87.7926,24.3964],[87.81,24.4066],[87.8052,24.4181],[87.7986,24.4112],[87.7848,24.4145],[87.7922,24.4238],[87.7881,24.4321],[87.791,24.4378],[87.8069,24.4526],[87.8149,24.4513],[87.8178,24.4685],[87.8091,24.4766],[87.813,24.4851],[87.8203,24.4858],[87.8229,24.4944],[87.8102,24.4921],[87.8067,24.5106],[87.801,24.4948],[87.7952,24.4911],[87.7926,24.4972],[87.7999,24.5043],[87.8012,24.5146],[87.7975,24.5387],[87.8063,24.5452],[87.7916,24.5657],[87.7676,24.5716],[87.7694,24.5818],[87.809,24.5762],[87.8233,24.5666],[87.8245,24.5595],[87.8482,24.5511],[87.8505,24.5578],[87.8563,24.5546],[87.8659,24.5608],[87.8873,24.5627],[87.8915,24.5796],[87.9054,24.5838],[87.91,24.5939],[87.9081,24.6082],[87.8861,24.6051],[87.8727,24.6107],[87.877,24.6163],[87.8883,24.6113],[87.9016,24.6126],[87.9023,24.6259],[87.8846,24.6267],[87.8889,24.6314],[87.9063,24.6326],[87.9134,24.6586],[87.8866,24.6741],[87.8966,24.6907],[87.8988,24.7099],[87.9029,24.7099],[87.9008,24.7216],[87.8908,24.7226],[87.8778,24.7391],[87.8674,24.7294],[87.8397,24.7382],[87.8253,24.7522],[87.8139,24.7534],[87.8181,24.766],[87.8257,24.7693],[87.83,24.783],[87.8375,24.7878],[87.8352,24.7632],[87.8545,24.7643],[87.8654,24.7743],[87.8701,24.7909],[87.8767,24.7937],[87.8776,24.801],[87.8677,24.823],[87.8866,24.8197],[87.8984,24.8245],[87.8939,24.8292],[87.8978,24.8428],[87.889,24.8529],[87.9112,24.8559],[87.9665,24.8813],[87.9733,24.8965],[87.9665,24.9296],[87.9065,24.9858],[87.9034,24.9984],[87.877,25.028],[87.855,25.0462],[87.7929,25.0757],[87.7727,25.0991],[87.771,25.1523],[87.7876,25.2205],[87.8013,25.2182],[87.8366,25.1993],[87.8228,25.2343],[87.8355,25.2498],[87.8493,25.2534],[87.85,25.2673],[87.8543,25.2679],[87.8565,25.2778],[87.8504,25.2974],[87.8311,25.3022],[87.8016,25.3234],[87.7914,25.3223],[87.784,25.3324],[87.7816,25.3384],[87.7888,25.3723],[87.7767,25.3709],[87.7657,25.378],[87.7626,25.389],[87.7664,25.4035],[87.7591,25.405],[87.7598,25.4101],[87.7713,25.4116],[87.7659,25.4243],[87.7765,25.429],[87.7865,25.4487],[87.8086,25.4342],[87.8258,25.4453],[87.8256,25.4575],[87.8338,25.4588],[87.8338,25.4646],[87.8507,25.4683],[87.8635,25.4654],[87.8609,25.4861],[87.8699,25.503],[87.8814,25.5056],[87.8792,25.516],[87.8853,25.5171],[87.899,25.5043],[87.9048,25.5073],[87.903,25.5191],[87.926,25.5362],[87.9556,25.538],[87.9723,25.5232],[87.986,25.5248],[87.9878,25.5207],[87.9806,25.5159],[87.9866,25.5026],[88.0042,25.494],[88.0075,25.5104],[88.0117,25.5076],[88.0079,25.5028],[88.0157,25.5005],[88.0276,25.4861],[88.0345,25.4927],[88.0386,25.4916],[88.0366,25.4865],[88.0463,25.4826],[88.053,25.4866],[88.0704,25.4805],[88.0681,25.4968],[88.0729,25.5039],[88.0639,25.5062],[88.0689,25.513],[88.0581,25.5287],[88.0357,25.5367],[88.0379,25.5462],[88.027,25.5533],[88.0382,25.5639],[88.0253,25.5691],[88.03,25.5743],[88.021,25.5869],[88.0314,25.5875],[88.0386,25.595],[88.0297,25.6],[88.0414,25.6055],[88.035,25.6171],[88.0369,25.622],[88.0394,25.6273],[88.0543,25.6329],[88.0356,25.6368],[88.0358,25.641],[88.0429,25.639],[88.0485,25.6439],[88.0431,25.6739],[88.0508,25.6858],[88.0486,25.6906],[88.0399,25.6981],[88.0348,25.694],[88.0302,25.6988],[88.0162,25.6917],[88.0167,25.7047],[87.9972,25.7119],[87.9878,25.7237],[87.9797,25.7185],[87.961,25.7247],[87.9605,25.7321],[87.9386,25.7485],[87.9416,25.756],[87.9324,25.7713],[87.9286,25.7679],[87.9187,25.774],[87.8985,25.7698],[87.898,25.7993],[87.9031,25.8019],[87.895,25.8047],[87.8967,25.8111],[87.9031,25.8141],[87.9076,25.8094],[87.9105,25.8148],[87.8987,25.8201],[87.8939,25.8251],[87.8964,25.8291],[87.8834,25.8286],[87.8974,25.8345],[87.8973,25.8396],[87.9109,25.8517],[87.8848,25.8647],[87.8787,25.8585],[87.8653,25.8676],[87.8559,25.8647],[87.8228,25.8715],[87.8155,25.8855],[87.8203,25.8938],[87.8137,25.9],[87.8165,25.9127],[87.8107,25.914],[87.8078,25.909],[87.8036,25.9207],[87.807,25.9299],[87.8299,25.9355],[87.8239,25.9465],[87.8254,25.9587],[87.8313,25.9641],[87.826,25.9883],[87.8406,26.0198],[87.8421,26.0445],[87.8633,26.0561],[87.8752,26.0556],[87.8761,26.0662],[87.9129,26.091],[87.9225,26.0718],[87.9311,26.069],[87.9382,26.0768],[87.9379,26.0845],[87.9681,26.0814],[87.9722,26.0849],[87.9695,26.0916],[87.9544,26.1028],[87.9582,26.1088],[87.9694,26.1093],[87.9756,26.1216],[87.9571,26.1289],[87.971,26.1371],[87.9641,26.152],[87.9748,26.1529],[87.9821,26.1592],[87.996,26.1418],[88.0131,26.1409],[88.0117,26.1548],[88.0266,26.1628],[88.0374,26.1777],[88.0462,26.1779],[88.0523,26.1717],[88.0698,26.1757],[88.073,26.1854],[88.0872,26.1944],[88.0897,26.2032],[88.116,26.223],[88.1119,26.2262],[88.1388,26.2308],[88.1374,26.2438],[88.1444,26.2528],[88.1769,26.2617],[88.1834,26.2747],[88.1945,26.2741],[88.2143,26.2817],[88.2246,26.2894],[88.2269,26.304],[88.2318,26.3104],[88.2365,26.3054],[88.2482,26.3265],[88.2611,26.3379],[88.2686,26.337],[88.2724,26.3305],[88.2763,26.3325],[88.2817,26.3398],[88.2793,26.3464],[88.2919,26.3539],[88.2819,26.3601],[88.274,26.3773],[88.2676,26.3812],[88.2549,26.3745],[88.2376,26.3754],[88.2304,26.394],[88.2554,26.4159],[88.2683,26.4179],[88.2679,26.4218],[88.2522,26.4338],[88.2434,26.4493],[88.229,26.4472],[88.2153,26.4657],[88.2211,26.4668],[88.2262,26.4763],[88.2132,26.4778],[88.2148,26.4697],[88.1938,26.472],[88.1916,26.4831],[88.179,26.4906],[88.1939,26.508],[88.2064,26.5101],[88.2067,26.515],[88.2334,26.5324],[88.2312,26.552],[88.2154,26.5573],[88.2139,26.5508],[88.2208,26.5463],[88.2097,26.5407],[88.2146,26.5356],[88.1905,26.5443],[88.1824,26.5429],[88.1787,26.5309],[88.1683,26.5374],[88.1654,26.5216],[88.1477,26.5166],[88.1454,26.511],[88.1322,26.5126],[88.105,26.5358],[88.1141,26.5448],[88.108,26.5504],[88.108,26.5606],[88.1159,26.5579],[88.1159,26.5723],[88.1215,26.5678],[88.1202,26.5743],[88.1255,26.5719],[88.128,26.5773],[88.1327,26.5733],[88.1325,26.601],[88.1418,26.6065],[88.1446,26.6255],[88.163,26.6363],[88.17,26.6989],[88.1847,26.7192],[88.1905,26.7714],[88.1802,26.8033],[88.1815,26.8162],[88.1743,26.829],[88.1768,26.8331],[88.1702,26.8371],[88.1761,26.8652],[88.1594,26.885],[88.1537,26.8842],[88.1389,26.8984],[88.1486,26.9204],[88.123,26.9501],[88.1259,26.9696],[88.1375,26.9853],[88.1208,26.9871],[88.1018,27.0034],[88.095,27.004],[88.0796,27.0351],[88.0622,27.0287],[88.0403,27.0363],[88.019,27.0732],[88.0237,27.0874],[88.0043,27.1047],[87.9942,27.1052],[87.9901,27.119],[87.9938,27.1305],[88.0099,27.143],[88.0136,27.1654],[88.022,27.1707],[88.0156,27.1782],[88.017,27.2189],[88.0329,27.221],[88.0582,27.2139],[88.075,27.2008],[88.0675,27.1903],[88.0731,27.1744],[88.0833,27.165],[88.0858,27.1415],[88.1269,27.1231]]]]}}]}